#pragma once

#include <Arduino.h>

const int START_MENU_BG_WIDTH = 320;
const int START_MENU_BG_HEIGHT = 240;

const uint16_t startMenuBackgroundBitmap[START_MENU_BG_WIDTH * START_MENU_BG_HEIGHT] PROGMEM = {
  0x0020, 0x0000, 0x0000, 0x0000, 0x0000, 0x0000, 0x0000, 0x0000, 0x0000, 0x0000, 0x0000, 0x0000,
  0x0000, 0x0841, 0x0020, 0x0000, 0x0000, 0x0861, 0x1082, 0x0000, 0x0000, 0x0000, 0x0000, 0x0000,
  0x10A2, 0x0841, 0x0000, 0x0000, 0x0841, 0x0861, 0x0000, 0x0000, 0x0020, 0x0000, 0x0000, 0x0020,
  0x0000, 0x0000, 0x0000, 0x0020, 0x0020, 0x0000, 0x0000, 0x0000, 0x0000, 0x0000, 0x0020, 0x0020,
  0x0000, 0x0000, 0x0000, 0x0000, 0x0000, 0x0000, 0x0000, 0x0000, 0x0000, 0x0000, 0x0000, 0x0000,
  0x0000, 0x0000, 0x0000, 0x0000, 0x0000, 0x0000, 0x0000, 0x0000, 0x0000, 0x1082, 0x0841, 0x0000,
  0x0000, 0x0000, 0x0841, 0x0841, 0x0000, 0x0000, 0x0000, 0x0000, 0x0000, 0x0000, 0x0000, 0x0000,
  0x0000, 0x0000, 0x0000, 0x0000, 0x0000, 0x0000, 0x0000, 0x0000, 0x0000, 0x0000, 0x0000, 0x0841,
  0x0020, 0x0000, 0x0000, 0x0000, 0x0020, 0x0000, 0x0000, 0x0000, 0x0000, 0x0000, 0x0020, 0x0000,
  0x0000, 0x0000, 0x0000, 0x0000, 0x0000, 0x0000, 0x0000, 0x0000, 0x0000, 0x0000, 0x0000, 0x0000,
  0x0000, 0x0000, 0x0000, 0x0000, 0x0020, 0x0000, 0x0000, 0x0000, 0x0000, 0x0000, 0x0000, 0x0000,
  0x0020, 0x2104, 0x0020, 0x0000, 0x0000, 0x0000, 0x0000, 0x0000, 0x0000, 0x0000, 0x0000, 0x0000,
  0x0000, 0x0000, 0x0000, 0x0000, 0x0000, 0x0000, 0x0000, 0x0000, 0x0000, 0x0000, 0x0000, 0x0000,
  0x0000, 0x0000, 0x0000, 0x0020, 0x0000, 0x0000, 0x0000, 0x0000, 0x0000, 0x0000, 0x0000, 0x0000,
  0x0020, 0x0000, 0x0000, 0x0000, 0x0000, 0x0000, 0x0000, 0x0000, 0x0000, 0x0000, 0x0000, 0x0000,
  0x0000, 0x0000, 0x0000, 0x0000, 0x0000, 0x0000, 0x0000, 0x0000, 0x0000, 0x0000, 0x0000, 0x0000,
  0x0000, 0x0000, 0x0000, 0x0000, 0x0000, 0x0000, 0x0000, 0x0000, 0x0000, 0x0000, 0x0000, 0x0000,
  0x0000, 0x0000, 0x0000, 0x0000, 0x0000, 0x0000, 0x0000, 0x0000, 0x0000, 0x0000, 0x0000, 0x0000,
  0x0000, 0x0000, 0x0000, 0x0000, 0x0000, 0x0000, 0x0000, 0x0000, 0x0000, 0x0000, 0x0000, 0x0000,
  0x0000, 0x0000, 0x0000, 0x0841, 0x0000, 0x0000, 0x0000, 0x0000, 0x0000, 0x0020, 0x0000, 0x0000,
  0x0000, 0x0000, 0x0020, 0x0020, 0x0020, 0x0000, 0x0000, 0x0000, 0x0000, 0x0000, 0x0000, 0x0000,
  0x0000, 0x0841, 0x0841, 0x0000, 0x0000, 0x0000, 0x0000, 0x0000, 0x0000, 0x0000, 0x0000, 0x0000,
  0x0000, 0x0000, 0x0000, 0x0000, 0x0000, 0x0000, 0x0020, 0x0020, 0x0000, 0x0000, 0x0000, 0x0000,
  0x0020, 0x0000, 0x0000, 0x0000, 0x0000, 0x0000, 0x0000, 0x0000, 0x0000, 0x0000, 0x0000, 0x0000,
  0x0000, 0x0000, 0x0000, 0x0000, 0x0000, 0x0000, 0x0000, 0x0000, 0x0000, 0x0000, 0x0000, 0x0000,
  0x0000, 0x0000, 0x0000, 0x0000, 0x0000, 0x0841, 0x0000, 0x0000, 0x0000, 0x0000, 0x0000, 0x0000,
  0x0000, 0x0000, 0x0000, 0x0000, 0x0861, 0x0841, 0x0000, 0x0000, 0x0000, 0x0000, 0x0000, 0x0000,
  0x0000, 0x0000, 0x0000, 0x0000, 0x0000, 0x0000, 0x0000, 0x0000, 0x0000, 0x0000, 0x0000, 0x0000,
  0x0000, 0x0861, 0x1082, 0x0000, 0x0000, 0x0000, 0x0000, 0x0000, 0x1082, 0x18C3, 0x0000, 0x0020,
  0x0000, 0x0000, 0x0000, 0x0000, 0x0000, 0x0000, 0x0000, 0x0000, 0x0020, 0x0000, 0x0000, 0x0000,
  0x0000, 0x0000, 0x0000, 0x0000, 0x0000, 0x0000, 0x0000, 0x0000, 0x0000, 0x0000, 0x0000, 0x0000,
  0x0000, 0x0000, 0x0020, 0x1082, 0x0020, 0x0000, 0x0000, 0x0000, 0x0000, 0x0000, 0x0000, 0x0000,
  0x0000, 0x0000, 0x0000, 0x0000, 0x0000, 0x0020, 0x0020, 0x0000, 0x0000, 0x0000, 0x0020, 0x0020,
  0x0000, 0x0000, 0x0000, 0x0000, 0x0000, 0x0000, 0x0000, 0x0000, 0x0000, 0x0000, 0x0020, 0x0841,
  0x0000, 0x0000, 0x0000, 0x0000, 0x0000, 0x0000, 0x0000, 0x0861, 0x0841, 0x0000, 0x0000, 0x0000,
  0x0000, 0x0000, 0x0000, 0x0000, 0x0000, 0x0000, 0x0000, 0x0000, 0x0000, 0x0000, 0x0000, 0x0000,
  0x0000, 0x0000, 0x0000, 0x0000, 0x0000, 0x0000, 0x0000, 0x0000, 0x0000, 0x0000, 0x0861, 0x1082,
  0x0000, 0x0000, 0x0000, 0x0000, 0x1082, 0x0820, 0x0000, 0x0000, 0x0000, 0x0000, 0x0000, 0x0000,
  0x0000, 0x0000, 0x0000, 0x0000, 0x0000, 0x1082, 0x1082, 0x0000, 0x0000, 0x0000, 0x0000, 0x0000,
  0x0000, 0x0000, 0x0000, 0x0000, 0x0000, 0x0000, 0x0000, 0x0000, 0x0000, 0x0000, 0x0000, 0x0000,
  0x0000, 0x0000, 0x0000, 0x0000, 0x0000, 0x0000, 0x0000, 0x0000, 0x0861, 0x0861, 0x0000, 0x0841,
  0x0000, 0x0000, 0x0000, 0x0000, 0x0000, 0x0000, 0x0000, 0x0000, 0x0000, 0x0000, 0x0000, 0x0000,
  0x0000, 0x0000, 0x0000, 0x0000, 0x0000, 0x0000, 0x0000, 0x0000, 0x0000, 0x0000, 0x0000, 0x0000,
  0x0000, 0x0000, 0x0000, 0x0000, 0x0000, 0x0000, 0x0000, 0x0000, 0x0000, 0x0000, 0x0000, 0x0000,
  0x0000, 0x0000, 0x0000, 0x0000, 0x0000, 0x0000, 0x0000, 0x0000, 0x0000, 0x0000, 0x0000, 0x0000,
  0x0000, 0x0000, 0x0000, 0x0000, 0x0000, 0x0000, 0x0000, 0x0000, 0x0000, 0x0000, 0x0000, 0x0020,
  0x0000, 0x0000, 0x0000, 0x0000, 0x0000, 0x0000, 0x0000, 0x0000, 0x0000, 0x0000, 0x0841, 0x0000,
  0x0000, 0x0000, 0x0000, 0x0000, 0x0000, 0x0000, 0x0000, 0x0000, 0x0000, 0x0000, 0x0020, 0x0000,
  0x0000, 0x0000, 0x0000, 0x0000, 0x0000, 0x0000, 0x0000, 0x0000, 0x0000, 0x0000, 0x0000, 0x0000,
  0x0000, 0x0000, 0x0020, 0x0841, 0x0000, 0x0000, 0x0000, 0x0000, 0x0000, 0x0000, 0x0000, 0x0000,
  0x0000, 0x0000, 0x0000, 0x0000, 0x0000, 0x0000, 0x0000, 0x0000, 0x0000, 0x0000, 0x0000, 0x0000,
  0x0000, 0x0000, 0x0000, 0x0000, 0x0000, 0x0000, 0x0000, 0x0000, 0x0000, 0x0000, 0x0000, 0x0000,
  0x0000, 0x0000, 0x0841, 0x0020, 0x0000, 0x0000, 0x0000, 0x0000, 0x0000, 0x0000, 0x0000, 0x0000,
  0x0841, 0x0000, 0x0000, 0x0000, 0x0000, 0x0000, 0x0000, 0x0000, 0x0000, 0x0000, 0x0000, 0x0000,
  0x0000, 0x0020, 0x1082, 0x0000, 0x0000, 0x0000, 0x0000, 0x0000, 0x0000, 0x0000, 0x0000, 0x0000,
  0x0000, 0x0000, 0x0000, 0x0000, 0x0000, 0x0000, 0x0000, 0x10A2, 0x0020, 0x0000, 0x0020, 0x0000,
  0x0000, 0x0000, 0x0000, 0x0000, 0x0000, 0x0000, 0x0000, 0x0000, 0x0000, 0x0000, 0x0000, 0x0000,
  0x0020, 0x0841, 0x0000, 0x0000, 0x0000, 0x0000, 0x0000, 0x0000, 0x0000, 0x0000, 0x0841, 0x0861,
  0x0000, 0x0000, 0x0000, 0x0000, 0x0000, 0x0000, 0x0000, 0x0000, 0x0000, 0x0000, 0x0000, 0x0000,
  0x0000, 0x0000, 0x0000, 0x0000, 0x0000, 0x0000, 0x0000, 0x0000, 0x0000, 0x0000, 0x0000, 0x0000,
  0x0000, 0x0000, 0x0000, 0x0000, 0x0000, 0x0000, 0x0020, 0x0020, 0x0000, 0x0000, 0x0000, 0x0000,
  0x0000, 0x0000, 0x0000, 0x0020, 0x0000, 0x0000, 0x0000, 0x0000, 0x0000, 0x0000, 0x0000, 0x0000,
  0x0000, 0x0000, 0x0000, 0x0000, 0x0000, 0x0000, 0x0000, 0x0000, 0x0000, 0x0000, 0x0000, 0x0000,
  0x0000, 0x0000, 0x0000, 0x0000, 0x0000, 0x0000, 0x0020, 0x0020, 0x0000, 0x0000, 0x0000, 0x0000,
  0x20E3, 0x0861, 0x0000, 0x0000, 0x0000, 0x0000, 0x0000, 0x0000, 0x0000, 0x0000, 0x0000, 0x0000,
  0x0000, 0x0020, 0x0020, 0x0000, 0x0000, 0x0000, 0x0000, 0x0000, 0x0000, 0x0000, 0x0000, 0x0000,
  0x0000, 0x0020, 0x0000, 0x0000, 0x0000, 0x0000, 0x0000, 0x0000, 0x0000, 0x0000, 0x0000, 0x0000,
  0x0000, 0x0000, 0x0861, 0x0861, 0x0000, 0x0000, 0x0000, 0x0861, 0x0000, 0x0000, 0x0000, 0x0000,
  0x0000, 0x0000, 0x0000, 0x0000, 0x0000, 0x0000, 0x0000, 0x0000, 0x0000, 0x0000, 0x0000, 0x0000,
  0x0000, 0x0000, 0x0000, 0x0000, 0x0000, 0x0000, 0x0000, 0x0000, 0x0000, 0x0000, 0x0861, 0x0020,
  0x0000, 0x0000, 0x0000, 0x0000, 0x0000, 0x0000, 0x0000, 0x0000, 0x0000, 0x0020, 0x0020, 0x0000,
  0x0000, 0x0000, 0x0000, 0x0000, 0x0000, 0x0000, 0x0000, 0x0000, 0x0000, 0x0000, 0x0000, 0x0000,
  0x0821, 0x2945, 0x0820, 0x0000, 0x0000, 0x0000, 0x0000, 0x0000, 0x0000, 0x0000, 0x0000, 0x0000,
  0x0861, 0x2104, 0x0000, 0x0000, 0x0000, 0x0000, 0x0000, 0x0000, 0x0000, 0x0000, 0x0000, 0x0000,
  0x0000, 0x0000, 0x0020, 0x0000, 0x0000, 0x0000, 0x0000, 0x0000, 0x0000, 0x0000, 0x0000, 0x0841,
  0x0841, 0x0000, 0x0000, 0x0000, 0x0000, 0x0000, 0x0000, 0x0000, 0x0000, 0x0000, 0x0000, 0x0000,
  0x0000, 0x0000, 0x0000, 0x0000, 0x0000, 0x0000, 0x0020, 0x0020, 0x0000, 0x0000, 0x0000, 0x0000,
  0x0000, 0x0000, 0x0000, 0x0000, 0x0000, 0x0000, 0x0000, 0x0000, 0x0000, 0x0000, 0x0000, 0x0000,
  0x0000, 0x0000, 0x0000, 0x0000, 0x0000, 0x0000, 0x0000, 0x0000, 0x0000, 0x0000, 0x0020, 0x0000,
  0x0000, 0x0000, 0x0000, 0x0000, 0x0000, 0x0000, 0x0000, 0x0000, 0x0000, 0x0000, 0x0000, 0x0000,
  0x0000, 0x0000, 0x0000, 0x0000, 0x0000, 0x0000, 0x0000, 0x0841, 0x0020, 0x0020, 0x0861, 0x0861,
  0x0000, 0x0000, 0x0000, 0x0000, 0x0000, 0x0000, 0x0000, 0x0020, 0x0000, 0x0841, 0x0000, 0x0000,
  0x0000, 0x0000, 0x0000, 0x0000, 0x0000, 0x0861, 0x0861, 0x0841, 0x0020, 0x0000, 0x0000, 0x0000,
  0x0000, 0x0000, 0x0000, 0x0000, 0x0000, 0x0000, 0x0000, 0x0000, 0x0000, 0x0020, 0x0000, 0x0000,
  0x0000, 0x0000, 0x0000, 0x0000, 0x0000, 0x0000, 0x0000, 0x0000, 0x0000, 0x0000, 0x0000, 0x0000,
  0x0000, 0x0000, 0x0000, 0x0000, 0x0000, 0x0000, 0x0000, 0x0000, 0x0000, 0x0000, 0x0000, 0x0000,
  0x0000, 0x0000, 0x0000, 0x0000, 0x0000, 0x0000, 0x0000, 0x0000, 0x0000, 0x0000, 0x0000, 0x0000,
  0x0000, 0x0000, 0x0000, 0x0000, 0x0000, 0x0000, 0x0000, 0x0000, 0x0000, 0x0000, 0x0000, 0x0000,
  0x0000, 0x0000, 0x0000, 0x0000, 0x0000, 0x0000, 0x0000, 0x0000, 0x0000, 0x0000, 0x0841, 0x1082,
  0x0000, 0x0000, 0x0000, 0x0000, 0x0000, 0x0000, 0x0000, 0x0000, 0x0000, 0x0000, 0x0000, 0x0000,
  0x0000, 0x0000, 0x0000, 0x0000, 0x0000, 0x0000, 0x0000, 0x0841, 0x0820, 0x0000, 0x0000, 0x0000,
  0x0000, 0x0000, 0x0000, 0x0000, 0x0000, 0x0000, 0x0000, 0x0000, 0x0000, 0x0000, 0x0000, 0x0000,
  0x0000, 0x0000, 0x0000, 0x0000, 0x0000, 0x0000, 0x0000, 0x0000, 0x0020, 0x0841, 0x0000, 0x0000,
  0x0000, 0x0000, 0x0000, 0x0000, 0x0000, 0x0000, 0x0000, 0x0000, 0x0000, 0x0000, 0x0020, 0x0020,
  0x0000, 0x0000, 0x0000, 0x0000, 0x0000, 0x0000, 0x0000, 0x0000, 0x0000, 0x0000, 0x0000, 0x0000,
  0x0000, 0x0000, 0x0000, 0x0000, 0x0000, 0x0861, 0x0000, 0x0000, 0x0000, 0x0000, 0x0000, 0x0000,
  0x0000, 0x0000, 0x0000, 0x0000, 0x0000, 0x0000, 0x0000, 0x0000, 0x0000, 0x0000, 0x0000, 0x0000,
  0x0000, 0x0000, 0x0000, 0x0000, 0x0000, 0x0000, 0x0000, 0x0000, 0x1082, 0x0841, 0x0000, 0x0000,
  0x0000, 0x0000, 0x0000, 0x0000, 0x0000, 0x0000, 0x0000, 0x0000, 0x0000, 0x0861, 0x0000, 0x0000,
  0x0000, 0x0000, 0x0000, 0x0000, 0x0000, 0x0000, 0x0000, 0x0000, 0x0841, 0x1082, 0x0000, 0x0000,
  0x0000, 0x0000, 0x0000, 0x0000, 0x0000, 0x0000, 0x0000, 0x0000, 0x0000, 0x0000, 0x0020, 0x0841,
  0x18C3, 0x0000, 0x0000, 0x0000, 0x0000, 0x0000, 0x0000, 0x0000, 0x0000, 0x0000, 0x0000, 0x0000,
  0x0000, 0x0000, 0x0000, 0x0000, 0x0000, 0x0000, 0x0000, 0x0000, 0x0000, 0x0000, 0x0000, 0x0000,
  0x0000, 0x0000, 0x0841, 0x0841, 0x0020, 0x0000, 0x0000, 0x0000, 0x0000, 0x0000, 0x0000, 0x0000,
  0x0000, 0x0000, 0x0000, 0x0000, 0x0000, 0x0000, 0x0000, 0x0000, 0x0000, 0x0000, 0x0000, 0x0000,
  0x0000, 0x0000, 0x0000, 0x0000, 0x0000, 0x0000, 0x0000, 0x0000, 0x0000, 0x0020, 0x0000, 0x0000,
  0x0000, 0x0000, 0x0000, 0x0000, 0x0000, 0x0000, 0x0000, 0x0000, 0x0000, 0x0000, 0x0000, 0x0841,
  0x0000, 0x0000, 0x0000, 0x0020, 0x0020, 0x0000, 0x0000, 0x0020, 0x0000, 0x0000, 0x0000, 0x0000,
  0x0000, 0x0000, 0x0861, 0x0861, 0x0020, 0x1082, 0x0000, 0x0000, 0x0000, 0x0000, 0x0000, 0x0020,
  0x0020, 0x0020, 0x0020, 0x0020, 0x0000, 0x0000, 0x0841, 0x0841, 0x0000, 0x0000, 0x0000, 0x0000,
  0x0000, 0x0000, 0x0000, 0x0000, 0x0000, 0x0000, 0x0000, 0x0000, 0x0000, 0x0000, 0x0000, 0x0000,
  0x0000, 0x0000, 0x0000, 0x0000, 0x0000, 0x0000, 0x0000, 0x0000, 0x0000, 0x0000, 0x0000, 0x0000,
  0x0000, 0x0000, 0x0000, 0x0020, 0x0841, 0x0000, 0x0000, 0x0000, 0x0000, 0x0000, 0x0000, 0x0000,
  0x0000, 0x0000, 0x0000, 0x0000, 0x0000, 0x0000, 0x0000, 0x0000, 0x0000, 0x0000, 0x0000, 0x0000,
  0x0000, 0x0000, 0x0000, 0x0000, 0x0000, 0x0000, 0x0000, 0x0000, 0x0000, 0x0000, 0x0000, 0x0000,
  0x0000, 0x0000, 0x0000, 0x0000, 0x0000, 0x0000, 0x0020, 0x0020, 0x0000, 0x0000, 0x0000, 0x0000,
  0x0000, 0x0000, 0x0000, 0x0000, 0x0000, 0x0000, 0x0000, 0x0000, 0x0000, 0x0000, 0x0000, 0x0020,
  0x0000, 0x0841, 0x0000, 0x18C3, 0x18A2, 0x0000, 0x0000, 0x0000, 0x0000, 0x0000, 0x0000, 0x0000,
  0x0000, 0x0020, 0x0000, 0x0000, 0x0000, 0x0000, 0x0000, 0x0000, 0x0000, 0x0000, 0x0000, 0x0000,
  0x0000, 0x0000, 0x0000, 0x0000, 0x0000, 0x0000, 0x0000, 0x0000, 0x0000, 0x0000, 0x0000, 0x0000,
  0x0000, 0x0000, 0x0000, 0x0000, 0x0000, 0x0000, 0x0000, 0x0000, 0x0000, 0x0000, 0x0000, 0x0000,
  0x0000, 0x0000, 0x0000, 0x0000, 0x0000, 0x0000, 0x0000, 0x0000, 0x0000, 0x0000, 0x0000, 0x0000,
  0x0000, 0x0020, 0x0020, 0x0000, 0x0000, 0x0000, 0x0000, 0x0000, 0x0000, 0x0000, 0x0000, 0x0000,
  0x0000, 0x0000, 0x0000, 0x0000, 0x0000, 0x0000, 0x0861, 0x0020, 0x0000, 0x0000, 0x0000, 0x0000,
  0x0000, 0x0000, 0x0000, 0x0000, 0x0841, 0x0020, 0x0000, 0x18E3, 0x0841, 0x0841, 0x0000, 0x0000,
  0x0000, 0x0000, 0x0020, 0x0020, 0x0000, 0x0000, 0x0000, 0x0000, 0x0000, 0x0861, 0x1082, 0x0000,
  0x0000, 0x0000, 0x0000, 0x0000, 0x0000, 0x0000, 0x0020, 0x0000, 0x0000, 0x0000, 0x0000, 0x0000,
  0x0000, 0x1082, 0x0841, 0x0000, 0x0000, 0x0000, 0x0000, 0x0020, 0x0841, 0x0000, 0x0000, 0x0000,
  0x0000, 0x0000, 0x0000, 0x0000, 0x0000, 0x0000, 0x0000, 0x0000, 0x0000, 0x0000, 0x0000, 0x0000,
  0x0861, 0x0841, 0x0000, 0x0000, 0x0000, 0x0000, 0x0000, 0x0000, 0x0000, 0x0020, 0x0841, 0x0020,
  0x0020, 0x0000, 0x0000, 0x0000, 0x0000, 0x0020, 0x0020, 0x0000, 0x0000, 0x0000, 0x0000, 0x0000,
  0x0000, 0x0000, 0x0000, 0x0000, 0x0000, 0x0000, 0x0000, 0x0000, 0x0000, 0x0000, 0x0000, 0x0000,
  0x0000, 0x0000, 0x0861, 0x0020, 0x0000, 0x0841, 0x0000, 0x0000, 0x0000, 0x0000, 0x0000, 0x0000,
  0x0000, 0x0000, 0x0000, 0x0000, 0x0000, 0x0000, 0x0000, 0x0000, 0x0000, 0x0000, 0x0000, 0x0000,
  0x0000, 0x0000, 0x0000, 0x0000, 0x0000, 0x0000, 0x0000, 0x0000, 0x0000, 0x0000, 0x0020, 0x0000,
  0x0000, 0x0000, 0x0000, 0x0000, 0x0000, 0x0000, 0x0000, 0x0020, 0x0000, 0x0000, 0x0000, 0x0000,
  0x0000, 0x0000, 0x0020, 0x0020, 0x0000, 0x0000, 0x0000, 0x0000, 0x0000, 0x0000, 0x0000, 0x0000,
  0x0000, 0x0000, 0x0000, 0x0000, 0x0000, 0x0000, 0x0000, 0x0000, 0x0000, 0x0000, 0x0000, 0x0000,
  0x0000, 0x0020, 0x0000, 0x0000, 0x0000, 0x0000, 0x0000, 0x0000, 0x0000, 0x0020, 0x0841, 0x0020,
  0x0020, 0x0000, 0x0000, 0x0020, 0x0000, 0x0000, 0x0000, 0x0000, 0x0000, 0x0000, 0x0000, 0x0000,
  0x0000, 0x0000, 0x0000, 0x0000, 0x0000, 0x0000, 0x0000, 0x0000, 0x0000, 0x0861, 0x0841, 0x0000,
  0x0000, 0x0000, 0x0000, 0x0000, 0x0000, 0x0000, 0x0000, 0x0000, 0x0000, 0x0000, 0x0000, 0x0000,
  0x0000, 0x0000, 0x0000, 0x0000, 0x0000, 0x0000, 0x0000, 0x0000, 0x0000, 0x0000, 0x0000, 0x0000,
  0x0000, 0x0000, 0x0000, 0x0000, 0x0000, 0x0000, 0x0000, 0x0000, 0x0000, 0x0861, 0x0000, 0x0000,
  0x0000, 0x0000, 0x0000, 0x0000, 0x0000, 0x0000, 0x0000, 0x0000, 0x0000, 0x0861, 0x0000, 0x18A2,
  0x0861, 0x0000, 0x0000, 0x0000, 0x0020, 0x0020, 0x0000, 0x0000, 0x0000, 0x0000, 0x0000, 0x0000,
  0x0000, 0x0020, 0x0000, 0x0000, 0x0000, 0x0000, 0x0000, 0x0000, 0x0000, 0x0000, 0x0000, 0x0000,
  0x0000, 0x0000, 0x0000, 0x0020, 0x0000, 0x0000, 0x0000, 0x0000, 0x0000, 0x0000, 0x0000, 0x0000,
  0x0000, 0x0000, 0x0020, 0x0020, 0x0000, 0x0020, 0x10A2, 0x0020, 0x0000, 0x0000, 0x0000, 0x0000,
  0x0000, 0x0000, 0x0000, 0x0841, 0x0841, 0x0861, 0x0000, 0x0020, 0x0020, 0x0000, 0x0000, 0x0000,
  0x0000, 0x0000, 0x0020, 0x0000, 0x0000, 0x0000, 0x0000, 0x0000, 0x0000, 0x0841, 0x0020, 0x0000,
  0x0000, 0x0000, 0x0000, 0x10A2, 0x0841, 0x0020, 0x0000, 0x0000, 0x0000, 0x0000, 0x0020, 0x0020,
  0x0000, 0x0000, 0x0000, 0x0841, 0x0000, 0x18C3, 0x2104, 0x0000, 0x0000, 0x0000, 0x0000, 0x0000,
  0x0000, 0x0000, 0x0020, 0x1082, 0x0000, 0x0000, 0x0000, 0x0000, 0x0000, 0x0841, 0x0020, 0x0000,
  0x0000, 0x0000, 0x0000, 0x0000, 0x0000, 0x0000, 0x0000, 0x0000, 0x0000, 0x0000, 0x0000, 0x0000,
  0x0000, 0x0000, 0x0000, 0x0000, 0x0000, 0x0000, 0x0000, 0x0000, 0x0841, 0x0020, 0x0000, 0x0000,
  0x0000, 0x0000, 0x0020, 0x0020, 0x0000, 0x0841, 0x0841, 0x0020, 0x0020, 0x1082, 0x0020, 0x0000,
  0x0000, 0x0000, 0x0000, 0x0000, 0x0000, 0x0000, 0x0000, 0x0020, 0x0000, 0x0000, 0x0000, 0x0000,
  0x0000, 0x0000, 0x0000, 0x0000, 0x0000, 0x0000, 0x0000, 0x0000, 0x0000, 0x0000, 0x0000, 0x0000,
  0x0841, 0x0000, 0x0841, 0x0841, 0x0000, 0x0000, 0x0000, 0x0000, 0x0000, 0x0020, 0x0841, 0x0000,
  0x0000, 0x0000, 0x0000, 0x0000, 0x0000, 0x0000, 0x0000, 0x0000, 0x0000, 0x0000, 0x0000, 0x0000,
  0x0000, 0x0000, 0x0000, 0x0000, 0x0000, 0x0000, 0x0000, 0x0000, 0x0000, 0x0000, 0x0000, 0x0000,
  0x0020, 0x0000, 0x0000, 0x0000, 0x0000, 0x0020, 0x0000, 0x0000, 0x0000, 0x0000, 0x0000, 0x0000,
  0x0000, 0x0000, 0x0000, 0x0000, 0x0000, 0x0000, 0x0000, 0x0000, 0x0000, 0x0000, 0x0000, 0x0000,
  0x0000, 0x0000, 0x0000, 0x0000, 0x0000, 0x0000, 0x0000, 0x0020, 0x0000, 0x0841, 0x0020, 0x0000,
  0x0000, 0x0000, 0x0000, 0x0000, 0x0000, 0x0000, 0x0020, 0x0020, 0x0000, 0x0000, 0x0000, 0x0020,
  0x0000, 0x0000, 0x0000, 0x0000, 0x0020, 0x0020, 0x0000, 0x0000, 0x0000, 0x0000, 0x0000, 0x0000,
  0x0000, 0x0000, 0x0000, 0x0000, 0x0000, 0x0020, 0x0020, 0x0000, 0x0000, 0x0000, 0x0000, 0x0000,
  0x0000, 0x0000, 0x0000, 0x0000, 0x0000, 0x0000, 0x0000, 0x0000, 0x0000, 0x0000, 0x0000, 0x0000,
  0x0000, 0x0000, 0x0000, 0x0000, 0x0841, 0x0020, 0x0000, 0x0000, 0x0020, 0x0000, 0x0000, 0x0000,
  0x0000, 0x0000, 0x0000, 0x0000, 0x0000, 0x0000, 0x0000, 0x0000, 0x0000, 0x0000, 0x0000, 0x0000,
  0x0000, 0x0000, 0x0000, 0x0000, 0x0000, 0x0000, 0x0000, 0x10A2, 0x0861, 0x0000, 0x0000, 0x0000,
  0x0020, 0x0861, 0x0000, 0x0000, 0x0000, 0x0000, 0x0000, 0x0000, 0x0000, 0x0000, 0x0000, 0x0000,
  0x0000, 0x0000, 0x0000, 0x0000, 0x0000, 0x0000, 0x0000, 0x0000, 0x0000, 0x0000, 0x0000, 0x0861,
  0x0020, 0x0000, 0x0000, 0x0000, 0x0000, 0x0000, 0x0000, 0x0841, 0x0000, 0x0000, 0x0020, 0x0020,
  0x0000, 0x0020, 0x18C3, 0x0841, 0x0000, 0x0020, 0x0000, 0x0000, 0x2124, 0x0861, 0x0000, 0x0841,
  0x0841, 0x1082, 0x1082, 0x0861, 0x0000, 0x0861, 0x0861, 0x0000, 0x0000, 0x0000, 0x0000, 0x0000,
  0x0000, 0x0000, 0x0000, 0x0000, 0x0861, 0x0020, 0x0020, 0x0000, 0x0000, 0x0000, 0x0000, 0x0000,
  0x0020, 0x0000, 0x0000, 0x0000, 0x0000, 0x0000, 0x0000, 0x0000, 0x0000, 0x0861, 0x0000, 0x0000,
  0x0020, 0x0000, 0x0000, 0x0000, 0x0000, 0x0000, 0x0861, 0x18E3, 0x0000, 0x0000, 0x0000, 0x0861,
  0x0000, 0x0000, 0x0000, 0x0000, 0x0841, 0x0000, 0x2104, 0x0020, 0x0021, 0x0020, 0x0020, 0x0020,
  0x0000, 0x0000, 0x0000, 0x0000, 0x0000, 0x0000, 0x0000, 0x0000, 0x0000, 0x0000, 0x0000, 0x0841,
  0x0000, 0x0000, 0x0000, 0x0000, 0x0000, 0x0000, 0x0000, 0x0000, 0x0020, 0x0020, 0x0000, 0x0020,
  0x0000, 0x0000, 0x0000, 0x0000, 0x0020, 0x0020, 0x10A2, 0x10A2, 0x0020, 0x0000, 0x0841, 0x0020,
  0x0000, 0x0000, 0x0000, 0x0000, 0x0000, 0x0841, 0x0841, 0x0000, 0x0000, 0x0000, 0x0000, 0x0020,
  0x0000, 0x0000, 0x0000, 0x0000, 0x0000, 0x0000, 0x0020, 0x0020, 0x0020, 0x0000, 0x0000, 0x0020,
  0x0020, 0x0841, 0x0000, 0x0020, 0x0000, 0x0000, 0x0020, 0x0000, 0x0000, 0x0000, 0x0000, 0x0000,
  0x0000, 0x0000, 0x0000, 0x0000, 0x0000, 0x0000, 0x0000, 0x0000, 0x0000, 0x0000, 0x0000, 0x0000,
  0x0000, 0x0000, 0x0000, 0x0000, 0x0000, 0x0000, 0x0000, 0x0000, 0x0020, 0x0000, 0x0000, 0x0000,
  0x0000, 0x0020, 0x0000, 0x0020, 0x0020, 0x0000, 0x0020, 0x0020, 0x0020, 0x0000, 0x0000, 0x0000,
  0x0000, 0x0000, 0x0000, 0x0000, 0x0000, 0x0000, 0x0000, 0x0000, 0x0000, 0x0000, 0x0000, 0x0000,
  0x0000, 0x0000, 0x0000, 0x0020, 0x0000, 0x0000, 0x0000, 0x0000, 0x0000, 0x0000, 0x0000, 0x0000,
  0x0000, 0x0020, 0x0000, 0x0000, 0x0000, 0x0000, 0x0000, 0x0000, 0x0841, 0x0000, 0x0000, 0x0000,
  0x0000, 0x0000, 0x0000, 0x0000, 0x0000, 0x0000, 0x0000, 0x0000, 0x0000, 0x0000, 0x0000, 0x0000,
  0x0000, 0x0000, 0x0000, 0x0000, 0x0000, 0x0000, 0x0000, 0x0000, 0x0000, 0x0000, 0x0000, 0x0000,
  0x0000, 0x0000, 0x0020, 0x1082, 0x0000, 0x0000, 0x0000, 0x0000, 0x0000, 0x0000, 0x0000, 0x0000,
  0x0861, 0x0841, 0x0861, 0x0000, 0x0861, 0x0020, 0x0000, 0x0000, 0x0000, 0x0000, 0x0000, 0x0000,
  0x0000, 0x0000, 0x0000, 0x0000, 0x0000, 0x0000, 0x0000, 0x0000, 0x0000, 0x0000, 0x0000, 0x0000,
  0x0000, 0x0000, 0x0000, 0x0000, 0x0000, 0x0000, 0x0861, 0x0020, 0x0000, 0x1082, 0x0000, 0x0000,
  0x0000, 0x0000, 0x0000, 0x0000, 0x0000, 0x0000, 0x0000, 0x0000, 0x0020, 0x0000, 0x0000, 0x0000,
  0x0000, 0x0000, 0x0000, 0x0000, 0x0000, 0x0000, 0x0000, 0x0000, 0x0000, 0x0000, 0x0000, 0x0000,
  0x0000, 0x0000, 0x0020, 0x18C3, 0x0000, 0x0000, 0x0000, 0x0000, 0x0000, 0x0000, 0x0000, 0x0000,
  0x0000, 0x0000, 0x0000, 0x0821, 0x1082, 0x0021, 0x0020, 0x0841, 0x0841, 0x0000, 0x0861, 0x0000,
  0x0000, 0x0020, 0x0020, 0x0000, 0x0000, 0x10A2, 0x1082, 0x0020, 0x0000, 0x0000, 0x0000, 0x0861,
  0x0861, 0x0000, 0x0000, 0x0000, 0x0000, 0x0020, 0x0020, 0x0000, 0x0861, 0x0020, 0x0000, 0x0000,
  0x0000, 0x0841, 0x0841, 0x0020, 0x0841, 0x0020, 0x0000, 0x0000, 0x0000, 0x0020, 0x0020, 0x0841,
  0x0000, 0x0000, 0x0020, 0x0841, 0x0000, 0x0000, 0x0000, 0x0000, 0x0000, 0x0861, 0x0000, 0x0000,
  0x0862, 0x0841, 0x0841, 0x0000, 0x0841, 0x0020, 0x0841, 0x0020, 0x0000, 0x0020, 0x0000, 0x0000,
  0x0000, 0x0000, 0x0000, 0x0000, 0x0000, 0x0020, 0x0841, 0x0000, 0x0000, 0x0000, 0x0000, 0x0000,
  0x0000, 0x0000, 0x0000, 0x0000, 0x0000, 0x0000, 0x0000, 0x0000, 0x0000, 0x0000, 0x0000, 0x0000,
  0x0000, 0x0000, 0x0821, 0x0841, 0x0000, 0x0000, 0x0861, 0x0020, 0x0020, 0x10A2, 0x0000, 0x0020,
  0x0000, 0x0000, 0x0000, 0x0000, 0x0000, 0x0020, 0x0861, 0x0020, 0x0000, 0x0000, 0x0000, 0x0000,
  0x0000, 0x0000, 0x0020, 0x0020, 0x0000, 0x0000, 0x0000, 0x0000, 0x0020, 0x0020, 0x0020, 0x0020,
  0x0020, 0x0000, 0x0000, 0x0000, 0x0000, 0x0000, 0x0000, 0x0000, 0x0000, 0x0000, 0x0000, 0x0000,
  0x0000, 0x0000, 0x0020, 0x0841, 0x0000, 0x0000, 0x0000, 0x0000, 0x0000, 0x0000, 0x0000, 0x0000,
  0x0000, 0x0000, 0x0000, 0x0000, 0x0000, 0x0000, 0x0000, 0x0000, 0x0000, 0x0000, 0x0000, 0x0841,
  0x0020, 0x0000, 0x0000, 0x0000, 0x0000, 0x0000, 0x0000, 0x0000, 0x0000, 0x0000, 0x0000, 0x0000,
  0x0000, 0x0000, 0x0000, 0x0000, 0x0000, 0x0000, 0x0000, 0x0841, 0x0000, 0x0000, 0x0000, 0x0000,
  0x0000, 0x0000, 0x0000, 0x0000, 0x0020, 0x0020, 0x0000, 0x0000, 0x0000, 0x0020, 0x0861, 0x0841,
  0x0000, 0x0000, 0x0000, 0x0000, 0x0020, 0x0000, 0x0000, 0x0000, 0x0000, 0x0000, 0x0000, 0x0000,
  0x0000, 0x0020, 0x0000, 0x0000, 0x0000, 0x0000, 0x0000, 0x0000, 0x0000, 0x0000, 0x0000, 0x0000,
  0x0000, 0x0000, 0x0000, 0x0000, 0x0000, 0x0000, 0x0000, 0x0000, 0x0000, 0x0000, 0x0841, 0x10A2,
  0x0000, 0x0000, 0x0000, 0x0000, 0x0000, 0x0000, 0x0000, 0x0000, 0x0000, 0x0000, 0x0000, 0x0000,
  0x0000, 0x0000, 0x0000, 0x0000, 0x0000, 0x0000, 0x0000, 0x0000, 0x0000, 0x0000, 0x0000, 0x0000,
  0x0000, 0x0000, 0x0000, 0x0000, 0x0000, 0x0000, 0x0020, 0x0000, 0x0000, 0x0000, 0x0000, 0x0000,
  0x0000, 0x0000, 0x1082, 0x0020, 0x0000, 0x0020, 0x0000, 0x0020, 0x0020, 0x0000, 0x0000, 0x0000,
  0x0000, 0x0000, 0x0000, 0x0000, 0x0020, 0x0000, 0x0000, 0x0000, 0x0000, 0x0000, 0x0000, 0x0000,
  0x0000, 0x0000, 0x0000, 0x0000, 0x0000, 0x0000, 0x0000, 0x0000, 0x0000, 0x0000, 0x0000, 0x0000,
  0x0000, 0x0000, 0x0000, 0x0000, 0x0000, 0x0000, 0x0000, 0x0000, 0x0000, 0x0000, 0x0000, 0x10A2,
  0x18A2, 0x0000, 0x0841, 0x1082, 0x0841, 0x0000, 0x0020, 0x0000, 0x0000, 0x0000, 0x0000, 0x0841,
  0x0020, 0x0020, 0x0020, 0x0000, 0x0000, 0x0000, 0x0000, 0x0020, 0x0000, 0x0000, 0x0000, 0x0000,
  0x0020, 0x0861, 0x0841, 0x0000, 0x0000, 0x0000, 0x0000, 0x0000, 0x0000, 0x0000, 0x0000, 0x0020,
  0x0841, 0x0000, 0x0000, 0x0000, 0x0000, 0x0000, 0x0000, 0x10A2, 0x0841, 0x0000, 0x0000, 0x0000,
  0x0000, 0x0000, 0x0000, 0x0000, 0x0000, 0x1082, 0x0861, 0x0000, 0x0020, 0x0861, 0x0000, 0x0020,
  0x0020, 0x0020, 0x0021, 0x0000, 0x0000, 0x1082, 0x0020, 0x0000, 0x0000, 0x0020, 0x0000, 0x0000,
  0x0000, 0x0000, 0x0020, 0x0000, 0x0000, 0x0841, 0x0020, 0x0000, 0x0000, 0x0000, 0x0000, 0x0020,
  0x0000, 0x0000, 0x0000, 0x0000, 0x0020, 0x0020, 0x0000, 0x0000, 0x0020, 0x0000, 0x0000, 0x0000,
  0x0821, 0x0000, 0x0000, 0x0000, 0x0020, 0x0861, 0x0020, 0x18E3, 0x0000, 0x0000, 0x0000, 0x0000,
  0x0000, 0x0000, 0x0861, 0x0841, 0x0000, 0x0000, 0x0000, 0x0000, 0x0000, 0x0861, 0x0841, 0x0000,
  0x0020, 0x0000, 0x0000, 0x0000, 0x0000, 0x0000, 0x0020, 0x0000, 0x0020, 0x0020, 0x0000, 0x0000,
  0x0000, 0x0000, 0x0000, 0x0841, 0x0000, 0x0000, 0x0000, 0x0000, 0x0000, 0x0000, 0x0000, 0x0000,
  0x0020, 0x0000, 0x0000, 0x0000, 0x0000, 0x0000, 0x0000, 0x0000, 0x0000, 0x0000, 0x0000, 0x0000,
  0x0020, 0x0841, 0x0000, 0x0000, 0x0000, 0x0000, 0x0000, 0x0000, 0x0020, 0x0000, 0x0000, 0x0000,
  0x18E3, 0x2945, 0x0000, 0x0000, 0x0000, 0x0000, 0x0000, 0x0000, 0x0000, 0x0000, 0x0000, 0x0000,
  0x0000, 0x0020, 0x0841, 0x0841, 0x0000, 0x0000, 0x0000, 0x0000, 0x0000, 0x0000, 0x0841, 0x0841,
  0x0841, 0x0020, 0x0020, 0x0000, 0x0000, 0x0000, 0x0020, 0x0000, 0x0000, 0x0000, 0x0000, 0x0000,
  0x0000, 0x0000, 0x0000, 0x0000, 0x0000, 0x0020, 0x0000, 0x0000, 0x0000, 0x0000, 0x0000, 0x0000,
  0x0000, 0x0000, 0x0000, 0x0000, 0x0000, 0x0000, 0x0000, 0x0000, 0x0000, 0x0020, 0x0000, 0x0000,
  0x0000, 0x0000, 0x0000, 0x0000, 0x0000, 0x0000, 0x0000, 0x0000, 0x0000, 0x0000, 0x0000, 0x0000,
  0x0000, 0x0000, 0x0000, 0x0000, 0x0000, 0x0000, 0x0000, 0x0000, 0x0000, 0x0000, 0x0000, 0x0000,
  0x0000, 0x0000, 0x0000, 0x0000, 0x0000, 0x0000, 0x0000, 0x0000, 0x0000, 0x0000, 0x0841, 0x0820,
  0x0000, 0x0841, 0x2104, 0x0000, 0x1082, 0x0861, 0x0000, 0x0000, 0x0000, 0x0000, 0x0000, 0x0000,
  0x0000, 0x0000, 0x0000, 0x0020, 0x0020, 0x0000, 0x0000, 0x0000, 0x0000, 0x0000, 0x0820, 0x0000,
  0x0000, 0x0000, 0x0000, 0x0000, 0x0841, 0x0841, 0x0000, 0x0000, 0x0000, 0x0000, 0x0000, 0x0000,
  0x0000, 0x0000, 0x0000, 0x0000, 0x0000, 0x0020, 0x0000, 0x0000, 0x0000, 0x0000, 0x0000, 0x0000,
  0x0000, 0x0000, 0x0000, 0x0000, 0x0000, 0x0000, 0x0000, 0x0000, 0x0000, 0x0000, 0x0841, 0x0841,
  0x0000, 0x0000, 0x0000, 0x0000, 0x0000, 0x0000, 0x0000, 0x0841, 0x0020, 0x0020, 0x0000, 0x0000,
  0x0000, 0x0000, 0x0000, 0x0000, 0x0000, 0x0000, 0x0000, 0x0000, 0x0000, 0x0000, 0x0000, 0x0000,
  0x0000, 0x0000, 0x0000, 0x0000, 0x0000, 0x0000, 0x0841, 0x0021, 0x0861, 0x0000, 0x0841, 0x0841,
  0x0000, 0x0000, 0x0000, 0x0020, 0x0020, 0x0020, 0x0000, 0x0000, 0x0000, 0x0000, 0x0020, 0x0000,
  0x0000, 0x0000, 0x10A2, 0x0020, 0x0020, 0x0020, 0x0000, 0x0861, 0x0021, 0x0020, 0x0841, 0x0020,
  0x0020, 0x10A2, 0x0000, 0x0000, 0x0000, 0x0020, 0x0000, 0x0841, 0x1082, 0x0000, 0x0000, 0x0000,
  0x0000, 0x0000, 0x0000, 0x0000, 0x0000, 0x0000, 0x0000, 0x0000, 0x0000, 0x0000, 0x0000, 0x0000,
  0x0841, 0x0861, 0x0000, 0x0000, 0x0000, 0x0000, 0x0000, 0x0861, 0x0861, 0x0000, 0x0000, 0x0000,
  0x0000, 0x0000, 0x0020, 0x1082, 0x0841, 0x0000, 0x0020, 0x10A2, 0x0841, 0x0021, 0x0841, 0x0000,
  0x0000, 0x0000, 0x0020, 0x0020, 0x0000, 0x0841, 0x0020, 0x0000, 0x0000, 0x0000, 0x0020, 0x0861,
  0x0000, 0x0000, 0x0000, 0x0020, 0x0020, 0x0841, 0x0000, 0x0020, 0x0000, 0x0000, 0x0000, 0x0000,
  0x0000, 0x0000, 0x0000, 0x0000, 0x0000, 0x0000, 0x0000, 0x0000, 0x0000, 0x0000, 0x0000, 0x0000,
  0x0000, 0x0000, 0x0000, 0x0000, 0x0000, 0x0000, 0x0000, 0x0000, 0x0020, 0x0020, 0x0000, 0x0000,
  0x0000, 0x0000, 0x0020, 0x0841, 0x0000, 0x0000, 0x0000, 0x0000, 0x10A2, 0x2104, 0x0000, 0x0000,
  0x0000, 0x0000, 0x0000, 0x0000, 0x0000, 0x0000, 0x0000, 0x0000, 0x0000, 0x0000, 0x0000, 0x0000,
  0x0000, 0x0000, 0x0000, 0x0000, 0x0000, 0x0000, 0x0020, 0x0020, 0x0020, 0x0000, 0x0000, 0x0000,
  0x0000, 0x0020, 0x0000, 0x0000, 0x0000, 0x0000, 0x0000, 0x0000, 0x0000, 0x0000, 0x0000, 0x0000,
  0x0000, 0x0020, 0x0000, 0x0000, 0x0000, 0x0000, 0x0000, 0x0000, 0x0000, 0x0000, 0x0000, 0x0000,
  0x0000, 0x0000, 0x0000, 0x0000, 0x0000, 0x0000, 0x0000, 0x0000, 0x0000, 0x0000, 0x0000, 0x0000,
  0x0000, 0x0000, 0x0000, 0x0000, 0x0000, 0x0000, 0x0000, 0x0000, 0x0000, 0x0000, 0x0000, 0x0000,
  0x0000, 0x0000, 0x0000, 0x0000, 0x0000, 0x0000, 0x0000, 0x0000, 0x0000, 0x0000, 0x0000, 0x0000,
  0x0000, 0x0861, 0x0841, 0x0000, 0x0020, 0x0841, 0x0020, 0x0000, 0x0000, 0x0020, 0x0841, 0x0000,
  0x0000, 0x0000, 0x0000, 0x0000, 0x0000, 0x0000, 0x0000, 0x0000, 0x0000, 0x0000, 0x0000, 0x0000,
  0x0000, 0x0000, 0x0000, 0x0000, 0x0000, 0x0000, 0x2104, 0x0841, 0x0000, 0x0000, 0x0841, 0x0000,
  0x0000, 0x0020, 0x0000, 0x0000, 0x0000, 0x0000, 0x0020, 0x0841, 0x0000, 0x0000, 0x0000, 0x0000,
  0x0000, 0x0000, 0x0000, 0x0000, 0x0000, 0x0000, 0x0000, 0x0000, 0x0000, 0x0000, 0x0000, 0x0020,
  0x0000, 0x0000, 0x0020, 0x0841, 0x0000, 0x0000, 0x0000, 0x0000, 0x0000, 0x0000, 0x0000, 0x0000,
  0x0000, 0x0000, 0x0000, 0x0000, 0x0000, 0x1082, 0x0020, 0x0000, 0x0000, 0x0000, 0x0000, 0x0000,
  0x0000, 0x0000, 0x0000, 0x0000, 0x0000, 0x0000, 0x0000, 0x0000, 0x0000, 0x0000, 0x0000, 0x0000,
  0x0000, 0x0000, 0x0020, 0x0021, 0x0000, 0x0000, 0x0000, 0x0020, 0x0000, 0x0000, 0x0000, 0x0000,
  0x0841, 0x0861, 0x0000, 0x0000, 0x0000, 0x0000, 0x0841, 0x0020, 0x1082, 0x0020, 0x0000, 0x0000,
  0x0000, 0x0820, 0x0000, 0x0020, 0x0000, 0x0000, 0x0000, 0x0861, 0x0861, 0x0020, 0x0000, 0x0000,
  0x0000, 0x0021, 0x0000, 0x0000, 0x0000, 0x0000, 0x0000, 0x0000, 0x0000, 0x0861, 0x0861, 0x0000,
  0x0000, 0x0000, 0x0000, 0x0000, 0x0000, 0x0000, 0x0841, 0x0020, 0x0000, 0x0000, 0x0020, 0x0020,
  0x0000, 0x1082, 0x0040, 0x0000, 0x0000, 0x0000, 0x0000, 0x0000, 0x0000, 0x0000, 0x0020, 0x0841,
  0x0861, 0x0000, 0x0020, 0x0841, 0x0861, 0x0861, 0x0000, 0x0841, 0x0000, 0x0020, 0x0861, 0x0841,
  0x0020, 0x0000, 0x0000, 0x0000, 0x0000, 0x0000, 0x0861, 0x1082, 0x0000, 0x0000, 0x0000, 0x0020,
  0x0000, 0x0000, 0x0000, 0x0841, 0x0000, 0x0000, 0x0000, 0x0000, 0x0000, 0x0000, 0x0000, 0x0000,
  0x0020, 0x0020, 0x0000, 0x0000, 0x0000, 0x0000, 0x0000, 0x0000, 0x0000, 0x0000, 0x0020, 0x0020,
  0x0000, 0x0000, 0x0000, 0x0000, 0x0000, 0x0000, 0x0000, 0x0000, 0x0000, 0x0000, 0x0020, 0x0020,
  0x0000, 0x0000, 0x0000, 0x0000, 0x0000, 0x0000, 0x0000, 0x0000, 0x0000, 0x0000, 0x0000, 0x0000,
  0x0000, 0x0000, 0x0000, 0x0000, 0x0000, 0x0000, 0x0020, 0x0020, 0x0000, 0x0000, 0x0000, 0x0000,
  0x0020, 0x0000, 0x0000, 0x0000, 0x0000, 0x0000, 0x0000, 0x0000, 0x0000, 0x0000, 0x0000, 0x0000,
  0x0000, 0x0000, 0x0000, 0x0000, 0x0000, 0x0000, 0x0000, 0x0000, 0x0000, 0x0000, 0x0000, 0x0000,
  0x0000, 0x0000, 0x0000, 0x0000, 0x0000, 0x0000, 0x0000, 0x0000, 0x0000, 0x0000, 0x0000, 0x0000,
  0x0000, 0x0000, 0x0000, 0x0000, 0x0000, 0x0000, 0x0000, 0x0000, 0x0000, 0x0000, 0x0000, 0x0000,
  0x0000, 0x0000, 0x0000, 0x0000, 0x0000, 0x0000, 0x0000, 0x0000, 0x0000, 0x0000, 0x0000, 0x0000,
  0x0000, 0x0000, 0x0000, 0x0000, 0x0000, 0x0000, 0x0000, 0x0000, 0x0000, 0x0841, 0x0020, 0x1082,
  0x0020, 0x0861, 0x0000, 0x0000, 0x0000, 0x0000, 0x0000, 0x0000, 0x0000, 0x0000, 0x0000, 0x0000,
  0x0000, 0x0000, 0x0000, 0x0000, 0x0000, 0x0000, 0x0000, 0x0000, 0x0000, 0x0000, 0x0000, 0x0000,
  0x0000, 0x0000, 0x0020, 0x0020, 0x0000, 0x0000, 0x0020, 0x0000, 0x0861, 0x0000, 0x0000, 0x0000,
  0x0000, 0x0020, 0x0000, 0x0861, 0x0020, 0x0000, 0x0000, 0x0000, 0x0000, 0x0000, 0x0000, 0x0000,
  0x0000, 0x0000, 0x0000, 0x0000, 0x0000, 0x0000, 0x0000, 0x0000, 0x0000, 0x0000, 0x2945, 0x1082,
  0x0000, 0x0000, 0x0000, 0x0000, 0x0000, 0x0000, 0x0000, 0x0000, 0x0020, 0x0020, 0x0000, 0x0020,
  0x0841, 0x0841, 0x0000, 0x10A2, 0x0020, 0x0000, 0x0000, 0x0000, 0x0000, 0x0000, 0x0000, 0x0000,
  0x0000, 0x0000, 0x0000, 0x0000, 0x0000, 0x0000, 0x0000, 0x0000, 0x0841, 0x0000, 0x0000, 0x0000,
  0x0000, 0x0000, 0x0841, 0x10A2, 0x0000, 0x0000, 0x0000, 0x0000, 0x0000, 0x0000, 0x0841, 0x0000,
  0x0000, 0x0000, 0x0000, 0x0000, 0x0841, 0x0020, 0x0000, 0x0000, 0x1082, 0x2945, 0x0000, 0x0861,
  0x0000, 0x0000, 0x0861, 0x0861, 0x10A2, 0x0000, 0x0000, 0x0000, 0x0000, 0x0000, 0x0861, 0x0841,
  0x0000, 0x0000, 0x0000, 0x0000, 0x0000, 0x0841, 0x0020, 0x0000, 0x0000, 0x0000, 0x0000, 0x0000,
  0x0020, 0x0020, 0x0000, 0x0000, 0x0000, 0x0841, 0x0020, 0x0020, 0x0000, 0x0841, 0x0020, 0x0000,
  0x0000, 0x0000, 0x0000, 0x0000, 0x0000, 0x0000, 0x0000, 0x0000, 0x0841, 0x0020, 0x0020, 0x0000,
  0x0000, 0x0000, 0x0020, 0x0020, 0x0020, 0x0020, 0x0000, 0x0000, 0x0000, 0x0000, 0x0000, 0x0000,
  0x0000, 0x0020, 0x0000, 0x0000, 0x0000, 0x0000, 0x0000, 0x0000, 0x0000, 0x0000, 0x0000, 0x0020,
  0x0000, 0x0000, 0x0000, 0x0000, 0x0020, 0x0000, 0x0000, 0x0000, 0x0020, 0x0841, 0x0020, 0x0000,
  0x0000, 0x0000, 0x0020, 0x0020, 0x0000, 0x0000, 0x0841, 0x0841, 0x0000, 0x0000, 0x0000, 0x0000,
  0x0000, 0x0000, 0x0000, 0x0000, 0x0000, 0x0000, 0x0000, 0x0000, 0x0000, 0x0000, 0x0000, 0x0000,
  0x0000, 0x0000, 0x0000, 0x0000, 0x0000, 0x0000, 0x0020, 0x0000, 0x0000, 0x0000, 0x0000, 0x0000,
  0x0020, 0x0000, 0x0020, 0x0000, 0x0000, 0x0000, 0x0000, 0x0000, 0x0020, 0x0000, 0x0000, 0x0000,
  0x0000, 0x0000, 0x0000, 0x0000, 0x0000, 0x0000, 0x0000, 0x0000, 0x0000, 0x0000, 0x0000, 0x0000,
  0x0000, 0x0000, 0x0000, 0x0000, 0x0000, 0x0000, 0x0000, 0x0000, 0x0000, 0x0841, 0x0000, 0x0000,
  0x0000, 0x0000, 0x0000, 0x0000, 0x0000, 0x0000, 0x0000, 0x0000, 0x0000, 0x0000, 0x0000, 0x0000,
  0x0000, 0x0000, 0x0000, 0x0000, 0x0000, 0x0000, 0x0000, 0x0020, 0x0000, 0x0000, 0x0000, 0x0000,
  0x0000, 0x0000, 0x0000, 0x0000, 0x0000, 0x0000, 0x0000, 0x0000, 0x0000, 0x0000, 0x0000, 0x0000,
  0x0000, 0x0000, 0x0000, 0x0000, 0x0000, 0x0000, 0x0000, 0x0020, 0x0000, 0x0000, 0x0000, 0x0000,
  0x0000, 0x0000, 0x0000, 0x0000, 0x0000, 0x0000, 0x0020, 0x0020, 0x0000, 0x0000, 0x0000, 0x0841,
  0x0000, 0x0000, 0x0000, 0x0000, 0x0000, 0x0000, 0x0821, 0x0020, 0x0841, 0x0000, 0x0841, 0x0020,
  0x0000, 0x0000, 0x0000, 0x0000, 0x0000, 0x0000, 0x0841, 0x0841, 0x0000, 0x0000, 0x0000, 0x1082,
  0x0841, 0x0020, 0x0000, 0x0000, 0x0020, 0x0861, 0x0000, 0x0000, 0x0000, 0x0000, 0x0020, 0x0000,
  0x0000, 0x0000, 0x0000, 0x0000, 0x0000, 0x0000, 0x0841, 0x0861, 0x0020, 0x0000, 0x0000, 0x0000,
  0x0000, 0x0020, 0x0020, 0x0000, 0x0000, 0x0000, 0x0000, 0x0020, 0x18C3, 0x0000, 0x0000, 0x0000,
  0x0000, 0x0020, 0x0020, 0x0000, 0x0020, 0x0020, 0x0000, 0x0000, 0x0000, 0x0000, 0x0000, 0x0000,
  0x0000, 0x0000, 0x0000, 0x0000, 0x2125, 0x0861, 0x0000, 0x0000, 0x0000, 0x0000, 0x0841, 0x10A3,
  0x0000, 0x0000, 0x0000, 0x0000, 0x0000, 0x0000, 0x0020, 0x0000, 0x0841, 0x0841, 0x0000, 0x0020,
  0x0000, 0x0000, 0x1082, 0x0000, 0x18C3, 0x3186, 0x0000, 0x0000, 0x0020, 0x0021, 0x0020, 0x0000,
  0x0000, 0x0000, 0x0000, 0x0000, 0x0000, 0x0000, 0x0000, 0x0020, 0x0000, 0x0000, 0x0000, 0x0861,
  0x0020, 0x0000, 0x0861, 0x0000, 0x0000, 0x0000, 0x0000, 0x0000, 0x0020, 0x0020, 0x0000, 0x0000,
  0x0000, 0x0000, 0x0000, 0x0000, 0x0000, 0x0000, 0x0000, 0x0000, 0x0000, 0x0000, 0x0020, 0x0020,
  0x0000, 0x0000, 0x0000, 0x0000, 0x0841, 0x0020, 0x0021, 0x1082, 0x0000, 0x0000, 0x0020, 0x0020,
  0x0000, 0x0000, 0x0000, 0x0000, 0x0000, 0x0000, 0x18C3, 0x0020, 0x0000, 0x0000, 0x0000, 0x0000,
  0x0000, 0x0000, 0x0000, 0x0000, 0x0000, 0x0000, 0x0861, 0x0841, 0x0000, 0x0000, 0x0000, 0x0000,
  0x0000, 0x0000, 0x0000, 0x0000, 0x0000, 0x0000, 0x0020, 0x0000, 0x0000, 0x0000, 0x0841, 0x0861,
  0x0000, 0x0000, 0x0000, 0x0000, 0x0000, 0x0000, 0x0000, 0x0000, 0x0000, 0x0000, 0x0000, 0x0000,
  0x0000, 0x0000, 0x0000, 0x0000, 0x0000, 0x0000, 0x0000, 0x0000, 0x0000, 0x0000, 0x0000, 0x0000,
  0x0000, 0x0020, 0x0020, 0x0000, 0x0000, 0x0000, 0x0000, 0x0000, 0x0861, 0x0000, 0x0000, 0x0000,
  0x0000, 0x0000, 0x0000, 0x0000, 0x0000, 0x0000, 0x0000, 0x0841, 0x0841, 0x0000, 0x0000, 0x0000,
  0x0000, 0x0000, 0x0020, 0x0000, 0x0000, 0x0000, 0x0000, 0x0000, 0x0000, 0x0000, 0x0000, 0x0000,
  0x0000, 0x0000, 0x0020, 0x0000, 0x0000, 0x0020, 0x0000, 0x0000, 0x0000, 0x0000, 0x0000, 0x0000,
  0x0000, 0x0000, 0x0000, 0x0000, 0x0000, 0x0000, 0x0000, 0x0000, 0x0841, 0x0000, 0x0000, 0x0000,
  0x0000, 0x0000, 0x0020, 0x0841, 0x0000, 0x0000, 0x0000, 0x0000, 0x0000, 0x0000, 0x0000, 0x0000,
  0x0000, 0x0841, 0x1082, 0x0000, 0x0000, 0x0000, 0x0000, 0x0000, 0x0000, 0x0000, 0x0000, 0x0000,
  0x0000, 0x0000, 0x0000, 0x0000, 0x0020, 0x1082, 0x0020, 0x0841, 0x0861, 0x0000, 0x0000, 0x0000,
  0x0000, 0x0000, 0x0861, 0x1082, 0x0000, 0x0000, 0x0000, 0x0861, 0x0020, 0x0000, 0x0000, 0x0000,
  0x0000, 0x0000, 0x0841, 0x0820, 0x10A2, 0x0000, 0x0020, 0x0000, 0x0000, 0x0000, 0x0000, 0x0000,
  0x0000, 0x0020, 0x0000, 0x0000, 0x0000, 0x0000, 0x0000, 0x0000, 0x0020, 0x0020, 0x0000, 0x0020,
  0x0861, 0x0020, 0x0000, 0x0000, 0x0000, 0x0000, 0x0861, 0x0000, 0x0000, 0x0861, 0x0000, 0x0000,
  0x0000, 0x0000, 0x0000, 0x0841, 0x0841, 0x1082, 0x0000, 0x0000, 0x0000, 0x0020, 0x0000, 0x0000,
  0x0841, 0x0000, 0x0000, 0x0020, 0x0000, 0x0000, 0x0000, 0x0000, 0x0020, 0x0000, 0x0000, 0x0000,
  0x0000, 0x0000, 0x0000, 0x0000, 0x0020, 0x0841, 0x0000, 0x0000, 0x0000, 0x0000, 0x0020, 0x0841,
  0x0020, 0x0000, 0x0020, 0x0021, 0x0000, 0x0000, 0x0020, 0x0821, 0x0000, 0x0000, 0x0000, 0x0000,
  0x0000, 0x0000, 0x0000, 0x0000, 0x0000, 0x0020, 0x0020, 0x0000, 0x0861, 0x0841, 0x18C3, 0x0020,
  0x0020, 0x0000, 0x0000, 0x0841, 0x0861, 0x0841, 0x0000, 0x0000, 0x0000, 0x0000, 0x0000, 0x0020,
  0x0021, 0x0020, 0x0000, 0x0000, 0x0020, 0x0000, 0x0000, 0x0861, 0x0020, 0x0020, 0x0841, 0x0000,
  0x0020, 0x0000, 0x0000, 0x0000, 0x0020, 0x0020, 0x0841, 0x0861, 0x0841, 0x0000, 0x0000, 0x0861,
  0x0020, 0x0000, 0x0000, 0x0000, 0x0000, 0x0000, 0x0000, 0x0000, 0x0000, 0x0000, 0x0000, 0x0020,
  0x0000, 0x0000, 0x0841, 0x0861, 0x0020, 0x0000, 0x0000, 0x0000, 0x0000, 0x0000, 0x0000, 0x0000,
  0x0000, 0x0841, 0x0020, 0x0000, 0x0000, 0x0000, 0x0000, 0x0000, 0x0000, 0x0000, 0x0000, 0x0000,
  0x0000, 0x0000, 0x0841, 0x0021, 0x0000, 0x0000, 0x0000, 0x0000, 0x0000, 0x0000, 0x0020, 0x0020,
  0x0000, 0x0000, 0x0000, 0x0000, 0x0841, 0x10A2, 0x0000, 0x0000, 0x0000, 0x0000, 0x0000, 0x0000,
  0x0000, 0x0000, 0x0000, 0x0000, 0x0000, 0x0000, 0x0000, 0x0000, 0x0020, 0x0020, 0x0020, 0x0000,
  0x0000, 0x0000, 0x0000, 0x0000, 0x0000, 0x0000, 0x0000, 0x0000, 0x0000, 0x0841, 0x0841, 0x0000,
  0x0000, 0x0000, 0x0000, 0x0000, 0x0020, 0x0841, 0x0000, 0x0000, 0x0000, 0x0000, 0x0020, 0x0000,
  0x0000, 0x0000, 0x0000, 0x0020, 0x0020, 0x0000, 0x0000, 0x0000, 0x0000, 0x0000, 0x0861, 0x0020,
  0x0000, 0x0000, 0x0000, 0x0000, 0x0000, 0x0000, 0x0000, 0x0000, 0x0000, 0x0000, 0x0000, 0x0000,
  0x0000, 0x0000, 0x0000, 0x0000, 0x0000, 0x0000, 0x0000, 0x0000, 0x0000, 0x0000, 0x0000, 0x0000,
  0x0000, 0x0000, 0x0000, 0x0000, 0x0841, 0x0000, 0x0000, 0x0000, 0x0000, 0x0000, 0x0020, 0x0841,
  0x0000, 0x0020, 0x10A2, 0x0000, 0x0000, 0x0000, 0x0000, 0x0000, 0x0000, 0x0000, 0x0020, 0x0000,
  0x0000, 0x0841, 0x0000, 0x0000, 0x0000, 0x0000, 0x0000, 0x0000, 0x0000, 0x0000, 0x0020, 0x0841,
  0x0000, 0x0861, 0x0841, 0x10A2, 0x0020, 0x0000, 0x0000, 0x0000, 0x0000, 0x0000, 0x0000, 0x0000,
  0x0000, 0x0000, 0x0000, 0x0000, 0x0000, 0x0841, 0x0020, 0x0000, 0x0000, 0x0000, 0x0000, 0x0000,
  0x0000, 0x0000, 0x0000, 0x0000, 0x0000, 0x0000, 0x0000, 0x0000, 0x0000, 0x0020, 0x0000, 0x0000,
  0x0000, 0x0000, 0x0000, 0x10A2, 0x0020, 0x0000, 0x0000, 0x0841, 0x10A2, 0x0000, 0x0020, 0x0020,
  0x0000, 0x0000, 0x0000, 0x0020, 0x1082, 0x0000, 0x0000, 0x0000, 0x0020, 0x0020, 0x0861, 0x0000,
  0x0000, 0x0020, 0x0841, 0x0000, 0x0000, 0x0000, 0x0000, 0x0000, 0x1082, 0x0020, 0x0020, 0x0000,
  0x0020, 0x0000, 0x0000, 0x0000, 0x0000, 0x0841, 0x0020, 0x0020, 0x10A2, 0x0841, 0x0000, 0x0000,
  0x0000, 0x0020, 0x0020, 0x0020, 0x0000, 0x0000, 0x0000, 0x0020, 0x0000, 0x0000, 0x1082, 0x0861,
  0x0000, 0x0000, 0x0000, 0x0000, 0x0000, 0x0000, 0x0000, 0x0000, 0x0020, 0x0000, 0x0000, 0x0020,
  0x0000, 0x0000, 0x0020, 0x0000, 0x0861, 0x0000, 0x0000, 0x0841, 0x0020, 0x0000, 0x0000, 0x0841,
  0x0841, 0x0861, 0x0861, 0x0000, 0x0020, 0x0000, 0x0000, 0x0000, 0x0861, 0x0841, 0x0020, 0x0000,
  0x0020, 0x0020, 0x0000, 0x0000, 0x0000, 0x0000, 0x0000, 0x0000, 0x0020, 0x0020, 0x0020, 0x0000,
  0x0020, 0x0000, 0x0000, 0x0020, 0x0861, 0x0020, 0x1082, 0x1082, 0x0000, 0x0000, 0x0000, 0x0000,
  0x0000, 0x0020, 0x0000, 0x0000, 0x0000, 0x0000, 0x0000, 0x0000, 0x0000, 0x0000, 0x0000, 0x0861,
  0x1082, 0x0020, 0x0000, 0x0000, 0x0000, 0x0000, 0x0841, 0x0000, 0x0000, 0x0020, 0x0000, 0x0000,
  0x0020, 0x0000, 0x0000, 0x0000, 0x0000, 0x0000, 0x0000, 0x0000, 0x0000, 0x0000, 0x0000, 0x0000,
  0x0000, 0x0000, 0x0000, 0x0000, 0x0000, 0x0000, 0x0841, 0x0000, 0x0000, 0x0000, 0x0000, 0x0000,
  0x0020, 0x0841, 0x0000, 0x0020, 0x0000, 0x0000, 0x0000, 0x0000, 0x0000, 0x0000, 0x0000, 0x0000,
  0x0000, 0x0000, 0x0000, 0x0841, 0x0841, 0x0000, 0x0000, 0x0000, 0x0000, 0x0000, 0x0000, 0x0000,
  0x0000, 0x0000, 0x0000, 0x0000, 0x0000, 0x0000, 0x0000, 0x0000, 0x0000, 0x0000, 0x0000, 0x0000,
  0x0000, 0x0020, 0x0861, 0x0020, 0x0000, 0x0000, 0x0000, 0x0000, 0x0000, 0x0000, 0x0841, 0x0000,
  0x0000, 0x1082, 0x0841, 0x0000, 0x0000, 0x0000, 0x0000, 0x0000, 0x0000, 0x0000, 0x0000, 0x0000,
  0x0000, 0x0000, 0x0000, 0x0000, 0x0000, 0x0020, 0x0020, 0x0000, 0x0000, 0x0841, 0x0000, 0x0000,
  0x0000, 0x0000, 0x0000, 0x0000, 0x0000, 0x0000, 0x0000, 0x0000, 0x0000, 0x0000, 0x0000, 0x0000,
  0x0000, 0x0000, 0x0000, 0x0000, 0x0000, 0x0000, 0x0000, 0x0000, 0x0000, 0x0000, 0x0020, 0x0000,
  0x0000, 0x0000, 0x0000, 0x0000, 0x0000, 0x0000, 0x0000, 0x0000, 0x0000, 0x0841, 0x0020, 0x0000,
  0x0000, 0x0000, 0x0000, 0x0000, 0x0020, 0x0020, 0x0020, 0x0841, 0x0000, 0x0000, 0x0000, 0x0000,
  0x0000, 0x0000, 0x0000, 0x0000, 0x0000, 0x0000, 0x0000, 0x0020, 0x0000, 0x0000, 0x0000, 0x0000,
  0x0000, 0x0020, 0x0000, 0x0841, 0x0021, 0x0000, 0x0000, 0x0000, 0x0000, 0x0000, 0x0000, 0x0020,
  0x0841, 0x0000, 0x0000, 0x0000, 0x0000, 0x0000, 0x0000, 0x0000, 0x0000, 0x0841, 0x0862, 0x0021,
  0x0841, 0x0000, 0x0000, 0x0000, 0x0000, 0x0000, 0x0000, 0x0000, 0x0000, 0x0000, 0x0000, 0x0020,
  0x0841, 0x0000, 0x0000, 0x0000, 0x0020, 0x0861, 0x0861, 0x0020, 0x0000, 0x0000, 0x0841, 0x0020,
  0x0861, 0x0000, 0x0841, 0x0020, 0x0000, 0x0841, 0x18E3, 0x0000, 0x0000, 0x0000, 0x0020, 0x0841,
  0x0000, 0x0841, 0x0000, 0x0841, 0x0862, 0x0000, 0x0000, 0x0841, 0x0841, 0x0000, 0x1082, 0x0861,
  0x0841, 0x0000, 0x0000, 0x0000, 0x0000, 0x0021, 0x0020, 0x0020, 0x0000, 0x0000, 0x0000, 0x0000,
  0x0000, 0x0000, 0x0841, 0x0000, 0x0020, 0x0020, 0x0020, 0x0000, 0x0000, 0x0861, 0x10A2, 0x0000,
  0x0000, 0x0020, 0x1082, 0x0861, 0x0000, 0x0861, 0x0020, 0x0000, 0x0020, 0x0020, 0x0000, 0x0020,
  0x0020, 0x0020, 0x1082, 0x0000, 0x0000, 0x0000, 0x0000, 0x0000, 0x0000, 0x0000, 0x0000, 0x0000,
  0x0000, 0x0000, 0x0020, 0x0000, 0x0020, 0x0000, 0x0000, 0x0000, 0x0000, 0x0000, 0x0000, 0x0000,
  0x0000, 0x0000, 0x0841, 0x0000, 0x0000, 0x0000, 0x0000, 0x0000, 0x0020, 0x0000, 0x0000, 0x0000,
  0x0000, 0x0000, 0x0000, 0x0000, 0x0000, 0x0000, 0x0000, 0x0000, 0x0000, 0x0000, 0x0000, 0x0000,
  0x0000, 0x0000, 0x0000, 0x0000, 0x0000, 0x0000, 0x0000, 0x0020, 0x0861, 0x0000, 0x0000, 0x0000,
  0x0000, 0x0000, 0x0000, 0x0000, 0x0000, 0x0000, 0x0000, 0x0000, 0x0000, 0x0000, 0x0000, 0x0000,
  0x0000, 0x0000, 0x0000, 0x0000, 0x0000, 0x0000, 0x0000, 0x0000, 0x0000, 0x0000, 0x0000, 0x0000,
  0x0000, 0x0000, 0x0000, 0x0000, 0x0000, 0x0000, 0x0000, 0x0000, 0x0000, 0x0000, 0x0000, 0x0000,
  0x0000, 0x0000, 0x0000, 0x0000, 0x0000, 0x0000, 0x0000, 0x0000, 0x0000, 0x0000, 0x0000, 0x0000,
  0x0000, 0x0000, 0x0000, 0x0000, 0x0000, 0x0000, 0x0000, 0x0000, 0x0000, 0x0000, 0x1082, 0x0841,
  0x0000, 0x0000, 0x0000, 0x0000, 0x0000, 0x0000, 0x0020, 0x0000, 0x0000, 0x0841, 0x0020, 0x0000,
  0x0000, 0x0000, 0x0000, 0x0000, 0x0000, 0x0000, 0x0000, 0x0000, 0x0000, 0x0000, 0x0000, 0x0000,
  0x0000, 0x0000, 0x0000, 0x0000, 0x0000, 0x0000, 0x0000, 0x0000, 0x0000, 0x0000, 0x0000, 0x0000,
  0x0000, 0x0841, 0x0861, 0x0000, 0x0000, 0x0000, 0x0000, 0x0000, 0x0000, 0x0000, 0x0000, 0x0000,
  0x0000, 0x0000, 0x0000, 0x0000, 0x0000, 0x0000, 0x0000, 0x0000, 0x0000, 0x0000, 0x0000, 0x0000,
  0x0000, 0x0000, 0x0000, 0x0000, 0x0000, 0x0020, 0x0841, 0x0000, 0x0000, 0x0000, 0x0020, 0x0841,
  0x0841, 0x0020, 0x0000, 0x0000, 0x0000, 0x0000, 0x0000, 0x0000, 0x0000, 0x0861, 0x10A2, 0x0000,
  0x0000, 0x0000, 0x0000, 0x0020, 0x0000, 0x0000, 0x0000, 0x0000, 0x0000, 0x0000, 0x0000, 0x0020,
  0x0020, 0x0000, 0x0841, 0x0841, 0x0000, 0x0000, 0x0000, 0x0000, 0x0020, 0x0000, 0x0000, 0x0000,
  0x0000, 0x0000, 0x0000, 0x0000, 0x0000, 0x0020, 0x0020, 0x0020, 0x0841, 0x0020, 0x0000, 0x0000,
  0x0000, 0x0000, 0x0000, 0x0000, 0x0000, 0x0000, 0x0020, 0x0020, 0x0000, 0x0000, 0x0000, 0x0000,
  0x0000, 0x0000, 0x0000, 0x0000, 0x0000, 0x0000, 0x0000, 0x0841, 0x0020, 0x0000, 0x1082, 0x1082,
  0x0841, 0x0020, 0x0000, 0x0000, 0x0000, 0x0000, 0x0000, 0x0020, 0x0000, 0x0861, 0x0000, 0x0000,
  0x0000, 0x0861, 0x0000, 0x0020, 0x0861, 0x0000, 0x0000, 0x0000, 0x0000, 0x0000, 0x0000, 0x0000,
  0x0000, 0x0861, 0x0861, 0x0000, 0x0000, 0x0000, 0x0000, 0x0000, 0x0000, 0x0000, 0x0000, 0x0000,
  0x0000, 0x1082, 0x0841, 0x0861, 0x0861, 0x0000, 0x0000, 0x0000, 0x0000, 0x0020, 0x0861, 0x0000,
  0x0000, 0x0861, 0x0020, 0x0000, 0x0000, 0x0000, 0x0000, 0x0000, 0x0000, 0x0000, 0x0861, 0x0000,
  0x0000, 0x0020, 0x0000, 0x0000, 0x0000, 0x0000, 0x1082, 0x39E7, 0x1082, 0x0000, 0x0020, 0x0020,
  0x0000, 0x0000, 0x0000, 0x0000, 0x0000, 0x0000, 0x0000, 0x0000, 0x0000, 0x0000, 0x0000, 0x0020,
  0x0841, 0x0000, 0x0000, 0x0000, 0x0020, 0x0000, 0x0000, 0x0000, 0x0020, 0x0841, 0x0841, 0x0000,
  0x0000, 0x0000, 0x0000, 0x0000, 0x0000, 0x0000, 0x0000, 0x0000, 0x0000, 0x0000, 0x0000, 0x0000,
  0x0000, 0x0000, 0x0000, 0x0000, 0x0000, 0x0000, 0x0000, 0x0000, 0x0000, 0x0000, 0x0000, 0x0000,
  0x0000, 0x0000, 0x0000, 0x0020, 0x0000, 0x0000, 0x0000, 0x0000, 0x0000, 0x0000, 0x0000, 0x0000,
  0x0000, 0x0000, 0x0000, 0x0000, 0x0000, 0x0000, 0x0000, 0x0000, 0x0000, 0x0000, 0x0000, 0x0000,
  0x0000, 0x0000, 0x0000, 0x0000, 0x0000, 0x0000, 0x0000, 0x0000, 0x0000, 0x0000, 0x0000, 0x0000,
  0x0000, 0x0000, 0x0000, 0x0000, 0x0000, 0x0000, 0x0000, 0x0000, 0x0000, 0x0000, 0x0000, 0x0000,
  0x0000, 0x0000, 0x0000, 0x0000, 0x0000, 0x0000, 0x0000, 0x0000, 0x0000, 0x0000, 0x0000, 0x0000,
  0x0000, 0x0000, 0x0000, 0x0000, 0x0000, 0x0000, 0x0000, 0x0000, 0x0000, 0x0000, 0x0000, 0x0000,
  0x0000, 0x0000, 0x0000, 0x0000, 0x0000, 0x0000, 0x0000, 0x0000, 0x0000, 0x0000, 0x0000, 0x0000,
  0x0000, 0x0000, 0x0000, 0x0000, 0x0000, 0x0000, 0x0000, 0x0000, 0x0000, 0x0020, 0x0020, 0x0000,
  0x0000, 0x0000, 0x0000, 0x0000, 0x0000, 0x0000, 0x0000, 0x0000, 0x0000, 0x0000, 0x0020, 0x0020,
  0x0000, 0x0000, 0x0000, 0x0020, 0x0020, 0x0000, 0x0000, 0x0000, 0x0000, 0x0000, 0x0000, 0x0000,
  0x0000, 0x0000, 0x0000, 0x0000, 0x0000, 0x0000, 0x0000, 0x0020, 0x0000, 0x0000, 0x0000, 0x0000,
  0x0000, 0x0000, 0x0000, 0x0000, 0x0000, 0x0000, 0x0020, 0x0000, 0x0000, 0x0000, 0x0000, 0x0000,
  0x0000, 0x0000, 0x0000, 0x0000, 0x0000, 0x0000, 0x0000, 0x0000, 0x0000, 0x0000, 0x10A2, 0x0861,
  0x0000, 0x0000, 0x0000, 0x0000, 0x0000, 0x0000, 0x0020, 0x0020, 0x0000, 0x0000, 0x0000, 0x0000,
  0x0000, 0x0000, 0x0000, 0x0000, 0x0000, 0x0020, 0x0000, 0x0841, 0x0020, 0x0000, 0x0000, 0x0000,
  0x0000, 0x0000, 0x0020, 0x0020, 0x0000, 0x0000, 0x1082, 0x0020, 0x0000, 0x0000, 0x0000, 0x0000,
  0x0000, 0x0000, 0x0000, 0x1082, 0x0841, 0x0000, 0x0000, 0x0000, 0x0000, 0x0000, 0x0000, 0x0000,
  0x0000, 0x0000, 0x0000, 0x0000, 0x0000, 0x0000, 0x0000, 0x0000, 0x0000, 0x0841, 0x0000, 0x0020,
  0x0021, 0x0000, 0x0000, 0x0000, 0x0000, 0x0000, 0x0000, 0x0000, 0x0000, 0x0861, 0x0841, 0x0020,
  0x0000, 0x0841, 0x0841, 0x0000, 0x0000, 0x0000, 0x0000, 0x0000, 0x0000, 0x0000, 0x0000, 0x1082,
  0x0020, 0x0020, 0x0841, 0x0000, 0x0000, 0x0000, 0x0000, 0x0000, 0x0000, 0x0000, 0x0020, 0x0020,
  0x0000, 0x0000, 0x0000, 0x0000, 0x0000, 0x0000, 0x0000, 0x0000, 0x0861, 0x0841, 0x0000, 0x0000,
  0x0000, 0x0000, 0x20E4, 0x4A49, 0x10A2, 0x0000, 0x0000, 0x0000, 0x0000, 0x0000, 0x0000, 0x0000,
  0x0020, 0x0841, 0x0841, 0x0020, 0x0000, 0x0000, 0x0000, 0x0841, 0x0020, 0x0000, 0x0000, 0x0000,
  0x0000, 0x0000, 0x0000, 0x0000, 0x0000, 0x0020, 0x0020, 0x0000, 0x0000, 0x0000, 0x0000, 0x0000,
  0x0000, 0x0000, 0x0000, 0x0000, 0x0000, 0x0000, 0x0000, 0x0000, 0x0000, 0x0000, 0x0000, 0x0000,
  0x0000, 0x0000, 0x0000, 0x0000, 0x0000, 0x0000, 0x0000, 0x0000, 0x0000, 0x0000, 0x0000, 0x0861,
  0x0000, 0x0000, 0x0000, 0x0000, 0x0000, 0x0000, 0x0000, 0x0000, 0x0020, 0x0000, 0x0000, 0x0000,
  0x0000, 0x0000, 0x0000, 0x0000, 0x0000, 0x0000, 0x0000, 0x0000, 0x0000, 0x0000, 0x0020, 0x0000,
  0x0000, 0x0000, 0x0000, 0x0000, 0x0000, 0x0000, 0x0000, 0x0000, 0x0000, 0x0000, 0x0000, 0x0000,
  0x0000, 0x0000, 0x0000, 0x0000, 0x0000, 0x0000, 0x0000, 0x0000, 0x0000, 0x0000, 0x0000, 0x10A2,
  0x0861, 0x0000, 0x0000, 0x0000, 0x0000, 0x0000, 0x0000, 0x0000, 0x0000, 0x0000, 0x0000, 0x0000,
  0x0000, 0x0000, 0x0000, 0x0000, 0x0000, 0x0000, 0x0000, 0x0000, 0x0000, 0x0000, 0x0000, 0x0000,
  0x0000, 0x0000, 0x0000, 0x0000, 0x0000, 0x0000, 0x0000, 0x0000, 0x0000, 0x0000, 0x0000, 0x0000,
  0x0000, 0x0000, 0x0000, 0x0000, 0x0000, 0x0000, 0x0000, 0x0000, 0x0000, 0x0000, 0x0000, 0x0000,
  0x0000, 0x0000, 0x0000, 0x0000, 0x0000, 0x0000, 0x0841, 0x0841, 0x0000, 0x0000, 0x0000, 0x0020,
  0x0000, 0x0000, 0x0000, 0x0000, 0x0000, 0x0000, 0x0020, 0x0000, 0x0000, 0x0000, 0x0000, 0x0020,
  0x0841, 0x0000, 0x0000, 0x0000, 0x0000, 0x0000, 0x0000, 0x0000, 0x0000, 0x0000, 0x0000, 0x0000,
  0x0000, 0x0000, 0x0000, 0x0000, 0x0841, 0x0841, 0x0861, 0x0000, 0x0000, 0x0000, 0x0000, 0x0000,
  0x0000, 0x0000, 0x0000, 0x0000, 0x0000, 0x0000, 0x0000, 0x0000, 0x0000, 0x0000, 0x0000, 0x0000,
  0x0000, 0x0000, 0x0000, 0x0000, 0x0000, 0x0000, 0x0000, 0x0000, 0x0000, 0x0000, 0x0000, 0x0000,
  0x0000, 0x0020, 0x0020, 0x1082, 0x0020, 0x0000, 0x0000, 0x0000, 0x0000, 0x0020, 0x0020, 0x0000,
  0x0000, 0x0000, 0x0020, 0x0000, 0x0020, 0x0020, 0x0020, 0x0841, 0x0020, 0x0000, 0x0000, 0x0000,
  0x0000, 0x0000, 0x0000, 0x0000, 0x0000, 0x0000, 0x0000, 0x0000, 0x0000, 0x0000, 0x0000, 0x0000,
  0x0000, 0x0020, 0x0841, 0x0000, 0x0000, 0x0000, 0x0000, 0x0020, 0x0000, 0x0000, 0x0000, 0x0000,
  0x0020, 0x0000, 0x0000, 0x0000, 0x0000, 0x0020, 0x0000, 0x0000, 0x0000, 0x0841, 0x0020, 0x0000,
  0x0000, 0x0000, 0x0000, 0x0000, 0x0000, 0x0000, 0x0000, 0x0000, 0x0000, 0x0020, 0x0020, 0x0000,
  0x0020, 0x0020, 0x0000, 0x0000, 0x0000, 0x0000, 0x0000, 0x0020, 0x0020, 0x0020, 0x0000, 0x0000,
  0x0000, 0x0000, 0x0000, 0x0000, 0x1082, 0x0841, 0x0020, 0x0020, 0x0000, 0x0000, 0x0000, 0x0000,
  0x0000, 0x0000, 0x0020, 0x0841, 0x0000, 0x0000, 0x0000, 0x0000, 0x0020, 0x0841, 0x0000, 0x0000,
  0x0000, 0x0000, 0x0000, 0x0000, 0x0000, 0x0000, 0x0000, 0x0000, 0x0000, 0x0000, 0x0000, 0x0000,
  0x0000, 0x0020, 0x0020, 0x0000, 0x0000, 0x0000, 0x0000, 0x0000, 0x0000, 0x0000, 0x0000, 0x0000,
  0x0000, 0x0000, 0x0000, 0x0000, 0x0000, 0x0000, 0x0000, 0x0000, 0x0000, 0x0000, 0x0000, 0x0000,
  0x0000, 0x0020, 0x0000, 0x0000, 0x0020, 0x0841, 0x0000, 0x0000, 0x0000, 0x0000, 0x0000, 0x0000,
  0x0000, 0x0000, 0x0000, 0x0020, 0x0020, 0x0000, 0x1082, 0x1082, 0x0020, 0x0000, 0x0000, 0x0000,
  0x0000, 0x0000, 0x0000, 0x0000, 0x0000, 0x0020, 0x0841, 0x0000, 0x0000, 0x0000, 0x0000, 0x0000,
  0x0000, 0x0000, 0x0000, 0x0000, 0x0000, 0x0000, 0x0000, 0x0000, 0x0000, 0x0000, 0x0000, 0x0000,
  0x0000, 0x0000, 0x0000, 0x0000, 0x0000, 0x0020, 0x0020, 0x0841, 0x0020, 0x0000, 0x0000, 0x0000,
  0x0000, 0x0000, 0x0000, 0x0000, 0x0000, 0x0000, 0x0000, 0x0000, 0x0000, 0x0000, 0x0000, 0x0000,
  0x0000, 0x0000, 0x0000, 0x0000, 0x0000, 0x0000, 0x0000, 0x0000, 0x0000, 0x0020, 0x0000, 0x0000,
  0x0000, 0x0000, 0x0000, 0x0000, 0x0000, 0x0000, 0x0000, 0x0000, 0x0000, 0x0000, 0x0000, 0x0000,
  0x0000, 0x0000, 0x0000, 0x0000, 0x0000, 0x0000, 0x0000, 0x0000, 0x0000, 0x0000, 0x0000, 0x0000,
  0x0000, 0x0000, 0x0000, 0x0000, 0x0000, 0x0000, 0x0000, 0x0000, 0x0020, 0x0000, 0x0000, 0x0000,
  0x0000, 0x0000, 0x0020, 0x0000, 0x0000, 0x0000, 0x0000, 0x0000, 0x0000, 0x0000, 0x0000, 0x0000,
  0x0000, 0x0000, 0x0000, 0x0000, 0x0000, 0x0000, 0x0841, 0x0861, 0x0000, 0x0000, 0x0000, 0x0000,
  0x0020, 0x0020, 0x0020, 0x0000, 0x0000, 0x0000, 0x0000, 0x0000, 0x0000, 0x0000, 0x0000, 0x0000,
  0x0000, 0x0000, 0x0000, 0x0000, 0x0000, 0x0020, 0x0020, 0x0000, 0x0000, 0x0000, 0x0861, 0x0841,
  0x0000, 0x0000, 0x0020, 0x0020, 0x0861, 0x0000, 0x0000, 0x0000, 0x0000, 0x10A2, 0x0861, 0x0000,
  0x0000, 0x0000, 0x0000, 0x0000, 0x0000, 0x0020, 0x0840, 0x0861, 0x0000, 0x0020, 0x0000, 0x0000,
  0x0020, 0x0020, 0x0000, 0x0840, 0x0020, 0x0000, 0x0000, 0x0000, 0x0841, 0x0841, 0x0000, 0x0861,
  0x0000, 0x0000, 0x0000, 0x0000, 0x0000, 0x0000, 0x0000, 0x0000, 0x0000, 0x0841, 0x0020, 0x0000,
  0x0000, 0x0000, 0x0000, 0x0000, 0x0000, 0x0000, 0x0020, 0x0020, 0x0020, 0x0020, 0x0000, 0x0000,
  0x0000, 0x0000, 0x0000, 0x0000, 0x0000, 0x0000, 0x0000, 0x0000, 0x0000, 0x0000, 0x0000, 0x0000,
  0x0000, 0x0000, 0x0000, 0x0000, 0x0000, 0x0000, 0x0000, 0x0020, 0x0841, 0x0000, 0x0000, 0x0000,
  0x0000, 0x0000, 0x0000, 0x0000, 0x0000, 0x0841, 0x0000, 0x0000, 0x0000, 0x0000, 0x0000, 0x0000,
  0x0000, 0x1082, 0x1082, 0x0000, 0x0000, 0x0000, 0x0000, 0x0000, 0x0000, 0x0020, 0x0000, 0x0020,
  0x0000, 0x0000, 0x0000, 0x0020, 0x0000, 0x0020, 0x0000, 0x0000, 0x0000, 0x0000, 0x0000, 0x0000,
  0x0020, 0x0020, 0x0000, 0x0000, 0x0000, 0x0000, 0x0000, 0x0000, 0x0000, 0x0000, 0x0000, 0x0000,
  0x0020, 0x0000, 0x0000, 0x0000, 0x0000, 0x0000, 0x0000, 0x0000, 0x0000, 0x0000, 0x0000, 0x0000,
  0x0000, 0x0000, 0x0000, 0x0000, 0x0000, 0x0000, 0x0000, 0x0000, 0x0000, 0x0000, 0x0000, 0x0000,
  0x0000, 0x0000, 0x0000, 0x0000, 0x0020, 0x0000, 0x0000, 0x0000, 0x0000, 0x0000, 0x0000, 0x0000,
  0x0000, 0x0020, 0x1082, 0x10A2, 0x0020, 0x0000, 0x0000, 0x0020, 0x0000, 0x0000, 0x0000, 0x0000,
  0x0000, 0x0020, 0x0020, 0x0000, 0x0000, 0x0000, 0x0000, 0x0000, 0x0000, 0x0000, 0x0000, 0x0000,
  0x0000, 0x0000, 0x0000, 0x0000, 0x0000, 0x0000, 0x0000, 0x0000, 0x0000, 0x0000, 0x0000, 0x0000,
  0x0000, 0x0000, 0x0020, 0x0000, 0x0000, 0x0000, 0x0000, 0x0000, 0x0000, 0x0000, 0x0000, 0x0841,
  0x0020, 0x0000, 0x0000, 0x0000, 0x0000, 0x0000, 0x0000, 0x0020, 0x0020, 0x0000, 0x0000, 0x0000,
  0x0000, 0x0000, 0x0000, 0x0000, 0x0000, 0x18E3, 0x1082, 0x0000, 0x0000, 0x0000, 0x0000, 0x0000,
  0x0000, 0x0000, 0x0000, 0x0000, 0x0000, 0x0000, 0x0000, 0x0000, 0x0000, 0x0000, 0x0000, 0x0000,
  0x0000, 0x0000, 0x0020, 0x0000, 0x0000, 0x0000, 0x0000, 0x0000, 0x0000, 0x0000, 0x0000, 0x0000,
  0x0000, 0x0000, 0x0000, 0x0841, 0x0841, 0x0000, 0x0000, 0x0000, 0x0000, 0x0000, 0x0000, 0x0000,
  0x0000, 0x0000, 0x0000, 0x0000, 0x0000, 0x0000, 0x0000, 0x0000, 0x0000, 0x0000, 0x0000, 0x0000,
  0x0000, 0x0000, 0x0000, 0x0000, 0x0000, 0x0000, 0x0000, 0x0000, 0x0000, 0x0000, 0x0000, 0x0000,
  0x0000, 0x0020, 0x0020, 0x0000, 0x0000, 0x0000, 0x0000, 0x0000, 0x0000, 0x0000, 0x0000, 0x0000,
  0x0000, 0x0020, 0x0020, 0x0000, 0x0000, 0x0000, 0x0841, 0x0020, 0x0000, 0x0000, 0x0000, 0x0020,
  0x0841, 0x0000, 0x0000, 0x0000, 0x0000, 0x0000, 0x0000, 0x0000, 0x0000, 0x0000, 0x0000, 0x0000,
  0x0000, 0x0000, 0x0000, 0x0000, 0x0000, 0x0020, 0x0000, 0x0000, 0x0000, 0x0000, 0x0020, 0x0000,
  0x0000, 0x0000, 0x0000, 0x0000, 0x0020, 0x0020, 0x0020, 0x0841, 0x0000, 0x0000, 0x0000, 0x0000,
  0x0000, 0x0000, 0x0000, 0x0000, 0x0000, 0x0020, 0x0000, 0x0000, 0x0000, 0x0000, 0x0000, 0x0000,
  0x0000, 0x0000, 0x0020, 0x0020, 0x0000, 0x0000, 0x0000, 0x0000, 0x0000, 0x0000, 0x0000, 0x0000,
  0x0000, 0x0000, 0x0000, 0x0000, 0x0000, 0x0000, 0x0000, 0x0000, 0x0861, 0x0020, 0x0000, 0x0000,
  0x0000, 0x0000, 0x0020, 0x0000, 0x0000, 0x0000, 0x0000, 0x0000, 0x0000, 0x0000, 0x0000, 0x0000,
  0x0000, 0x0000, 0x0000, 0x0000, 0x0020, 0x0020, 0x0000, 0x0000, 0x0000, 0x0000, 0x0000, 0x0841,
  0x0841, 0x0000, 0x0861, 0x0000, 0x0000, 0x0000, 0x0000, 0x0000, 0x0000, 0x0020, 0x0020, 0x0000,
  0x0841, 0x0020, 0x0000, 0x0000, 0x0000, 0x0000, 0x0000, 0x0000, 0x0000, 0x0020, 0x0000, 0x0000,
  0x0000, 0x0000, 0x0000, 0x0000, 0x0000, 0x0000, 0x0000, 0x0000, 0x0000, 0x0000, 0x0000, 0x0000,
  0x0000, 0x0000, 0x0000, 0x0000, 0x0000, 0x0000, 0x0000, 0x0000, 0x0000, 0x0000, 0x0000, 0x0000,
  0x0000, 0x0000, 0x0000, 0x0000, 0x0000, 0x0000, 0x0000, 0x0000, 0x0000, 0x0000, 0x0000, 0x0000,
  0x0000, 0x0000, 0x0000, 0x0000, 0x0000, 0x0000, 0x0000, 0x0000, 0x0000, 0x0000, 0x0020, 0x0020,
  0x0000, 0x0000, 0x0000, 0x0000, 0x0000, 0x0000, 0x0000, 0x0000, 0x0000, 0x0000, 0x0000, 0x0000,
  0x0000, 0x0000, 0x0000, 0x0000, 0x0000, 0x0000, 0x0000, 0x0000, 0x0000, 0x0000, 0x0000, 0x0000,
  0x0000, 0x0000, 0x0000, 0x0000, 0x0000, 0x0000, 0x0000, 0x0000, 0x0000, 0x0000, 0x0000, 0x0000,
  0x0000, 0x0000, 0x0000, 0x0000, 0x0000, 0x0000, 0x0000, 0x0000, 0x0000, 0x0020, 0x0020, 0x0000,
  0x0000, 0x0841, 0x0000, 0x0841, 0x0841, 0x0000, 0x0000, 0x0000, 0x0000, 0x0000, 0x0000, 0x0000,
  0x0000, 0x0020, 0x0020, 0x0000, 0x0000, 0x0000, 0x0000, 0x0000, 0x0000, 0x0000, 0x0000, 0x0000,
  0x0000, 0x0000, 0x0000, 0x0000, 0x0000, 0x0000, 0x0000, 0x0000, 0x0000, 0x0000, 0x0841, 0x0000,
  0x0000, 0x0000, 0x0000, 0x0000, 0x0000, 0x0000, 0x0000, 0x0000, 0x0000, 0x0000, 0x0000, 0x0841,
  0x0000, 0x0000, 0x0000, 0x0000, 0x0000, 0x0000, 0x0000, 0x0000, 0x0000, 0x0000, 0x0000, 0x0000,
  0x0000, 0x0000, 0x0000, 0x0000, 0x0000, 0x0000, 0x0000, 0x0000, 0x0000, 0x0000, 0x0000, 0x0000,
  0x0000, 0x0000, 0x0000, 0x0000, 0x0000, 0x0000, 0x0000, 0x0000, 0x0000, 0x1082, 0x0020, 0x0000,
  0x0000, 0x0000, 0x0000, 0x0000, 0x0000, 0x0000, 0x0000, 0x0000, 0x0000, 0x0000, 0x0000, 0x0000,
  0x0000, 0x0000, 0x0000, 0x0000, 0x0000, 0x0000, 0x0000, 0x0000, 0x0000, 0x0000, 0x0000, 0x0000,
  0x0000, 0x0000, 0x0000, 0x0000, 0x0000, 0x0000, 0x0020, 0x0020, 0x0020, 0x0000, 0x0000, 0x0000,
  0x0000, 0x0000, 0x0000, 0x0000, 0x0000, 0x0000, 0x0000, 0x0000, 0x0000, 0x0000, 0x0000, 0x0000,
  0x0000, 0x0000, 0x0000, 0x0000, 0x0841, 0x0000, 0x0000, 0x0000, 0x0000, 0x0000, 0x0000, 0x0000,
  0x0000, 0x0861, 0x10A2, 0x0000, 0x0000, 0x0000, 0x0000, 0x0020, 0x0000, 0x0000, 0x0000, 0x0020,
  0x0000, 0x0000, 0x0000, 0x0000, 0x0000, 0x0000, 0x0000, 0x0000, 0x0000, 0x0000, 0x0000, 0x0000,
  0x0000, 0x0000, 0x0000, 0x0000, 0x0861, 0x0020, 0x0000, 0x0000, 0x0000, 0x0000, 0x0000, 0x0000,
  0x0000, 0x0000, 0x0000, 0x0000, 0x0000, 0x0000, 0x0000, 0x0000, 0x0000, 0x0000, 0x0000, 0x0020,
  0x0020, 0x0000, 0x0000, 0x0000, 0x0841, 0x0000, 0x0020, 0x0020, 0x0020, 0x0000, 0x1082, 0x0020,
  0x0000, 0x0020, 0x0020, 0x0000, 0x0020, 0x0861, 0x0841, 0x0000, 0x0000, 0x0000, 0x0000, 0x0000,
  0x0000, 0x0020, 0x0000, 0x0000, 0x0000, 0x0000, 0x0000, 0x0000, 0x0841, 0x0020, 0x0000, 0x0000,
  0x0000, 0x0000, 0x0000, 0x0000, 0x0000, 0x0000, 0x0000, 0x0000, 0x0000, 0x0000, 0x0000, 0x0000,
  0x0000, 0x0000, 0x0020, 0x0000, 0x0000, 0x0000, 0x0000, 0x0861, 0x1082, 0x0000, 0x0020, 0x1082,
  0x0000, 0x0020, 0x0020, 0x0000, 0x0000, 0x0000, 0x0020, 0x0841, 0x0000, 0x0000, 0x0000, 0x0000,
  0x0000, 0x0000, 0x0000, 0x0000, 0x0020, 0x0000, 0x0000, 0x0000, 0x0000, 0x0000, 0x0000, 0x0000,
  0x0000, 0x0000, 0x0000, 0x0000, 0x0000, 0x0000, 0x0000, 0x0000, 0x0000, 0x0000, 0x10A2, 0x0020,
  0x0000, 0x0000, 0x0000, 0x0000, 0x0000, 0x0000, 0x0000, 0x0000, 0x0000, 0x0000, 0x0000, 0x0000,
  0x0000, 0x0000, 0x0000, 0x0000, 0x0000, 0x0000, 0x0000, 0x0000, 0x0000, 0x0000, 0x0000, 0x0000,
  0x0000, 0x0000, 0x0000, 0x0000, 0x0000, 0x0000, 0x0000, 0x0000, 0x0000, 0x18C3, 0x0841, 0x0000,
  0x0000, 0x0000, 0x0000, 0x0000, 0x0000, 0x0000, 0x0000, 0x0000, 0x0000, 0x0000, 0x0000, 0x0000,
  0x0000, 0x0841, 0x0861, 0x0020, 0x0000, 0x0000, 0x0000, 0x0000, 0x0000, 0x0000, 0x0020, 0x0841,
  0x0000, 0x0000, 0x0000, 0x0000, 0x0000, 0x0000, 0x0000, 0x0000, 0x0000, 0x0000, 0x0000, 0x0000,
  0x0000, 0x0000, 0x0000, 0x0000, 0x0000, 0x0000, 0x0000, 0x0000, 0x0000, 0x0000, 0x0000, 0x0000,
  0x0000, 0x0000, 0x0000, 0x0000, 0x0000, 0x0000, 0x0000, 0x0000, 0x0000, 0x0000, 0x0000, 0x0000,
  0x0000, 0x0000, 0x0000, 0x0841, 0x0000, 0x0000, 0x0841, 0x0841, 0x0000, 0x0000, 0x0841, 0x0020,
  0x0000, 0x0000, 0x0000, 0x0000, 0x0000, 0x0020, 0x0000, 0x0000, 0x0000, 0x0000, 0x0000, 0x0000,
  0x0000, 0x0000, 0x0000, 0x0000, 0x0000, 0x0020, 0x0000, 0x0000, 0x0000, 0x0000, 0x0000, 0x0000,
  0x0000, 0x0000, 0x0000, 0x0000, 0x0000, 0x0000, 0x0000, 0x0000, 0x0000, 0x0000, 0x0000, 0x0000,
  0x0000, 0x0000, 0x0000, 0x0000, 0x0000, 0x0000, 0x0000, 0x0000, 0x0000, 0x0000, 0x0861, 0x10A2,
  0x0000, 0x0000, 0x0000, 0x0000, 0x0000, 0x0000, 0x0000, 0x0000, 0x0000, 0x0000, 0x0020, 0x0020,
  0x0020, 0x0000, 0x0000, 0x0000, 0x0000, 0x0000, 0x0861, 0x0841, 0x0000, 0x0020, 0x0020, 0x0000,
  0x0000, 0x0000, 0x0020, 0x0861, 0x0000, 0x0020, 0x0000, 0x0000, 0x0000, 0x0000, 0x0000, 0x0000,
  0x0000, 0x0000, 0x0000, 0x0000, 0x0000, 0x0000, 0x0000, 0x0000, 0x0000, 0x0000, 0x0000, 0x0000,
  0x0000, 0x0000, 0x0000, 0x0000, 0x0000, 0x0000, 0x0841, 0x0020, 0x0000, 0x0020, 0x0000, 0x0841,
  0x0000, 0x0000, 0x0000, 0x0000, 0x0000, 0x0000, 0x0000, 0x0020, 0x0020, 0x0000, 0x0000, 0x0000,
  0x0020, 0x0000, 0x0000, 0x0000, 0x0000, 0x0000, 0x1082, 0x0841, 0x0000, 0x0861, 0x10A2, 0x0000,
  0x0020, 0x0000, 0x0000, 0x0000, 0x0000, 0x0000, 0x0000, 0x0000, 0x0000, 0x0000, 0x0000, 0x0000,
  0x0000, 0x0000, 0x0000, 0x0000, 0x0020, 0x0000, 0x0000, 0x0020, 0x0000, 0x0000, 0x0000, 0x0020,
  0x0000, 0x0000, 0x0000, 0x0000, 0x0000, 0x0000, 0x0000, 0x0841, 0x0000, 0x0020, 0x10A2, 0x0000,
  0x0000, 0x0000, 0x0000, 0x0000, 0x0000, 0x0000, 0x0020, 0x0020, 0x0000, 0x1082, 0x0000, 0x0000,
  0x0000, 0x0000, 0x0000, 0x0020, 0x0000, 0x0000, 0x0000, 0x0020, 0x0020, 0x0000, 0x0000, 0x0000,
  0x0020, 0x0000, 0x0000, 0x0000, 0x0000, 0x0000, 0x0000, 0x0000, 0x0000, 0x0000, 0x0000, 0x0000,
  0x0000, 0x0000, 0x0000, 0x0000, 0x0000, 0x0000, 0x2945, 0x0861, 0x0000, 0x0000, 0x0000, 0x0000,
  0x0000, 0x0000, 0x0000, 0x0020, 0x0000, 0x0000, 0x0000, 0x0000, 0x0000, 0x0000, 0x0000, 0x0000,
  0x0000, 0x0000, 0x0000, 0x0020, 0x0000, 0x0000, 0x0000, 0x0000, 0x0000, 0x0000, 0x0000, 0x0000,
  0x0000, 0x0020, 0x0000, 0x0000, 0x0000, 0x0000, 0x0000, 0x0000, 0x0000, 0x0020, 0x0000, 0x0000,
  0x0000, 0x0000, 0x0000, 0x0000, 0x0020, 0x0000, 0x0000, 0x0000, 0x0000, 0x1082, 0x0841, 0x0000,
  0x0000, 0x0000, 0x0000, 0x0000, 0x0000, 0x0020, 0x0000, 0x0020, 0x0000, 0x0000, 0x0000, 0x0000,
  0x0000, 0x0000, 0x0000, 0x0000, 0x0000, 0x0000, 0x0000, 0x0000, 0x0020, 0x0020, 0x0000, 0x0000,
  0x0000, 0x0000, 0x0000, 0x0000, 0x0000, 0x0000, 0x0000, 0x0000, 0x0000, 0x0000, 0x0000, 0x0000,
  0x0000, 0x0020, 0x0000, 0x0000, 0x0000, 0x0000, 0x0000, 0x0000, 0x0000, 0x0000, 0x0000, 0x0841,
  0x0000, 0x0000, 0x0841, 0x0000, 0x0000, 0x0020, 0x1082, 0x0020, 0x0000, 0x0000, 0x0000, 0x0000,
  0x0000, 0x0000, 0x0000, 0x0000, 0x0000, 0x0000, 0x0000, 0x0000, 0x0000, 0x0000, 0x0000, 0x0000,
  0x0000, 0x0000, 0x0000, 0x0000, 0x0000, 0x0000, 0x0000, 0x0000, 0x0000, 0x0000, 0x0000, 0x0000,
  0x0000, 0x0000, 0x0000, 0x0000, 0x0000, 0x0000, 0x0020, 0x0020, 0x0020, 0x0020, 0x0020, 0x0000,
  0x0840, 0x0000, 0x0000, 0x0000, 0x0000, 0x0000, 0x0000, 0x0020, 0x0000, 0x0000, 0x0000, 0x0000,
  0x0000, 0x0861, 0x0841, 0x0000, 0x0020, 0x0841, 0x0861, 0x1082, 0x0020, 0x0000, 0x0000, 0x0000,
  0x0000, 0x0000, 0x0841, 0x0020, 0x0000, 0x0000, 0x0000, 0x0000, 0x0000, 0x0000, 0x0020, 0x0020,
  0x0020, 0x0020, 0x0020, 0x0020, 0x0000, 0x0000, 0x0000, 0x0000, 0x0000, 0x0000, 0x0000, 0x0000,
  0x0020, 0x0841, 0x0000, 0x0000, 0x0000, 0x0000, 0x0000, 0x0020, 0x0000, 0x0000, 0x0000, 0x0000,
  0x0000, 0x0000, 0x0020, 0x0000, 0x0000, 0x0000, 0x0020, 0x0020, 0x0000, 0x0000, 0x0000, 0x0000,
  0x0000, 0x0000, 0x0020, 0x10A2, 0x0000, 0x0000, 0x0000, 0x0000, 0x0000, 0x0000, 0x0000, 0x0000,
  0x0000, 0x0020, 0x0020, 0x0000, 0x0000, 0x0000, 0x0000, 0x0000, 0x0000, 0x0020, 0x0841, 0x0000,
  0x0000, 0x0000, 0x0000, 0x0000, 0x0841, 0x0000, 0x0000, 0x0000, 0x0000, 0x0000, 0x0000, 0x0000,
  0x0020, 0x0020, 0x0000, 0x0000, 0x0020, 0x0841, 0x0000, 0x0020, 0x0020, 0x0020, 0x0020, 0x0000,
  0x0000, 0x0000, 0x0000, 0x0000, 0x0000, 0x0000, 0x0000, 0x0000, 0x0000, 0x0000, 0x0000, 0x0000,
  0x0000, 0x0000, 0x0000, 0x0000, 0x0000, 0x0000, 0x0000, 0x0000, 0x0000, 0x0000, 0x0000, 0x0000,
  0x0000, 0x0000, 0x0000, 0x0000, 0x0000, 0x0000, 0x0000, 0x0020, 0x0841, 0x0000, 0x0000, 0x0000,
  0x0000, 0x0000, 0x0000, 0x0000, 0x0000, 0x0000, 0x0000, 0x0000, 0x0000, 0x0000, 0x0000, 0x0000,
  0x0000, 0x0000, 0x0000, 0x0000, 0x0020, 0x0020, 0x0000, 0x0000, 0x0000, 0x0000, 0x0000, 0x0841,
  0x0020, 0x0000, 0x0000, 0x0000, 0x0000, 0x0000, 0x0000, 0x0000, 0x0000, 0x0000, 0x0000, 0x0000,
  0x0000, 0x0000, 0x0000, 0x0000, 0x0000, 0x0000, 0x0000, 0x0000, 0x0000, 0x0000, 0x0000, 0x0000,
  0x0000, 0x0000, 0x0020, 0x0000, 0x0000, 0x0000, 0x0000, 0x0000, 0x0000, 0x0000, 0x0000, 0x0020,
  0x0020, 0x0020, 0x0841, 0x0020, 0x0020, 0x0000, 0x0000, 0x0000, 0x0000, 0x0000, 0x0000, 0x0000,
  0x0000, 0x0000, 0x0000, 0x0000, 0x0000, 0x0000, 0x0000, 0x0000, 0x0000, 0x0000, 0x0000, 0x0000,
  0x0000, 0x0000, 0x0000, 0x0000, 0x0020, 0x0020, 0x0000, 0x0000, 0x0000, 0x0000, 0x0000, 0x0000,
  0x0000, 0x0000, 0x0000, 0x0000, 0x0000, 0x0000, 0x0000, 0x0000, 0x0841, 0x10A2, 0x0000, 0x0000,
  0x0000, 0x0000, 0x0000, 0x0000, 0x0000, 0x0000, 0x0000, 0x0000, 0x0000, 0x0000, 0x0841, 0x0000,
  0x0000, 0x0020, 0x0000, 0x0000, 0x0000, 0x0000, 0x0000, 0x0000, 0x0000, 0x0020, 0x0000, 0x0000,
  0x0000, 0x0000, 0x0000, 0x0000, 0x0000, 0x0000, 0x0000, 0x0000, 0x0000, 0x0000, 0x0000, 0x0000,
  0x0000, 0x0000, 0x0000, 0x0000, 0x0000, 0x0000, 0x0000, 0x0000, 0x0000, 0x0000, 0x0000, 0x0000,
  0x0000, 0x0000, 0x0000, 0x0020, 0x0820, 0x0841, 0x0861, 0x1081, 0x1081, 0x1081, 0x0861, 0x0841,
  0x0020, 0x0020, 0x0000, 0x0000, 0x0000, 0x0000, 0x0000, 0x0020, 0x0020, 0x0841, 0x0020, 0x0841,
  0x0020, 0x0841, 0x0000, 0x0000, 0x0000, 0x0000, 0x0000, 0x0020, 0x0861, 0x0000, 0x0841, 0x0861,
  0x0000, 0x0020, 0x0861, 0x0020, 0x0000, 0x0000, 0x0000, 0x0020, 0x0841, 0x10A2, 0x0020, 0x0021,
  0x0000, 0x0000, 0x0000, 0x0000, 0x0000, 0x0000, 0x0000, 0x0000, 0x0000, 0x0000, 0x0000, 0x0000,
  0x0000, 0x0000, 0x0000, 0x0000, 0x0020, 0x0020, 0x0000, 0x0000, 0x0000, 0x0000, 0x0000, 0x0000,
  0x0000, 0x0000, 0x0841, 0x0020, 0x0000, 0x0000, 0x0000, 0x0000, 0x0000, 0x0000, 0x1082, 0x0020,
  0x0000, 0x0000, 0x0000, 0x0000, 0x0000, 0x0000, 0x0000, 0x0000, 0x0000, 0x0000, 0x0000, 0x0000,
  0x0000, 0x0861, 0x0020, 0x0000, 0x0020, 0x1082, 0x0841, 0x0020, 0x0020, 0x0000, 0x0000, 0x0000,
  0x0861, 0x10A2, 0x0020, 0x0020, 0x0020, 0x0000, 0x0841, 0x0020, 0x0000, 0x0000, 0x0000, 0x0000,
  0x0000, 0x0000, 0x0000, 0x0000, 0x0000, 0x0000, 0x0020, 0x0000, 0x0000, 0x0020, 0x0000, 0x0000,
  0x0000, 0x0000, 0x0000, 0x0000, 0x0000, 0x0020, 0x0020, 0x0000, 0x0000, 0x0000, 0x0000, 0x0000,
  0x0000, 0x0000, 0x0000, 0x0000, 0x0000, 0x0000, 0x0000, 0x0000, 0x0000, 0x0000, 0x0000, 0x0000,
  0x0000, 0x0000, 0x0000, 0x0000, 0x0000, 0x0000, 0x0000, 0x0000, 0x0000, 0x0000, 0x0000, 0x0000,
  0x0000, 0x0000, 0x0000, 0x0000, 0x0000, 0x0000, 0x0000, 0x0000, 0x0000, 0x0000, 0x0000, 0x0000,
  0x0000, 0x0000, 0x0000, 0x0000, 0x0000, 0x0000, 0x0000, 0x0000, 0x0000, 0x0000, 0x0000, 0x0000,
  0x0000, 0x0000, 0x0000, 0x0000, 0x0000, 0x0000, 0x0000, 0x0000, 0x0000, 0x0000, 0x0000, 0x0000,
  0x0000, 0x0000, 0x0000, 0x0000, 0x0000, 0x0000, 0x0020, 0x0000, 0x0000, 0x0000, 0x0841, 0x0841,
  0x0000, 0x0000, 0x0000, 0x0000, 0x0000, 0x0000, 0x0000, 0x0861, 0x0020, 0x0000, 0x0020, 0x0020,
  0x0020, 0x0000, 0x0000, 0x0000, 0x0000, 0x0000, 0x0000, 0x0000, 0x0000, 0x0000, 0x0000, 0x0000,
  0x0000, 0x0000, 0x0000, 0x0000, 0x0000, 0x0000, 0x0000, 0x0000, 0x0000, 0x0000, 0x0000, 0x0000,
  0x0000, 0x0000, 0x0000, 0x0000, 0x0000, 0x0000, 0x0000, 0x0000, 0x0000, 0x0000, 0x0000, 0x0000,
  0x0000, 0x0841, 0x0020, 0x0020, 0x0020, 0x0861, 0x0000, 0x0000, 0x0861, 0x0000, 0x0000, 0x0000,
  0x0000, 0x0000, 0x0000, 0x0000, 0x0000, 0x0000, 0x0000, 0x0000, 0x0000, 0x0000, 0x0000, 0x0000,
  0x0000, 0x0000, 0x0000, 0x0000, 0x0000, 0x0000, 0x0000, 0x0000, 0x0000, 0x0000, 0x0000, 0x0000,
  0x0000, 0x0000, 0x0000, 0x0000, 0x0000, 0x0000, 0x0000, 0x0000, 0x0000, 0x0000, 0x0000, 0x0000,
  0x0000, 0x0000, 0x0000, 0x0000, 0x0000, 0x0000, 0x0000, 0x0000, 0x0000, 0x0000, 0x0000, 0x0000,
  0x0000, 0x0000, 0x0000, 0x0820, 0x0861, 0x1081, 0x10A2, 0x18C2, 0x18C2, 0x18C2, 0x18C2, 0x10A2,
  0x1081, 0x0861, 0x0020, 0x0020, 0x0000, 0x0000, 0x0000, 0x0000, 0x0000, 0x0000, 0x0000, 0x0000,
  0x0000, 0x0000, 0x0000, 0x0020, 0x1082, 0x0000, 0x0020, 0x0020, 0x0020, 0x0020, 0x0841, 0x0841,
  0x0000, 0x0020, 0x0020, 0x0862, 0x0000, 0x0000, 0x0841, 0x0020, 0x0841, 0x0020, 0x0020, 0x0000,
  0x0000, 0x0000, 0x0000, 0x0000, 0x0000, 0x0000, 0x0000, 0x0000, 0x0000, 0x0000, 0x0000, 0x0000,
  0x0000, 0x0000, 0x0000, 0x0000, 0x0000, 0x0000, 0x0000, 0x0020, 0x0861, 0x0020, 0x0000, 0x0000,
  0x0000, 0x0000, 0x0000, 0x0000, 0x0000, 0x0000, 0x0000, 0x0000, 0x0000, 0x0000, 0x0000, 0x0000,
  0x0000, 0x0000, 0x0000, 0x0000, 0x0000, 0x0000, 0x0000, 0x0000, 0x0000, 0x0020, 0x0020, 0x0000,
  0x0020, 0x0020, 0x0000, 0x0000, 0x0000, 0x0000, 0x0000, 0x0000, 0x0000, 0x0841, 0x0020, 0x0000,
  0x0841, 0x0020, 0x0020, 0x0000, 0x0000, 0x0000, 0x0000, 0x0000, 0x0000, 0x0000, 0x0000, 0x0000,
  0x0000, 0x0000, 0x0020, 0x0020, 0x0000, 0x0020, 0x0000, 0x0000, 0x0000, 0x0000, 0x0000, 0x0000,
  0x0000, 0x0020, 0x0000, 0x0000, 0x0841, 0x0000, 0x0000, 0x0020, 0x0841, 0x0000, 0x0000, 0x0000,
  0x0000, 0x0000, 0x0000, 0x0000, 0x0000, 0x0000, 0x0841, 0x0000, 0x0000, 0x0000, 0x0000, 0x0000,
  0x0000, 0x0000, 0x0000, 0x0000, 0x0000, 0x0000, 0x0000, 0x0000, 0x0000, 0x0000, 0x0000, 0x0000,
  0x0000, 0x0000, 0x0000, 0x0000, 0x0000, 0x0000, 0x0000, 0x0000, 0x0000, 0x0000, 0x0000, 0x0000,
  0x0000, 0x0000, 0x0000, 0x0000, 0x0000, 0x0000, 0x0000, 0x0000, 0x0020, 0x0020, 0x0000, 0x0000,
  0x0000, 0x0000, 0x0000, 0x0000, 0x0000, 0x0020, 0x0000, 0x0000, 0x0000, 0x0000, 0x0000, 0x0000,
  0x0000, 0x0000, 0x0000, 0x0000, 0x0000, 0x0000, 0x0000, 0x0000, 0x0000, 0x0000, 0x0000, 0x0000,
  0x0000, 0x0020, 0x0000, 0x0000, 0x0000, 0x0000, 0x0000, 0x0000, 0x0000, 0x0000, 0x0000, 0x0000,
  0x0000, 0x0000, 0x0000, 0x0000, 0x0000, 0x0000, 0x0000, 0x0000, 0x0000, 0x0000, 0x0000, 0x0000,
  0x0000, 0x0000, 0x0000, 0x0000, 0x0000, 0x0020, 0x0000, 0x0000, 0x0000, 0x0000, 0x0000, 0x0000,
  0x0000, 0x0000, 0x0000, 0x0000, 0x0000, 0x0000, 0x0000, 0x0000, 0x0000, 0x2104, 0x1082, 0x1062,
  0x0000, 0x0000, 0x0000, 0x0000, 0x0020, 0x0020, 0x0000, 0x0020, 0x0020, 0x0000, 0x0000, 0x0000,
  0x0000, 0x0000, 0x0000, 0x0000, 0x0000, 0x0000, 0x0000, 0x0000, 0x0000, 0x0000, 0x0000, 0x0000,
  0x0000, 0x0000, 0x0000, 0x0000, 0x0000, 0x0000, 0x0000, 0x0000, 0x0000, 0x0000, 0x0000, 0x0000,
  0x0000, 0x0000, 0x0000, 0x0000, 0x0000, 0x0000, 0x0000, 0x0000, 0x0000, 0x0000, 0x0000, 0x0000,
  0x0000, 0x0000, 0x0000, 0x0000, 0x0000, 0x0000, 0x0000, 0x0000, 0x0000, 0x0000, 0x0000, 0x0000,
  0x0020, 0x0840, 0x0861, 0x10A1, 0x10A2, 0x18C2, 0x18C2, 0x18E2, 0x18E3, 0x2103, 0x1903, 0x18E2,
  0x10A2, 0x0861, 0x0840, 0x0000, 0x0000, 0x0000, 0x0000, 0x0000, 0x0000, 0x0000, 0x0000, 0x0000,
  0x0000, 0x0000, 0x0000, 0x0000, 0x0841, 0x0861, 0x0000, 0x0000, 0x0000, 0x0000, 0x0000, 0x0000,
  0x0000, 0x0000, 0x0841, 0x0020, 0x0020, 0x0000, 0x0000, 0x0841, 0x0841, 0x0000, 0x0020, 0x0000,
  0x0000, 0x0000, 0x0000, 0x0020, 0x0020, 0x0020, 0x0000, 0x0000, 0x0000, 0x0000, 0x0000, 0x0000,
  0x0000, 0x0000, 0x0000, 0x18E3, 0x0841, 0x0020, 0x0020, 0x0000, 0x0000, 0x0000, 0x0000, 0x0000,
  0x0861, 0x1082, 0x0000, 0x0000, 0x0000, 0x0000, 0x0000, 0x0000, 0x0000, 0x0000, 0x0020, 0x0020,
  0x0000, 0x0000, 0x0000, 0x0000, 0x0000, 0x0000, 0x0000, 0x0000, 0x0000, 0x0000, 0x0020, 0x0020,
  0x0000, 0x0000, 0x0020, 0x0000, 0x0000, 0x0000, 0x0000, 0x0000, 0x0020, 0x0020, 0x0000, 0x0000,
  0x0000, 0x0000, 0x0000, 0x0000, 0x0000, 0x0000, 0x0000, 0x0000, 0x0000, 0x0000, 0x0000, 0x0020,
  0x0000, 0x0000, 0x0000, 0x0000, 0x0000, 0x0000, 0x0000, 0x0000, 0x0000, 0x0020, 0x0000, 0x0020,
  0x0861, 0x0000, 0x0000, 0x0020, 0x0020, 0x0000, 0x0000, 0x0000, 0x0000, 0x0000, 0x0000, 0x0000,
  0x0000, 0x0000, 0x0841, 0x0000, 0x0000, 0x0000, 0x0020, 0x0841, 0x0000, 0x0000, 0x0000, 0x0000,
  0x0000, 0x0000, 0x0000, 0x0000, 0x0000, 0x0000, 0x0000, 0x0000, 0x0000, 0x0000, 0x0000, 0x0000,
  0x0000, 0x0020, 0x0841, 0x0000, 0x0000, 0x0000, 0x0000, 0x0000, 0x0000, 0x0000, 0x0000, 0x0000,
  0x0000, 0x0000, 0x0020, 0x0000, 0x0020, 0x0020, 0x0000, 0x0000, 0x0000, 0x0000, 0x0000, 0x0000,
  0x0000, 0x0000, 0x0000, 0x0000, 0x0000, 0x0000, 0x0000, 0x0000, 0x0000, 0x0000, 0x0000, 0x0000,
  0x0000, 0x0000, 0x0000, 0x0000, 0x0000, 0x0000, 0x0000, 0x0000, 0x0000, 0x0020, 0x0000, 0x0000,
  0x0000, 0x0000, 0x0000, 0x0000, 0x0000, 0x0000, 0x0000, 0x0000, 0x0000, 0x0000, 0x0000, 0x0000,
  0x0000, 0x0000, 0x0000, 0x0020, 0x0020, 0x0000, 0x0000, 0x0000, 0x0000, 0x0000, 0x0000, 0x0000,
  0x0020, 0x0841, 0x0000, 0x0000, 0x0020, 0x0841, 0x0000, 0x0000, 0x0000, 0x0000, 0x0000, 0x0000,
  0x0000, 0x10A2, 0x0820, 0x0000, 0x0000, 0x0000, 0x0000, 0x0000, 0x0000, 0x0000, 0x0000, 0x0000,
  0x0000, 0x0000, 0x0000, 0x0000, 0x0000, 0x0000, 0x0000, 0x0000, 0x0841, 0x0000, 0x0000, 0x0000,
  0x0000, 0x0000, 0x0000, 0x0000, 0x0000, 0x0000, 0x0000, 0x0000, 0x0000, 0x0000, 0x0000, 0x0000,
  0x0000, 0x0000, 0x0000, 0x0000, 0x0000, 0x0000, 0x0000, 0x0000, 0x0000, 0x0000, 0x0000, 0x0000,
  0x0000, 0x0000, 0x0000, 0x0000, 0x0000, 0x0000, 0x0000, 0x0000, 0x0000, 0x0000, 0x0000, 0x0000,
  0x0000, 0x0000, 0x0000, 0x0000, 0x0000, 0x0000, 0x0000, 0x0000, 0x0020, 0x0020, 0x0840, 0x0861,
  0x10A1, 0x18C2, 0x18C2, 0x18C2, 0x18E2, 0x18E2, 0x18E2, 0x2103, 0x2123, 0x2123, 0x2103, 0x18E3,
  0x18C2, 0x1081, 0x0020, 0x0000, 0x0000, 0x0000, 0x0000, 0x0000, 0x0000, 0x0000, 0x0000, 0x0000,
  0x0000, 0x0000, 0x0000, 0x0000, 0x0000, 0x0000, 0x0000, 0x0020, 0x0861, 0x0020, 0x10A2, 0x0000,
  0x0000, 0x0000, 0x0000, 0x0000, 0x0861, 0x0020, 0x0020, 0x0000, 0x0000, 0x0000, 0x0000, 0x0000,
  0x0000, 0x0000, 0x0020, 0x10A2, 0x0000, 0x0000, 0x0000, 0x0000, 0x0000, 0x0000, 0x0841, 0x0861,
  0x0000, 0x0041, 0x0861, 0x18C3, 0x1082, 0x0000, 0x0000, 0x0020, 0x0861, 0x0841, 0x0000, 0x0000,
  0x0000, 0x0000, 0x0000, 0x0000, 0x0020, 0x0020, 0x0000, 0x0000, 0x0020, 0x0000, 0x0000, 0x0000,
  0x0020, 0x0861, 0x0000, 0x0000, 0x0000, 0x0000, 0x0020, 0x0020, 0x0000, 0x0000, 0x0000, 0x0000,
  0x0841, 0x0000, 0x0000, 0x0000, 0x0000, 0x0020, 0x0841, 0x0000, 0x0000, 0x0000, 0x0000, 0x0000,
  0x0000, 0x0000, 0x0000, 0x0000, 0x0000, 0x0000, 0x0020, 0x1082, 0x0020, 0x0000, 0x0000, 0x0000,
  0x0841, 0x0020, 0x0020, 0x0000, 0x0000, 0x0000, 0x0020, 0x0841, 0x0000, 0x0000, 0x0000, 0x0000,
  0x0000, 0x0020, 0x0000, 0x0000, 0x0020, 0x0020, 0x0000, 0x0000, 0x0000, 0x0000, 0x0000, 0x0000,
  0x0000, 0x0000, 0x0000, 0x0020, 0x0000, 0x0000, 0x0000, 0x0000, 0x0020, 0x0000, 0x0000, 0x0000,
  0x0000, 0x0000, 0x0000, 0x0020, 0x0000, 0x0000, 0x0000, 0x0000, 0x0000, 0x0020, 0x0861, 0x0000,
  0x0000, 0x0000, 0x0000, 0x0000, 0x0000, 0x0000, 0x0000, 0x0000, 0x0000, 0x0000, 0x0020, 0x0000,
  0x0000, 0x0000, 0x0000, 0x0000, 0x0000, 0x0000, 0x0000, 0x0000, 0x0000, 0x0000, 0x0000, 0x0000,
  0x0000, 0x0000, 0x0000, 0x0000, 0x0000, 0x0000, 0x0000, 0x0000, 0x0000, 0x0000, 0x0000, 0x0000,
  0x0000, 0x0000, 0x0000, 0x0000, 0x0000, 0x0000, 0x0000, 0x0000, 0x0000, 0x0000, 0x0000, 0x0000,
  0x0000, 0x0000, 0x0000, 0x0000, 0x0000, 0x0000, 0x0000, 0x0000, 0x0000, 0x0000, 0x0000, 0x0020,
  0x0020, 0x0000, 0x0000, 0x0020, 0x0020, 0x0000, 0x0000, 0x0000, 0x0000, 0x0000, 0x0000, 0x0000,
  0x0020, 0x0020, 0x0000, 0x0000, 0x0000, 0x0000, 0x0000, 0x0000, 0x0000, 0x2104, 0x0841, 0x0000,
  0x0000, 0x0000, 0x0000, 0x0000, 0x0000, 0x0000, 0x0000, 0x0000, 0x0000, 0x0020, 0x0000, 0x0862,
  0x1082, 0x0000, 0x0000, 0x0000, 0x0020, 0x0000, 0x0000, 0x0000, 0x0000, 0x0000, 0x0000, 0x0000,
  0x0000, 0x0000, 0x0000, 0x0000, 0x0000, 0x0000, 0x0000, 0x0000, 0x0000, 0x0000, 0x0000, 0x0000,
  0x0000, 0x0000, 0x0000, 0x0000, 0x0000, 0x0000, 0x0000, 0x0000, 0x0000, 0x0000, 0x0000, 0x0000,
  0x0000, 0x0000, 0x0000, 0x0000, 0x0000, 0x0000, 0x0000, 0x0000, 0x0000, 0x0000, 0x0000, 0x0000,
  0x0000, 0x0000, 0x0000, 0x0000, 0x0000, 0x0000, 0x0020, 0x0840, 0x0861, 0x1081, 0x18A2, 0x18C2,
  0x18E2, 0x18E2, 0x18E2, 0x18E2, 0x18E2, 0x2103, 0x2123, 0x2943, 0x2943, 0x2123, 0x2103, 0x18E2,
  0x1081, 0x1081, 0x0000, 0x0000, 0x0000, 0x0000, 0x0000, 0x0000, 0x0000, 0x0000, 0x0000, 0x0000,
  0x0000, 0x0000, 0x0000, 0x0020, 0x0000, 0x18E3, 0x18C3, 0x0000, 0x0000, 0x0000, 0x0000, 0x0000,
  0x0841, 0x0841, 0x0020, 0x0000, 0x0000, 0x0000, 0x0000, 0x0040, 0x0020, 0x0000, 0x0020, 0x2104,
  0x0020, 0x0000, 0x0000, 0x0841, 0x0000, 0x0000, 0x0000, 0x0021, 0x0841, 0x0000, 0x0000, 0x18A2,
  0x18A3, 0x0000, 0x0000, 0x0841, 0x0021, 0x0000, 0x0000, 0x0000, 0x0000, 0x0000, 0x0000, 0x0000,
  0x0000, 0x0000, 0x0841, 0x0861, 0x0000, 0x0000, 0x0000, 0x0841, 0x0000, 0x0000, 0x0000, 0x0000,
  0x0000, 0x0000, 0x0000, 0x0000, 0x0000, 0x0000, 0x0000, 0x0000, 0x0020, 0x0000, 0x0000, 0x0020,
  0x0000, 0x0000, 0x0020, 0x0000, 0x0000, 0x0000, 0x0000, 0x0000, 0x0000, 0x0000, 0x0000, 0x0000,
  0x0020, 0x0020, 0x0000, 0x0000, 0x0841, 0x0000, 0x0000, 0x0000, 0x0000, 0x0861, 0x0861, 0x0000,
  0x0000, 0x0000, 0x0000, 0x0000, 0x0000, 0x0000, 0x0000, 0x0000, 0x0000, 0x0000, 0x0000, 0x0000,
  0x0020, 0x0020, 0x0000, 0x0000, 0x0000, 0x0000, 0x0020, 0x0000, 0x0000, 0x0000, 0x0000, 0x0000,
  0x0000, 0x0000, 0x0000, 0x0000, 0x0000, 0x0000, 0x0000, 0x0000, 0x0000, 0x0000, 0x0000, 0x0000,
  0x0000, 0x0000, 0x0000, 0x0000, 0x0000, 0x0000, 0x0000, 0x0000, 0x0000, 0x0000, 0x0000, 0x0000,
  0x0000, 0x0000, 0x0000, 0x0000, 0x0841, 0x0020, 0x0000, 0x0000, 0x0020, 0x0000, 0x0000, 0x0000,
  0x0000, 0x0000, 0x0000, 0x0000, 0x0000, 0x0000, 0x0000, 0x0000, 0x0000, 0x0020, 0x0000, 0x0000,
  0x0000, 0x0000, 0x0020, 0x0000, 0x0000, 0x0000, 0x0000, 0x0000, 0x0000, 0x0000, 0x0000, 0x0000,
  0x0000, 0x0000, 0x0000, 0x0000, 0x0000, 0x0000, 0x0020, 0x0000, 0x0000, 0x0000, 0x0000, 0x0000,
  0x0000, 0x0000, 0x0000, 0x0000, 0x0000, 0x0000, 0x0000, 0x0000, 0x0000, 0x0000, 0x0000, 0x0000,
  0x0000, 0x0000, 0x0000, 0x0000, 0x0000, 0x0000, 0x0000, 0x0000, 0x0000, 0x0000, 0x0000, 0x0861,
  0x0840, 0x0000, 0x0000, 0x0000, 0x0000, 0x0000, 0x0000, 0x0000, 0x0000, 0x0000, 0x0000, 0x0000,
  0x0000, 0x0020, 0x0020, 0x0000, 0x0000, 0x0020, 0x0020, 0x1082, 0x0821, 0x0000, 0x0000, 0x0000,
  0x0000, 0x0000, 0x0000, 0x0000, 0x0000, 0x0000, 0x0000, 0x0000, 0x0000, 0x0000, 0x0000, 0x0000,
  0x0000, 0x0000, 0x0000, 0x0000, 0x0000, 0x0000, 0x0000, 0x0000, 0x0000, 0x0000, 0x0000, 0x0000,
  0x0000, 0x0000, 0x0000, 0x0000, 0x0000, 0x0000, 0x0000, 0x0000, 0x0000, 0x0000, 0x0000, 0x0000,
  0x0000, 0x0000, 0x0000, 0x0000, 0x0000, 0x0000, 0x0000, 0x0000, 0x0000, 0x0000, 0x0000, 0x0000,
  0x0000, 0x0000, 0x0000, 0x0820, 0x0840, 0x1061, 0x1081, 0x18A2, 0x18C2, 0x18E2, 0x2102, 0x2102,
  0x2103, 0x2103, 0x2102, 0x2123, 0x2944, 0x2943, 0x2943, 0x2123, 0x2123, 0x2944, 0x1903, 0x10A2,
  0x0840, 0x0000, 0x0000, 0x0000, 0x0000, 0x0020, 0x0020, 0x0000, 0x0000, 0x0000, 0x0000, 0x0000,
  0x0000, 0x1082, 0x0882, 0x0000, 0x0000, 0x0000, 0x0000, 0x0020, 0x0841, 0x0000, 0x0000, 0x0000,
  0x0000, 0x0000, 0x0020, 0x0020, 0x0000, 0x0000, 0x0000, 0x0000, 0x0000, 0x0000, 0x0000, 0x0020,
  0x0000, 0x0000, 0x0000, 0x0020, 0x0000, 0x0000, 0x0000, 0x0000, 0x0000, 0x0000, 0x0000, 0x0000,
  0x0000, 0x0020, 0x0020, 0x0000, 0x0000, 0x0841, 0x0020, 0x0000, 0x0000, 0x0000, 0x0841, 0x0841,
  0x0000, 0x0000, 0x0000, 0x0020, 0x0000, 0x0000, 0x0000, 0x0000, 0x0000, 0x0000, 0x0000, 0x0000,
  0x0000, 0x0000, 0x0000, 0x0000, 0x0000, 0x0020, 0x0000, 0x0000, 0x0020, 0x0841, 0x0000, 0x0861,
  0x0000, 0x0000, 0x0000, 0x0000, 0x0861, 0x1082, 0x0000, 0x0000, 0x0000, 0x0000, 0x0000, 0x0000,
  0x0000, 0x0020, 0x0000, 0x0000, 0x0020, 0x0000, 0x0000, 0x0020, 0x0020, 0x0000, 0x0000, 0x0000,
  0x0000, 0x0000, 0x0000, 0x0000, 0x0020, 0x0020, 0x0000, 0x0000, 0x0000, 0x0000, 0x0000, 0x0000,
  0x0000, 0x0000, 0x0020, 0x0000, 0x0000, 0x0000, 0x0000, 0x0000, 0x0000, 0x0000, 0x0000, 0x0000,
  0x0000, 0x0000, 0x0000, 0x0000, 0x0000, 0x0000, 0x0000, 0x0000, 0x0000, 0x0861, 0x0020, 0x0000,
  0x0000, 0x0000, 0x0000, 0x0000, 0x0000, 0x0000, 0x0000, 0x0000, 0x0000, 0x0000, 0x0000, 0x0000,
  0x0020, 0x0020, 0x0000, 0x0020, 0x0841, 0x0000, 0x0000, 0x0000, 0x0000, 0x0000, 0x0000, 0x0000,
  0x0000, 0x0000, 0x0000, 0x0000, 0x0000, 0x0000, 0x0000, 0x0000, 0x0000, 0x0000, 0x0020, 0x0000,
  0x0000, 0x1082, 0x1082, 0x0000, 0x0000, 0x0000, 0x0000, 0x0000, 0x0000, 0x0000, 0x0000, 0x0000,
  0x0000, 0x0000, 0x0841, 0x0020, 0x0020, 0x0841, 0x0000, 0x0000, 0x0000, 0x0000, 0x0000, 0x0000,
  0x0000, 0x0000, 0x0000, 0x0000, 0x0000, 0x0000, 0x0000, 0x0000, 0x0000, 0x0000, 0x0000, 0x0000,
  0x0000, 0x0000, 0x0000, 0x0000, 0x0000, 0x0000, 0x0000, 0x0020, 0x0020, 0x0000, 0x0000, 0x0000,
  0x0000, 0x0000, 0x0000, 0x0000, 0x0000, 0x0000, 0x0000, 0x0020, 0x0000, 0x1082, 0x0861, 0x0000,
  0x0000, 0x0000, 0x0000, 0x0000, 0x0000, 0x0000, 0x0000, 0x0000, 0x0000, 0x0000, 0x0000, 0x0000,
  0x0000, 0x0000, 0x0000, 0x0000, 0x0000, 0x0000, 0x0000, 0x0000, 0x0020, 0x0000, 0x0000, 0x0000,
  0x0000, 0x0000, 0x0000, 0x0000, 0x0000, 0x0000, 0x0000, 0x0000, 0x0000, 0x0000, 0x0000, 0x0000,
  0x0000, 0x0000, 0x0000, 0x0000, 0x0000, 0x0000, 0x0000, 0x0000, 0x0000, 0x0000, 0x0000, 0x0000,
  0x0000, 0x0000, 0x0000, 0x0000, 0x0000, 0x0000, 0x0000, 0x0000, 0x0000, 0x0000, 0x0000, 0x0000,
  0x0820, 0x0841, 0x1081, 0x1081, 0x18C2, 0x18C2, 0x18E2, 0x2103, 0x2103, 0x2103, 0x2103, 0x2102,
  0x2123, 0x2944, 0x2964, 0x2964, 0x2944, 0x2943, 0x2944, 0x2944, 0x2944, 0x2103, 0x10A2, 0x0020,
  0x0000, 0x0000, 0x0020, 0x0000, 0x0000, 0x0000, 0x0000, 0x0000, 0x0000, 0x0000, 0x0000, 0x0000,
  0x0000, 0x0000, 0x0020, 0x0000, 0x0000, 0x0000, 0x0020, 0x0841, 0x0000, 0x0000, 0x0000, 0x0000,
  0x0000, 0x0000, 0x0000, 0x0000, 0x0000, 0x0000, 0x0000, 0x0000, 0x0000, 0x0000, 0x0020, 0x0020,
  0x0000, 0x0000, 0x0000, 0x0000, 0x0000, 0x0000, 0x0020, 0x0020, 0x0000, 0x0000, 0x0000, 0x0861,
  0x0020, 0x0000, 0x0020, 0x0000, 0x0000, 0x0000, 0x0000, 0x0000, 0x0000, 0x0000, 0x0000, 0x0000,
  0x0000, 0x0000, 0x0000, 0x0000, 0x0000, 0x0020, 0x0000, 0x0000, 0x0000, 0x0000, 0x0000, 0x0000,
  0x0000, 0x0000, 0x0020, 0x0000, 0x0000, 0x0020, 0x0000, 0x0020, 0x0000, 0x0000, 0x0000, 0x0000,
  0x0841, 0x0841, 0x0841, 0x0020, 0x0000, 0x0020, 0x0861, 0x0000, 0x0000, 0x0020, 0x0000, 0x0000,
  0x0000, 0x0020, 0x0000, 0x0000, 0x0020, 0x0000, 0x0000, 0x0000, 0x0000, 0x0000, 0x0000, 0x0000,
  0x0020, 0x0020, 0x0020, 0x0861, 0x0000, 0x0000, 0x0000, 0x0000, 0x0000, 0x0000, 0x0000, 0x0000,
  0x0000, 0x0000, 0x0020, 0x0000, 0x0000, 0x0000, 0x0000, 0x0000, 0x0000, 0x0000, 0x0000, 0x0000,
  0x0000, 0x0020, 0x0000, 0x0000, 0x0000, 0x0000, 0x0000, 0x0000, 0x0000, 0x0000, 0x0000, 0x0000,
  0x0000, 0x0000, 0x0000, 0x0000, 0x0000, 0x0000, 0x0000, 0x0000, 0x0000, 0x0000, 0x0000, 0x0020,
  0x0000, 0x0000, 0x0000, 0x0000, 0x0000, 0x0000, 0x0000, 0x0000, 0x0000, 0x0000, 0x0000, 0x0000,
  0x0000, 0x0000, 0x0000, 0x0000, 0x0000, 0x0000, 0x0000, 0x0000, 0x0000, 0x1082, 0x0861, 0x0000,
  0x0000, 0x0000, 0x0000, 0x0000, 0x0000, 0x0000, 0x0020, 0x0020, 0x0000, 0x0841, 0x0020, 0x0000,
  0x0020, 0x0861, 0x0020, 0x0000, 0x0000, 0x0000, 0x0000, 0x0000, 0x0000, 0x0020, 0x0020, 0x0000,
  0x0000, 0x0000, 0x0000, 0x0000, 0x0000, 0x0000, 0x0000, 0x0000, 0x0000, 0x0000, 0x0000, 0x0000,
  0x0000, 0x0000, 0x0000, 0x0000, 0x0000, 0x0000, 0x0000, 0x0000, 0x0000, 0x0000, 0x0000, 0x0000,
  0x0000, 0x0000, 0x1082, 0x0020, 0x0000, 0x0000, 0x0000, 0x0000, 0x0000, 0x0000, 0x0020, 0x0020,
  0x0020, 0x0000, 0x0000, 0x0000, 0x0000, 0x0000, 0x0000, 0x0000, 0x0000, 0x0000, 0x0000, 0x0000,
  0x0000, 0x0000, 0x0020, 0x0000, 0x0000, 0x0000, 0x0000, 0x0000, 0x0000, 0x0000, 0x0020, 0x0820,
  0x0000, 0x0000, 0x0000, 0x0000, 0x0000, 0x0000, 0x0000, 0x0000, 0x0000, 0x0000, 0x0000, 0x0000,
  0x0000, 0x0000, 0x0000, 0x0000, 0x0000, 0x0000, 0x0000, 0x0000, 0x0000, 0x0000, 0x0000, 0x0000,
  0x0000, 0x0000, 0x0000, 0x0000, 0x0000, 0x0000, 0x0000, 0x0000, 0x0020, 0x0820, 0x0840, 0x0861,
  0x1081, 0x10A2, 0x18C2, 0x18E2, 0x2102, 0x2103, 0x2123, 0x2123, 0x2123, 0x2123, 0x2963, 0x2964,
  0x2964, 0x3164, 0x2964, 0x2964, 0x2964, 0x2964, 0x2964, 0x2944, 0x18E3, 0x0861, 0x0000, 0x0000,
  0x0000, 0x0000, 0x0000, 0x0000, 0x0000, 0x0000, 0x0000, 0x0000, 0x0020, 0x0861, 0x0841, 0x0000,
  0x0841, 0x0841, 0x0020, 0x0020, 0x0000, 0x0000, 0x0861, 0x0861, 0x0000, 0x0000, 0x0000, 0x0000,
  0x0000, 0x0000, 0x0000, 0x0000, 0x0000, 0x0020, 0x0020, 0x0000, 0x0000, 0x0000, 0x0000, 0x0000,
  0x0000, 0x0000, 0x0000, 0x0000, 0x0020, 0x0000, 0x0000, 0x0000, 0x0000, 0x0000, 0x0000, 0x0000,
  0x0000, 0x0000, 0x0000, 0x0000, 0x0000, 0x0000, 0x0841, 0x0020, 0x0000, 0x0020, 0x0000, 0x0000,
  0x0020, 0x0020, 0x0000, 0x0000, 0x0000, 0x0000, 0x0000, 0x0000, 0x0000, 0x0000, 0x0841, 0x0020,
  0x0000, 0x0000, 0x0000, 0x0000, 0x0000, 0x0000, 0x0000, 0x0000, 0x0000, 0x0000, 0x0000, 0x0000,
  0x0000, 0x0020, 0x0020, 0x0000, 0x0000, 0x0000, 0x0020, 0x0000, 0x0000, 0x0000, 0x0000, 0x0000,
  0x0000, 0x0000, 0x0000, 0x0020, 0x0020, 0x0000, 0x0000, 0x0000, 0x0000, 0x0000, 0x0000, 0x0000,
  0x0020, 0x0020, 0x0000, 0x0000, 0x0000, 0x0000, 0x0000, 0x0000, 0x0000, 0x0000, 0x0000, 0x0000,
  0x0020, 0x0020, 0x0000, 0x0000, 0x0000, 0x0000, 0x0000, 0x0020, 0x0020, 0x0020, 0x0000, 0x0000,
  0x0000, 0x0000, 0x1082, 0x0000, 0x0000, 0x0000, 0x0000, 0x0000, 0x0000, 0x0000, 0x0000, 0x0000,
  0x0000, 0x0020, 0x0000, 0x0000, 0x0000, 0x0000, 0x0841, 0x18C3, 0x0000, 0x0000, 0x0000, 0x0000,
  0x0000, 0x0000, 0x0000, 0x0000, 0x0000, 0x0000, 0x0000, 0x0000, 0x0000, 0x0000, 0x0000, 0x0000,
  0x0000, 0x0000, 0x0000, 0x0000, 0x0000, 0x0000, 0x0000, 0x0000, 0x0000, 0x0000, 0x0000, 0x0000,
  0x0000, 0x0000, 0x0000, 0x0020, 0x0000, 0x0020, 0x0020, 0x0000, 0x0000, 0x0000, 0x0020, 0x0000,
  0x0000, 0x0000, 0x0000, 0x0000, 0x0000, 0x0000, 0x0020, 0x0000, 0x0000, 0x0000, 0x0000, 0x0000,
  0x0000, 0x0000, 0x0000, 0x0000, 0x0000, 0x0000, 0x0000, 0x0000, 0x0000, 0x0000, 0x0000, 0x0000,
  0x0000, 0x0000, 0x0000, 0x0000, 0x0000, 0x0000, 0x0000, 0x0000, 0x0000, 0x0000, 0x0020, 0x0000,
  0x0000, 0x0000, 0x0000, 0x0000, 0x0000, 0x0000, 0x0000, 0x0020, 0x0000, 0x0020, 0x0020, 0x0000,
  0x0000, 0x0000, 0x0000, 0x0000, 0x0000, 0x0000, 0x0020, 0x0000, 0x0000, 0x0020, 0x0000, 0x0820,
  0x0020, 0x0000, 0x0000, 0x0000, 0x0020, 0x0020, 0x0020, 0x0020, 0x0000, 0x0000, 0x0000, 0x0000,
  0x0000, 0x0000, 0x0000, 0x0000, 0x0000, 0x0000, 0x0000, 0x0000, 0x0000, 0x0000, 0x0000, 0x0000,
  0x0000, 0x0000, 0x0000, 0x0000, 0x0000, 0x0000, 0x0000, 0x0000, 0x0000, 0x0000, 0x0000, 0x0000,
  0x0000, 0x0000, 0x0000, 0x0000, 0x0020, 0x0820, 0x0840, 0x0840, 0x1081, 0x1081, 0x18A2, 0x18E2,
  0x18E2, 0x2102, 0x2123, 0x2123, 0x2943, 0x2123, 0x2123, 0x2963, 0x3164, 0x3164, 0x3184, 0x3184,
  0x2964, 0x2964, 0x2964, 0x2964, 0x3184, 0x3185, 0x2124, 0x1081, 0x0000, 0x0000, 0x0000, 0x0020,
  0x0000, 0x0000, 0x0000, 0x0000, 0x0000, 0x0020, 0x0861, 0x0020, 0x0000, 0x0841, 0x0000, 0x0000,
  0x0000, 0x0000, 0x0000, 0x0000, 0x0000, 0x0000, 0x0000, 0x0000, 0x0000, 0x0020, 0x0020, 0x0000,
  0x0020, 0x0000, 0x0000, 0x0000, 0x0000, 0x0000, 0x0000, 0x0020, 0x0020, 0x0020, 0x0000, 0x0000,
  0x0020, 0x0000, 0x0000, 0x0000, 0x0000, 0x0000, 0x0000, 0x0000, 0x0000, 0x0000, 0x0000, 0x0020,
  0x0020, 0x0000, 0x0841, 0x0020, 0x0000, 0x0000, 0x0000, 0x0000, 0x0000, 0x0000, 0x0000, 0x0000,
  0x0000, 0x0000, 0x0000, 0x0000, 0x0000, 0x0000, 0x0000, 0x0000, 0x0000, 0x0000, 0x0000, 0x0000,
  0x0000, 0x0020, 0x0000, 0x0000, 0x0000, 0x0000, 0x0000, 0x0000, 0x0020, 0x0000, 0x0000, 0x0000,
  0x0000, 0x0000, 0x0000, 0x0000, 0x0000, 0x0000, 0x0000, 0x0000, 0x0000, 0x0000, 0x0000, 0x0020,
  0x0020, 0x0000, 0x0000, 0x0000, 0x0000, 0x0000, 0x0020, 0x0000, 0x0000, 0x0000, 0x0020, 0x0841,
  0x0000, 0x0000, 0x0000, 0x0000, 0x0000, 0x0000, 0x0000, 0x0000, 0x0000, 0x0020, 0x0000, 0x0000,
  0x0020, 0x0000, 0x0020, 0x0000, 0x0000, 0x0000, 0x0000, 0x0000, 0x0000, 0x0000, 0x0861, 0x0000,
  0x0000, 0x0000, 0x0000, 0x0000, 0x0000, 0x0000, 0x0000, 0x0000, 0x0020, 0x0841, 0x0000, 0x0000,
  0x0000, 0x0000, 0x0000, 0x0000, 0x0000, 0x0000, 0x0000, 0x0000, 0x0000, 0x0000, 0x0020, 0x0000,
  0x0000, 0x0000, 0x0000, 0x0000, 0x0000, 0x0000, 0x0000, 0x0000, 0x0000, 0x0000, 0x0000, 0x0000,
  0x0000, 0x0000, 0x0000, 0x0000, 0x0000, 0x0000, 0x0000, 0x0000, 0x0000, 0x0000, 0x0000, 0x0000,
  0x0000, 0x0000, 0x0000, 0x0000, 0x0000, 0x0000, 0x0000, 0x0020, 0x0000, 0x0000, 0x0000, 0x0000,
  0x0000, 0x0000, 0x0000, 0x0000, 0x0000, 0x0000, 0x0000, 0x0000, 0x0000, 0x0000, 0x0000, 0x0000,
  0x0000, 0x0000, 0x0000, 0x0000, 0x0000, 0x0000, 0x0000, 0x0000, 0x0000, 0x0000, 0x0000, 0x0000,
  0x0000, 0x0000, 0x0020, 0x0841, 0x0000, 0x0000, 0x0020, 0x0020, 0x0000, 0x0000, 0x0000, 0x0000,
  0x0000, 0x0000, 0x0020, 0x0020, 0x0020, 0x0000, 0x0020, 0x0020, 0x0000, 0x0000, 0x0020, 0x0000,
  0x0000, 0x0000, 0x0020, 0x0000, 0x0000, 0x0000, 0x0000, 0x0000, 0x0000, 0x0000, 0x0000, 0x0000,
  0x0020, 0x0020, 0x0000, 0x0000, 0x0000, 0x0000, 0x0000, 0x0000, 0x0000, 0x0000, 0x0000, 0x0000,
  0x0000, 0x0000, 0x0000, 0x0000, 0x0000, 0x0000, 0x0000, 0x0000, 0x0020, 0x0000, 0x0000, 0x0000,
  0x0000, 0x0000, 0x0000, 0x0000, 0x0000, 0x0000, 0x0000, 0x0000, 0x0000, 0x0000, 0x0000, 0x0000,
  0x0000, 0x0020, 0x0820, 0x0840, 0x1081, 0x1081, 0x1081, 0x18C2, 0x18E2, 0x20E2, 0x2102, 0x2123,
  0x2943, 0x2943, 0x2943, 0x2123, 0x2964, 0x3184, 0x3184, 0x3184, 0x3184, 0x3184, 0x3164, 0x3184,
  0x3184, 0x3184, 0x3185, 0x31A5, 0x2944, 0x10A2, 0x0020, 0x0000, 0x0000, 0x0000, 0x0000, 0x0000,
  0x0000, 0x0000, 0x0000, 0x0020, 0x10A2, 0x0021, 0x0020, 0x0000, 0x0000, 0x0000, 0x0000, 0x0000,
  0x0000, 0x0000, 0x0000, 0x0000, 0x0000, 0x0000, 0x0861, 0x0020, 0x0841, 0x0000, 0x0000, 0x0000,
  0x0000, 0x0000, 0x0000, 0x0841, 0x0841, 0x0861, 0x0000, 0x0000, 0x0000, 0x0000, 0x0000, 0x0000,
  0x0000, 0x0000, 0x0000, 0x0000, 0x0000, 0x0000, 0x0020, 0x0841, 0x0000, 0x0000, 0x0000, 0x0000,
  0x0000, 0x0000, 0x0000, 0x0000, 0x0000, 0x0000, 0x0000, 0x0000, 0x0000, 0x0000, 0x0000, 0x0861,
  0x0841, 0x0000, 0x0020, 0x0020, 0x0000, 0x0000, 0x0841, 0x0000, 0x0000, 0x0020, 0x0000, 0x0000,
  0x0000, 0x0841, 0x0000, 0x0000, 0x0000, 0x0000, 0x0000, 0x0000, 0x0000, 0x0000, 0x0000, 0x0000,
  0x0841, 0x0000, 0x0000, 0x0000, 0x0000, 0x0000, 0x0000, 0x0000, 0x0000, 0x0000, 0x0000, 0x0000,
  0x0000, 0x0000, 0x1082, 0x0000, 0x0000, 0x0000, 0x0020, 0x0861, 0x0000, 0x0000, 0x0000, 0x0000,
  0x0000, 0x0000, 0x0000, 0x0020, 0x0841, 0x0000, 0x0000, 0x0000, 0x0000, 0x0000, 0x0000, 0x0000,
  0x0000, 0x0000, 0x0000, 0x0000, 0x0000, 0x0000, 0x0000, 0x0000, 0x0000, 0x0000, 0x0000, 0x0000,
  0x0000, 0x0000, 0x0000, 0x0000, 0x0000, 0x0000, 0x0000, 0x0000, 0x0000, 0x0000, 0x0000, 0x0000,
  0x0000, 0x0000, 0x0000, 0x0000, 0x0000, 0x0000, 0x0000, 0x0000, 0x0000, 0x0000, 0x0000, 0x0000,
  0x0000, 0x0000, 0x0000, 0x0000, 0x0000, 0x0000, 0x0000, 0x0000, 0x0000, 0x0000, 0x0020, 0x0000,
  0x0000, 0x0000, 0x0000, 0x0000, 0x0020, 0x0020, 0x0000, 0x0000, 0x0000, 0x0000, 0x0000, 0x0000,
  0x0841, 0x0000, 0x0000, 0x0841, 0x0841, 0x0000, 0x0000, 0x0000, 0x0000, 0x0000, 0x0000, 0x0000,
  0x0000, 0x0020, 0x0020, 0x0000, 0x0000, 0x0000, 0x0000, 0x0000, 0x0000, 0x0000, 0x0000, 0x0000,
  0x0020, 0x10A2, 0x0841, 0x0020, 0x0000, 0x0000, 0x0000, 0x0000, 0x0000, 0x0000, 0x0000, 0x0020,
  0x0000, 0x0000, 0x0000, 0x0000, 0x0000, 0x0000, 0x0000, 0x0000, 0x0000, 0x0000, 0x0020, 0x0000,
  0x0000, 0x0000, 0x0000, 0x0000, 0x0020, 0x0000, 0x0000, 0x0000, 0x0000, 0x0000, 0x0020, 0x0820,
  0x0000, 0x0820, 0x0020, 0x0820, 0x0820, 0x0820, 0x0840, 0x0820, 0x0000, 0x0820, 0x0020, 0x0000,
  0x0000, 0x0020, 0x0000, 0x0000, 0x0000, 0x0020, 0x0000, 0x0000, 0x0020, 0x0000, 0x0000, 0x0000,
  0x0000, 0x0000, 0x0000, 0x0000, 0x0820, 0x0000, 0x0020, 0x0020, 0x0020, 0x0000, 0x0000, 0x0020,
  0x0000, 0x0020, 0x0000, 0x0000, 0x0000, 0x0000, 0x0000, 0x0000, 0x0000, 0x0020, 0x0820, 0x0840,
  0x0840, 0x1061, 0x1081, 0x10A1, 0x18C2, 0x20E2, 0x2102, 0x2102, 0x2943, 0x2943, 0x2943, 0x2943,
  0x2923, 0x2963, 0x3184, 0x3184, 0x31A4, 0x39A5, 0x31A4, 0x3185, 0x3185, 0x31A5, 0x3185, 0x3185,
  0x31A5, 0x31A5, 0x2964, 0x18C2, 0x0020, 0x0000, 0x0000, 0x0000, 0x0000, 0x0000, 0x0000, 0x0000,
  0x0021, 0x0020, 0x0020, 0x0000, 0x0000, 0x0000, 0x0000, 0x0000, 0x0000, 0x0000, 0x0000, 0x0000,
  0x0000, 0x0000, 0x0841, 0x0000, 0x0000, 0x0000, 0x0000, 0x0000, 0x0020, 0x0000, 0x0000, 0x0000,
  0x0000, 0x0000, 0x0000, 0x0000, 0x0000, 0x0000, 0x0000, 0x0000, 0x0000, 0x0000, 0x0000, 0x0000,
  0x0000, 0x0000, 0x0000, 0x0000, 0x0861, 0x10A2, 0x0000, 0x0841, 0x0000, 0x0000, 0x0000, 0x0000,
  0x0000, 0x0000, 0x0000, 0x0000, 0x0000, 0x0000, 0x0000, 0x0020, 0x0841, 0x0000, 0x0000, 0x0000,
  0x0000, 0x0000, 0x0841, 0x0020, 0x0841, 0x0000, 0x0000, 0x0020, 0x0020, 0x0861, 0x0000, 0x0020,
  0x0000, 0x0000, 0x0020, 0x0020, 0x0000, 0x0000, 0x0000, 0x0000, 0x0861, 0x0020, 0x0000, 0x0000,
  0x0000, 0x0000, 0x0000, 0x0000, 0x0000, 0x0000, 0x0000, 0x0000, 0x0000, 0x0000, 0x0000, 0x0000,
  0x0000, 0x0000, 0x0000, 0x0020, 0x0000, 0x0000, 0x0000, 0x0000, 0x0000, 0x0000, 0x0020, 0x0020,
  0x0020, 0x0000, 0x0000, 0x0000, 0x0000, 0x0000, 0x0000, 0x0000, 0x0000, 0x0000, 0x0000, 0x0000,
  0x0000, 0x0000, 0x0000, 0x0000, 0x0000, 0x0000, 0x0000, 0x0000, 0x0020, 0x0000, 0x0000, 0x0020,
  0x0000, 0x0000, 0x0000, 0x0000, 0x0000, 0x0000, 0x0000, 0x0000, 0x0000, 0x0000, 0x0000, 0x0000,
  0x0000, 0x0000, 0x0000, 0x0000, 0x0000, 0x0000, 0x0000, 0x0000, 0x0000, 0x0000, 0x0000, 0x0000,
  0x0000, 0x0000, 0x0000, 0x0000, 0x0000, 0x0000, 0x0000, 0x0000, 0x0000, 0x0000, 0x0000, 0x0000,
  0x0000, 0x0000, 0x0000, 0x0000, 0x0000, 0x0000, 0x0000, 0x0000, 0x0841, 0x0000, 0x0000, 0x0000,
  0x0000, 0x0000, 0x0000, 0x0000, 0x0000, 0x0000, 0x0000, 0x0000, 0x0000, 0x0020, 0x1082, 0x0000,
  0x0000, 0x0000, 0x0000, 0x0000, 0x0000, 0x0000, 0x0000, 0x0000, 0x0841, 0x2124, 0x1061, 0x0000,
  0x0000, 0x0000, 0x0861, 0x0020, 0x0000, 0x0000, 0x0000, 0x0000, 0x0000, 0x0000, 0x0000, 0x0000,
  0x0000, 0x0000, 0x0000, 0x0020, 0x0000, 0x0000, 0x0020, 0x0020, 0x0000, 0x0020, 0x0020, 0x0020,
  0x0020, 0x0020, 0x0020, 0x0020, 0x0820, 0x0020, 0x0820, 0x0820, 0x0020, 0x0020, 0x0820, 0x0820,
  0x0020, 0x0820, 0x0820, 0x0020, 0x0020, 0x0820, 0x0820, 0x0020, 0x0020, 0x0020, 0x0000, 0x0820,
  0x0820, 0x0020, 0x0020, 0x0020, 0x0020, 0x0020, 0x0841, 0x0820, 0x0020, 0x0000, 0x0020, 0x0000,
  0x0840, 0x0020, 0x0000, 0x0000, 0x0000, 0x0000, 0x0000, 0x0020, 0x0000, 0x0020, 0x0000, 0x0000,
  0x0000, 0x0000, 0x0000, 0x0000, 0x0000, 0x0000, 0x0820, 0x0840, 0x0861, 0x1081, 0x10A1, 0x18A2,
  0x18C2, 0x18E2, 0x2102, 0x2102, 0x2102, 0x2123, 0x2943, 0x2943, 0x2943, 0x2943, 0x2943, 0x3184,
  0x3184, 0x31A5, 0x39C5, 0x39A5, 0x31A5, 0x39A5, 0x39C5, 0x39A5, 0x31A5, 0x31A5, 0x39A5, 0x39A5,
  0x2964, 0x18C2, 0x0840, 0x0000, 0x0000, 0x0000, 0x0000, 0x0000, 0x0000, 0x0000, 0x0000, 0x0020,
  0x0020, 0x0000, 0x0000, 0x0000, 0x0000, 0x0000, 0x0000, 0x0000, 0x0000, 0x0000, 0x0000, 0x0000,
  0x0000, 0x10A2, 0x0861, 0x0000, 0x1082, 0x0000, 0x0000, 0x0000, 0x0000, 0x0000, 0x0000, 0x0000,
  0x0000, 0x0000, 0x0000, 0x0000, 0x0020, 0x0020, 0x0000, 0x0000, 0x0000, 0x0000, 0x0000, 0x0000,
  0x0020, 0x0020, 0x0000, 0x0861, 0x0000, 0x0000, 0x0020, 0x0020, 0x0000, 0x0000, 0x0000, 0x0000,
  0x0000, 0x0000, 0x0000, 0x0000, 0x0000, 0x0000, 0x0000, 0x0000, 0x0000, 0x0841, 0x0841, 0x0020,
  0x1082, 0x0000, 0x0000, 0x0000, 0x0000, 0x0000, 0x0020, 0x0020, 0x0000, 0x0000, 0x0020, 0x0020,
  0x0000, 0x0000, 0x0000, 0x0000, 0x0000, 0x0000, 0x0020, 0x0000, 0x0000, 0x0000, 0x0000, 0x0000,
  0x0000, 0x0000, 0x0000, 0x0000, 0x0000, 0x0020, 0x0861, 0x0000, 0x0000, 0x0000, 0x0000, 0x0000,
  0x0000, 0x0000, 0x0000, 0x0000, 0x0000, 0x0000, 0x0841, 0x0000, 0x0000, 0x0000, 0x0000, 0x0000,
  0x0000, 0x0000, 0x0000, 0x0000, 0x0000, 0x0000, 0x0000, 0x0000, 0x0000, 0x0000, 0x0000, 0x0000,
  0x0841, 0x0020, 0x0000, 0x0000, 0x0000, 0x0000, 0x0000, 0x0841, 0x0000, 0x0000, 0x0000, 0x0000,
  0x0000, 0x0000, 0x0000, 0x0000, 0x0000, 0x0000, 0x0000, 0x0000, 0x0000, 0x0020, 0x0000, 0x0000,
  0x0000, 0x0000, 0x0000, 0x0020, 0x0020, 0x0000, 0x0000, 0x0000, 0x0000, 0x0000, 0x0000, 0x0000,
  0x0000, 0x0000, 0x0000, 0x0000, 0x0000, 0x0000, 0x0000, 0x0000, 0x0000, 0x0000, 0x0000, 0x0000,
  0x0000, 0x0000, 0x0000, 0x0000, 0x0000, 0x0000, 0x0000, 0x0000, 0x0000, 0x0000, 0x0000, 0x0020,
  0x0020, 0x0000, 0x0000, 0x0000, 0x0000, 0x0000, 0x0020, 0x0000, 0x0000, 0x0000, 0x0000, 0x0000,
  0x0000, 0x0000, 0x0000, 0x0000, 0x0000, 0x0000, 0x0000, 0x0000, 0x0000, 0x0000, 0x0840, 0x0020,
  0x0000, 0x0000, 0x0000, 0x0000, 0x0000, 0x0000, 0x0020, 0x0000, 0x0020, 0x0020, 0x0020, 0x0020,
  0x0020, 0x0020, 0x0020, 0x0020, 0x0020, 0x0820, 0x0820, 0x0820, 0x0820, 0x0820, 0x0840, 0x0820,
  0x0820, 0x0820, 0x0820, 0x0000, 0x0020, 0x0820, 0x0820, 0x0820, 0x0820, 0x0820, 0x0020, 0x0820,
  0x0020, 0x0820, 0x0020, 0x0820, 0x0020, 0x0020, 0x0020, 0x0000, 0x0820, 0x0020, 0x0000, 0x0000,
  0x0000, 0x0000, 0x0820, 0x0020, 0x0020, 0x0000, 0x0020, 0x0000, 0x0820, 0x0020, 0x0000, 0x0000,
  0x0020, 0x0000, 0x0000, 0x0000, 0x0000, 0x0020, 0x0000, 0x0000, 0x0000, 0x0000, 0x0000, 0x0000,
  0x0000, 0x0000, 0x0820, 0x0840, 0x0861, 0x1081, 0x10A1, 0x18C2, 0x18C2, 0x18E2, 0x2102, 0x2103,
  0x2102, 0x2123, 0x2943, 0x2943, 0x2964, 0x3164, 0x2963, 0x3184, 0x3184, 0x3184, 0x31A4, 0x39A4,
  0x39A5, 0x39A5, 0x39C5, 0x39C5, 0x39C6, 0x39C5, 0x39C5, 0x39C5, 0x39C6, 0x39C6, 0x2964, 0x18A2,
  0x0020, 0x0000, 0x0000, 0x0000, 0x0000, 0x0000, 0x0000, 0x0000, 0x0000, 0x0000, 0x0000, 0x0000,
  0x0000, 0x0000, 0x0000, 0x0000, 0x0000, 0x0000, 0x0020, 0x0000, 0x0000, 0x0020, 0x0020, 0x0000,
  0x0020, 0x0020, 0x0000, 0x0000, 0x0020, 0x0020, 0x0000, 0x0000, 0x0000, 0x0000, 0x0000, 0x0000,
  0x0020, 0x0020, 0x0000, 0x0000, 0x0000, 0x0000, 0x0000, 0x0000, 0x0000, 0x0020, 0x0020, 0x0000,
  0x0000, 0x0000, 0x0000, 0x0000, 0x0000, 0x0000, 0x0000, 0x0000, 0x0000, 0x0000, 0x0000, 0x0000,
  0x0020, 0x0000, 0x0000, 0x0000, 0x0000, 0x0000, 0x0841, 0x0841, 0x1082, 0x0000, 0x0000, 0x0000,
  0x0000, 0x0000, 0x0000, 0x0000, 0x0000, 0x0000, 0x0000, 0x0000, 0x0000, 0x0000, 0x0000, 0x0000,
  0x0000, 0x0000, 0x0841, 0x0000, 0x0000, 0x0000, 0x0000, 0x0000, 0x0000, 0x0000, 0x0000, 0x0000,
  0x0000, 0x0000, 0x0000, 0x0000, 0x0020, 0x0841, 0x0000, 0x0000, 0x0000, 0x0000, 0x0000, 0x0000,
  0x0000, 0x0000, 0x0000, 0x0000, 0x0000, 0x0000, 0x0000, 0x0000, 0x0000, 0x0000, 0x0000, 0x0000,
  0x0000, 0x0000, 0x0000, 0x0000, 0x0000, 0x0000, 0x0000, 0x0020, 0x0841, 0x0000, 0x0000, 0x0000,
  0x0020, 0x0020, 0x0000, 0x0000, 0x0000, 0x0000, 0x0000, 0x0020, 0x0000, 0x0000, 0x0000, 0x0000,
  0x0000, 0x0000, 0x0000, 0x0000, 0x0020, 0x0020, 0x0000, 0x0000, 0x0000, 0x0000, 0x0000, 0x0020,
  0x0020, 0x0000, 0x0000, 0x0000, 0x0000, 0x0000, 0x0000, 0x0000, 0x0000, 0x0000, 0x0000, 0x0000,
  0x0000, 0x0000, 0x0000, 0x0000, 0x0000, 0x0000, 0x0000, 0x0000, 0x0000, 0x0000, 0x0000, 0x0000,
  0x0000, 0x0000, 0x0000, 0x0000, 0x0000, 0x0000, 0x0000, 0x0020, 0x0020, 0x1082, 0x2124, 0x0000,
  0x0000, 0x0000, 0x0000, 0x0000, 0x0000, 0x0000, 0x0000, 0x0000, 0x0000, 0x0020, 0x0020, 0x0000,
  0x0000, 0x0000, 0x0000, 0x0000, 0x0000, 0x0000, 0x0000, 0x0000, 0x0000, 0x0000, 0x0000, 0x0020,
  0x0020, 0x0020, 0x0020, 0x0020, 0x0020, 0x0020, 0x0020, 0x0020, 0x0020, 0x0020, 0x0020, 0x0020,
  0x0820, 0x0820, 0x0020, 0x0820, 0x0820, 0x0820, 0x0020, 0x0020, 0x0820, 0x0820, 0x0820, 0x0820,
  0x0020, 0x0820, 0x0820, 0x0820, 0x0820, 0x0820, 0x0820, 0x0820, 0x0820, 0x0820, 0x0820, 0x0020,
  0x0820, 0x0820, 0x0000, 0x0020, 0x0820, 0x0820, 0x0840, 0x0820, 0x0820, 0x0820, 0x0020, 0x0820,
  0x0000, 0x0820, 0x0820, 0x0840, 0x0000, 0x0020, 0x0000, 0x0020, 0x0000, 0x0000, 0x0020, 0x0020,
  0x0000, 0x0000, 0x0000, 0x0000, 0x0000, 0x0000, 0x0000, 0x0000, 0x0020, 0x0020, 0x0020, 0x0820,
  0x0841, 0x0861, 0x1081, 0x10A1, 0x18C2, 0x18C2, 0x20E2, 0x2102, 0x2103, 0x2123, 0x2943, 0x2943,
  0x2963, 0x3164, 0x3184, 0x3184, 0x31A4, 0x39A5, 0x39C5, 0x39C5, 0x39C5, 0x41E5, 0x39E5, 0x41E5,
  0x39E6, 0x39E6, 0x39E6, 0x39E6, 0x39C6, 0x39C5, 0x39C6, 0x31A5, 0x2944, 0x10A2, 0x0000, 0x0000,
  0x0020, 0x0020, 0x0000, 0x0000, 0x0000, 0x0000, 0x0000, 0x0020, 0x0020, 0x0000, 0x0841, 0x0020,
  0x0000, 0x0000, 0x0000, 0x0000, 0x0020, 0x0000, 0x0000, 0x0000, 0x0000, 0x0841, 0x0020, 0x0000,
  0x0000, 0x0000, 0x0020, 0x0020, 0x0000, 0x0000, 0x0000, 0x0000, 0x0000, 0x0000, 0x0020, 0x0020,
  0x0000, 0x0000, 0x0000, 0x0000, 0x0020, 0x0020, 0x0020, 0x0000, 0x0000, 0x0000, 0x0000, 0x0000,
  0x0000, 0x0000, 0x0000, 0x0000, 0x0000, 0x0020, 0x0000, 0x0000, 0x0020, 0x0841, 0x0841, 0x0000,
  0x0000, 0x0000, 0x0000, 0x0020, 0x0841, 0x0000, 0x0841, 0x0841, 0x0000, 0x0000, 0x0000, 0x0000,
  0x0000, 0x0020, 0x0020, 0x0000, 0x0000, 0x0000, 0x0000, 0x0000, 0x0000, 0x0861, 0x0020, 0x0020,
  0x0000, 0x0000, 0x0000, 0x0000, 0x0000, 0x0000, 0x0000, 0x0000, 0x0000, 0x0000, 0x0000, 0x0000,
  0x0020, 0x0841, 0x0000, 0x0000, 0x0000, 0x0000, 0x0000, 0x0000, 0x0000, 0x0000, 0x0000, 0x0000,
  0x0000, 0x0000, 0x0000, 0x0000, 0x0000, 0x0000, 0x0000, 0x0000, 0x0000, 0x0020, 0x0000, 0x0000,
  0x0020, 0x0000, 0x0000, 0x0020, 0x0020, 0x0000, 0x0020, 0x0020, 0x0000, 0x0000, 0x0020, 0x0000,
  0x0000, 0x0000, 0x0000, 0x0841, 0x0000, 0x0000, 0x0000, 0x0000, 0x0000, 0x0000, 0x0841, 0x0000,
  0x0000, 0x0000, 0x0000, 0x0000, 0x0000, 0x0000, 0x0000, 0x0000, 0x0000, 0x0000, 0x0000, 0x0000,
  0x0000, 0x0000, 0x0000, 0x0000, 0x0000, 0x0000, 0x0000, 0x0000, 0x0000, 0x0000, 0x0000, 0x0000,
  0x0000, 0x0000, 0x0000, 0x0000, 0x0000, 0x0000, 0x0000, 0x0000, 0x0000, 0x0000, 0x0000, 0x0000,
  0x0000, 0x0000, 0x0000, 0x0000, 0x0000, 0x0020, 0x0841, 0x0020, 0x0000, 0x0000, 0x0000, 0x0000,
  0x0000, 0x0000, 0x0000, 0x0000, 0x0000, 0x0000, 0x0000, 0x0000, 0x0000, 0x0000, 0x0000, 0x0000,
  0x0000, 0x0000, 0x0020, 0x0020, 0x0020, 0x0020, 0x0020, 0x0020, 0x0020, 0x0820, 0x0020, 0x0820,
  0x0020, 0x0020, 0x0020, 0x0020, 0x0020, 0x0020, 0x0820, 0x0820, 0x0820, 0x0820, 0x0820, 0x0020,
  0x0020, 0x0020, 0x0020, 0x0820, 0x0840, 0x0820, 0x0820, 0x0020, 0x0820, 0x0820, 0x0820, 0x0820,
  0x0820, 0x0820, 0x0820, 0x0000, 0x0820, 0x0820, 0x0020, 0x0000, 0x0020, 0x0020, 0x0000, 0x0000,
  0x0020, 0x0020, 0x0841, 0x0820, 0x0820, 0x0840, 0x0820, 0x0841, 0x0000, 0x0861, 0x0840, 0x0820,
  0x0000, 0x0820, 0x0020, 0x0020, 0x0000, 0x0000, 0x0020, 0x0841, 0x0020, 0x0000, 0x0000, 0x0000,
  0x0000, 0x0000, 0x0020, 0x0000, 0x0000, 0x0000, 0x0841, 0x10A2, 0x0820, 0x0861, 0x1081, 0x10A1,
  0x18C2, 0x18C2, 0x18E2, 0x2102, 0x2103, 0x2123, 0x2943, 0x2943, 0x2943, 0x2963, 0x3164, 0x3184,
  0x3184, 0x31A4, 0x39C5, 0x39C5, 0x41E5, 0x41E5, 0x4206, 0x4206, 0x4206, 0x4206, 0x4206, 0x4206,
  0x4206, 0x41E6, 0x39C6, 0x39C6, 0x39C6, 0x31A5, 0x2124, 0x1081, 0x0000, 0x0020, 0x0000, 0x0000,
  0x0000, 0x0000, 0x0000, 0x0020, 0x0000, 0x0000, 0x0020, 0x0841, 0x0000, 0x0000, 0x0000, 0x0000,
  0x0000, 0x0000, 0x0000, 0x0000, 0x0000, 0x0000, 0x0000, 0x0000, 0x0000, 0x0000, 0x0861, 0x0841,
  0x0000, 0x0000, 0x0000, 0x0000, 0x0841, 0x0000, 0x0020, 0x0020, 0x0000, 0x0000, 0x0000, 0x0000,
  0x0841, 0x0841, 0x0000, 0x0841, 0x0000, 0x0000, 0x0000, 0x0000, 0x0000, 0x0000, 0x0000, 0x0000,
  0x0000, 0x1082, 0x1082, 0x0000, 0x0000, 0x0841, 0x1082, 0x0000, 0x0000, 0x0020, 0x0020, 0x0000,
  0x0000, 0x0020, 0x0841, 0x0841, 0x0000, 0x0000, 0x0000, 0x0000, 0x0000, 0x0000, 0x0000, 0x0000,
  0x0000, 0x0000, 0x0000, 0x0000, 0x0000, 0x0020, 0x10A2, 0x0841, 0x0000, 0x0020, 0x0000, 0x0000,
  0x0000, 0x0000, 0x0000, 0x0000, 0x0000, 0x0000, 0x0000, 0x0000, 0x0000, 0x0000, 0x0020, 0x0020,
  0x0000, 0x0000, 0x0000, 0x0000, 0x0000, 0x0000, 0x0000, 0x0020, 0x0020, 0x0000, 0x0000, 0x0000,
  0x0000, 0x0000, 0x0000, 0x0000, 0x0000, 0x0000, 0x0000, 0x0020, 0x0861, 0x0000, 0x0000, 0x0000,
  0x0000, 0x0000, 0x0000, 0x0000, 0x0000, 0x0000, 0x0000, 0x0000, 0x0000, 0x0000, 0x0000, 0x0000,
  0x0000, 0x0000, 0x0000, 0x0000, 0x0000, 0x0000, 0x0861, 0x0000, 0x0000, 0x0000, 0x0000, 0x0000,
  0x0000, 0x0020, 0x0020, 0x0000, 0x0000, 0x0000, 0x0000, 0x0000, 0x0000, 0x0000, 0x0000, 0x0000,
  0x0000, 0x0000, 0x0000, 0x0000, 0x0020, 0x0000, 0x0000, 0x0000, 0x0000, 0x0000, 0x0000, 0x0000,
  0x0000, 0x0000, 0x0000, 0x0000, 0x0000, 0x0000, 0x0000, 0x0000, 0x0000, 0x0000, 0x0000, 0x0000,
  0x0000, 0x0000, 0x0000, 0x0000, 0x0000, 0x0000, 0x0000, 0x0000, 0x0000, 0x0000, 0x0000, 0x0000,
  0x0841, 0x0000, 0x0000, 0x0000, 0x0000, 0x0000, 0x0000, 0x0000, 0x0000, 0x0020, 0x0020, 0x0020,
  0x0020, 0x0020, 0x0820, 0x0820, 0x0020, 0x0020, 0x0820, 0x0820, 0x0820, 0x0020, 0x0020, 0x0820,
  0x0020, 0x0020, 0x0820, 0x0840, 0x0841, 0x0820, 0x0020, 0x0020, 0x0020, 0x0000, 0x0020, 0x0820,
  0x0820, 0x0820, 0x0020, 0x0020, 0x0841, 0x0840, 0x0820, 0x0840, 0x0820, 0x0841, 0x0820, 0x0000,
  0x0820, 0x0020, 0x0000, 0x0000, 0x0000, 0x0000, 0x0000, 0x0000, 0x0000, 0x0820, 0x0841, 0x0820,
  0x0861, 0x0861, 0x0840, 0x0020, 0x0000, 0x0841, 0x0020, 0x0000, 0x0000, 0x0820, 0x0820, 0x0820,
  0x0000, 0x0020, 0x0841, 0x0000, 0x0020, 0x0020, 0x0020, 0x0000, 0x0020, 0x0840, 0x0020, 0x0020,
  0x0000, 0x0020, 0x0000, 0x0020, 0x0820, 0x0840, 0x0861, 0x1081, 0x10A2, 0x1081, 0x18C2, 0x18E2,
  0x2102, 0x2103, 0x2923, 0x2923, 0x2123, 0x2943, 0x2963, 0x3184, 0x3184, 0x3184, 0x39A4, 0x39C5,
  0x39C5, 0x39C5, 0x41E5, 0x4206, 0x4206, 0x4206, 0x4206, 0x4206, 0x4A27, 0x4A27, 0x4A27, 0x4206,
  0x4206, 0x41E6, 0x39C6, 0x3185, 0x20E3, 0x0020, 0x0000, 0x0000, 0x0000, 0x0000, 0x0000, 0x0000,
  0x0000, 0x0000, 0x0000, 0x0020, 0x0000, 0x0000, 0x0000, 0x0000, 0x0000, 0x0000, 0x0000, 0x0000,
  0x0000, 0x0000, 0x0000, 0x0000, 0x0000, 0x0020, 0x0020, 0x0000, 0x0000, 0x0020, 0x0000, 0x0000,
  0x0000, 0x0000, 0x0000, 0x0000, 0x0000, 0x0020, 0x0000, 0x0000, 0x0000, 0x0020, 0x0000, 0x0000,
  0x0000, 0x0000, 0x0000, 0x0000, 0x0000, 0x0000, 0x0000, 0x0000, 0x0000, 0x10A2, 0x18C3, 0x0000,
  0x0000, 0x0000, 0x0841, 0x0000, 0x0000, 0x0020, 0x0020, 0x0000, 0x0000, 0x0000, 0x0000, 0x0000,
  0x0000, 0x0000, 0x0000, 0x0000, 0x0000, 0x0000, 0x0000, 0x0000, 0x0000, 0x0000, 0x0000, 0x1082,
  0x0841, 0x0000, 0x0000, 0x0000, 0x0020, 0x0020, 0x0000, 0x0000, 0x0000, 0x0000, 0x0000, 0x0000,
  0x0000, 0x0000, 0x0000, 0x0000, 0x0000, 0x0000, 0x0000, 0x0000, 0x0000, 0x0000, 0x0000, 0x0000,
  0x0020, 0x0000, 0x0000, 0x0020, 0x0841, 0x0000, 0x0000, 0x0000, 0x0000, 0x0020, 0x0000, 0x0000,
  0x0020, 0x0020, 0x0000, 0x0020, 0x0000, 0x0000, 0x0000, 0x0000, 0x0000, 0x0000, 0x0000, 0x0000,
  0x0000, 0x0000, 0x0000, 0x0000, 0x0000, 0x0000, 0x0000, 0x0841, 0x0000, 0x0000, 0x0000, 0x0000,
  0x0000, 0x0000, 0x0000, 0x0000, 0x0000, 0x0000, 0x0000, 0x0000, 0x0000, 0x0000, 0x0000, 0x0000,
  0x0000, 0x0000, 0x0000, 0x0000, 0x0000, 0x0000, 0x0000, 0x0000, 0x0000, 0x0000, 0x0000, 0x0000,
  0x0000, 0x0000, 0x0000, 0x0000, 0x0000, 0x0000, 0x0000, 0x0000, 0x0000, 0x0000, 0x0000, 0x0000,
  0x0000, 0x0000, 0x0000, 0x0000, 0x0000, 0x0000, 0x0000, 0x0000, 0x0000, 0x0000, 0x0000, 0x0000,
  0x0000, 0x0000, 0x0000, 0x0000, 0x0000, 0x0000, 0x0000, 0x0000, 0x0841, 0x0000, 0x0000, 0x0000,
  0x0000, 0x0000, 0x0000, 0x0020, 0x0020, 0x0020, 0x0020, 0x0020, 0x0820, 0x0820, 0x0020, 0x0020,
  0x0820, 0x0820, 0x0820, 0x0020, 0x0820, 0x0820, 0x0820, 0x0020, 0x0000, 0x0020, 0x0820, 0x0820,
  0x0820, 0x0000, 0x0000, 0x0020, 0x0020, 0x0020, 0x0820, 0x0841, 0x0020, 0x0020, 0x0000, 0x0020,
  0x0020, 0x0020, 0x0020, 0x0020, 0x0000, 0x0000, 0x0000, 0x0000, 0x0820, 0x0000, 0x0020, 0x0020,
  0x0000, 0x0000, 0x0000, 0x0820, 0x0020, 0x0000, 0x0000, 0x0820, 0x0020, 0x0000, 0x0000, 0x0000,
  0x0000, 0x0820, 0x0000, 0x0000, 0x0000, 0x0020, 0x0840, 0x0020, 0x0000, 0x0020, 0x0020, 0x0000,
  0x0000, 0x0000, 0x0000, 0x0000, 0x0000, 0x0820, 0x0020, 0x0820, 0x0020, 0x0020, 0x0000, 0x0020,
  0x0820, 0x0840, 0x0840, 0x1061, 0x1081, 0x1081, 0x10A1, 0x18E2, 0x18E2, 0x2102, 0x2103, 0x2923,
  0x2103, 0x2102, 0x2943, 0x3164, 0x3184, 0x3184, 0x39A4, 0x39A4, 0x39C5, 0x39C5, 0x39C5, 0x41E5,
  0x4206, 0x4206, 0x4A06, 0x4A26, 0x4A26, 0x4A27, 0x4A27, 0x4A27, 0x4A27, 0x4A07, 0x4207, 0x41E6,
  0x39C6, 0x3165, 0x18A2, 0x0000, 0x0020, 0x0020, 0x0000, 0x0000, 0x0000, 0x0000, 0x0000, 0x0000,
  0x0000, 0x0000, 0x0000, 0x0000, 0x0000, 0x0000, 0x0000, 0x0020, 0x0000, 0x0000, 0x0000, 0x0000,
  0x0000, 0x0841, 0x0020, 0x0000, 0x0020, 0x0020, 0x0000, 0x0000, 0x0000, 0x0000, 0x0000, 0x0000,
  0x0000, 0x0000, 0x0000, 0x0000, 0x0020, 0x0841, 0x0000, 0x0000, 0x0000, 0x0000, 0x0000, 0x0861,
  0x0861, 0x0000, 0x0000, 0x0000, 0x0000, 0x0000, 0x0000, 0x0000, 0x0000, 0x0000, 0x0000, 0x0000,
  0x0000, 0x0000, 0x0000, 0x0000, 0x0000, 0x0000, 0x0000, 0x0000, 0x0000, 0x0000, 0x0000, 0x0000,
  0x0020, 0x0020, 0x0000, 0x0000, 0x0000, 0x0000, 0x0000, 0x0020, 0x0020, 0x0000, 0x0000, 0x0000,
  0x0000, 0x0000, 0x0000, 0x0000, 0x0000, 0x0000, 0x0000, 0x0000, 0x0000, 0x0000, 0x0000, 0x0000,
  0x0000, 0x0000, 0x0000, 0x0000, 0x0020, 0x0000, 0x0000, 0x0000, 0x0000, 0x0000, 0x0000, 0x0841,
  0x0000, 0x0841, 0x0020, 0x0000, 0x0020, 0x0841, 0x0000, 0x0000, 0x0000, 0x0000, 0x0000, 0x0000,
  0x0000, 0x0000, 0x0000, 0x0000, 0x0000, 0x0000, 0x0000, 0x0000, 0x0000, 0x0000, 0x0020, 0x0000,
  0x0000, 0x0000, 0x0000, 0x0000, 0x0841, 0x0020, 0x0000, 0x0000, 0x0000, 0x0000, 0x0000, 0x0000,
  0x0000, 0x0000, 0x0000, 0x0000, 0x0000, 0x0000, 0x0000, 0x0000, 0x0020, 0x0841, 0x0000, 0x0000,
  0x0000, 0x0000, 0x0000, 0x0000, 0x0000, 0x0000, 0x0000, 0x0000, 0x0020, 0x0000, 0x0000, 0x0000,
  0x0000, 0x0000, 0x0000, 0x0000, 0x0000, 0x0000, 0x0020, 0x0000, 0x0000, 0x0000, 0x0000, 0x0000,
  0x0000, 0x0020, 0x0020, 0x0000, 0x0000, 0x0000, 0x0000, 0x0000, 0x0000, 0x0000, 0x0000, 0x0000,
  0x0000, 0x0000, 0x0000, 0x0000, 0x0000, 0x0000, 0x0000, 0x0000, 0x0000, 0x0020, 0x0020, 0x0020,
  0x0020, 0x0020, 0x0020, 0x0020, 0x0020, 0x0020, 0x0020, 0x0820, 0x0820, 0x0020, 0x0020, 0x0820,
  0x0020, 0x0020, 0x0820, 0x0020, 0x0020, 0x0020, 0x0820, 0x0020, 0x0820, 0x0020, 0x0020, 0x0020,
  0x0000, 0x0020, 0x0820, 0x0000, 0x0000, 0x0000, 0x0020, 0x0020, 0x0020, 0x0020, 0x0000, 0x0000,
  0x0020, 0x0000, 0x0000, 0x0000, 0x0020, 0x0000, 0x0000, 0x0000, 0x0000, 0x0000, 0x0000, 0x0000,
  0x0000, 0x0000, 0x0000, 0x0841, 0x0820, 0x0000, 0x0000, 0x0000, 0x0000, 0x0820, 0x0020, 0x0000,
  0x0000, 0x0020, 0x0841, 0x0000, 0x0000, 0x0000, 0x0000, 0x0000, 0x0000, 0x0000, 0x0000, 0x0000,
  0x0000, 0x0000, 0x0000, 0x0000, 0x0000, 0x0000, 0x0000, 0x0000, 0x0020, 0x0820, 0x0840, 0x0861,
  0x1081, 0x10A1, 0x1061, 0x18C2, 0x18E2, 0x2102, 0x20E2, 0x2123, 0x2923, 0x2102, 0x2123, 0x2943,
  0x2943, 0x3164, 0x3184, 0x3184, 0x31A4, 0x39C5, 0x39C5, 0x39A5, 0x41E5, 0x41E5, 0x41E5, 0x4206,
  0x4A06, 0x4A27, 0x4A27, 0x4A27, 0x4A27, 0x4A47, 0x4A27, 0x4227, 0x4207, 0x41E7, 0x39C6, 0x2944,
  0x0841, 0x0000, 0x0020, 0x0020, 0x0000, 0x0000, 0x0000, 0x0000, 0x0000, 0x0000, 0x0000, 0x0000,
  0x0000, 0x0000, 0x0020, 0x0020, 0x0861, 0x1082, 0x0000, 0x0000, 0x0020, 0x0861, 0x0000, 0x0000,
  0x0000, 0x0000, 0x0000, 0x0020, 0x0020, 0x0000, 0x0000, 0x0000, 0x0000, 0x0000, 0x0000, 0x0000,
  0x0000, 0x0000, 0x0000, 0x0000, 0x0000, 0x0000, 0x0000, 0x0841, 0x0841, 0x0000, 0x0000, 0x0000,
  0x0000, 0x0000, 0x0000, 0x0000, 0x0000, 0x0000, 0x0000, 0x0000, 0x0000, 0x0000, 0x0000, 0x0020,
  0x0000, 0x0000, 0x0000, 0x0000, 0x0000, 0x0841, 0x0841, 0x0000, 0x0000, 0x0000, 0x0000, 0x0000,
  0x0000, 0x0020, 0x0861, 0x0000, 0x0000, 0x0020, 0x0020, 0x0000, 0x0000, 0x0000, 0x0000, 0x0000,
  0x0841, 0x0020, 0x0000, 0x0000, 0x0000, 0x0000, 0x0000, 0x0000, 0x0000, 0x0000, 0x0000, 0x0000,
  0x0841, 0x0000, 0x0000, 0x0000, 0x0000, 0x0020, 0x18C3, 0x0000, 0x0000, 0x0841, 0x0020, 0x0020,
  0x0020, 0x0000, 0x0000, 0x0000, 0x0000, 0x0000, 0x0000, 0x0000, 0x0000, 0x0000, 0x0000, 0x0000,
  0x0000, 0x0000, 0x0000, 0x0000, 0x0000, 0x0000, 0x0020, 0x0000, 0x0000, 0x0000, 0x0000, 0x0000,
  0x0861, 0x0000, 0x0000, 0x0000, 0x0000, 0x0000, 0x0000, 0x0000, 0x0000, 0x0000, 0x0000, 0x0000,
  0x0000, 0x0000, 0x0000, 0x0000, 0x0000, 0x0000, 0x0000, 0x0000, 0x0000, 0x0000, 0x0000, 0x0000,
  0x0000, 0x0000, 0x0000, 0x0000, 0x0000, 0x0000, 0x0000, 0x0000, 0x0000, 0x0000, 0x0000, 0x0841,
  0x0020, 0x0000, 0x0000, 0x0000, 0x0000, 0x0000, 0x0000, 0x0000, 0x0000, 0x0020, 0x0020, 0x0000,
  0x0000, 0x0000, 0x0000, 0x0000, 0x0000, 0x0000, 0x0000, 0x0000, 0x0000, 0x0000, 0x0000, 0x0000,
  0x0000, 0x0000, 0x0000, 0x0020, 0x0020, 0x0020, 0x0020, 0x0020, 0x0000, 0x0000, 0x0000, 0x0000,
  0x0020, 0x0020, 0x0020, 0x0020, 0x0020, 0x0020, 0x0820, 0x0820, 0x0000, 0x0020, 0x0020, 0x0020,
  0x0020, 0x0020, 0x0020, 0x0820, 0x0820, 0x0820, 0x0820, 0x0020, 0x0020, 0x0820, 0x0841, 0x0000,
  0x0000, 0x0020, 0x0020, 0x0820, 0x0820, 0x0000, 0x0820, 0x0841, 0x0820, 0x0820, 0x0000, 0x0820,
  0x0020, 0x0000, 0x0000, 0x0000, 0x0000, 0x0000, 0x0000, 0x0020, 0x0000, 0x0000, 0x0000, 0x0820,
  0x0020, 0x0000, 0x0000, 0x0000, 0x0000, 0x0840, 0x0020, 0x0000, 0x0000, 0x0020, 0x0841, 0x0000,
  0x0000, 0x0000, 0x0000, 0x0000, 0x0000, 0x0000, 0x0000, 0x0000, 0x0000, 0x0000, 0x0000, 0x0000,
  0x0000, 0x0000, 0x0000, 0x0000, 0x0000, 0x0020, 0x0840, 0x0841, 0x1061, 0x10A2, 0x1081, 0x1081,
  0x18C2, 0x18E2, 0x2102, 0x2103, 0x2923, 0x2123, 0x2102, 0x2123, 0x2102, 0x2122, 0x3164, 0x31A4,
  0x3184, 0x39A5, 0x31A4, 0x3184, 0x39A5, 0x41E5, 0x39C5, 0x39C5, 0x39A4, 0x39C5, 0x41E6, 0x4A27,
  0x4A47, 0x4A47, 0x4A27, 0x4A47, 0x4A27, 0x4227, 0x4207, 0x39E7, 0x39A6, 0x18E3, 0x0000, 0x0000,
  0x0840, 0x0000, 0x0000, 0x0000, 0x0000, 0x0000, 0x0000, 0x0000, 0x0000, 0x0020, 0x0000, 0x0000,
  0x0020, 0x0020, 0x0000, 0x0000, 0x0000, 0x0000, 0x0000, 0x0000, 0x0020, 0x0020, 0x0000, 0x0020,
  0x0020, 0x0000, 0x0000, 0x0000, 0x0000, 0x0000, 0x0000, 0x0020, 0x0000, 0x0000, 0x0000, 0x0000,
  0x0000, 0x0000, 0x0000, 0x0000, 0x0000, 0x0000, 0x0000, 0x0000, 0x0000, 0x0020, 0x0000, 0x0000,
  0x0000, 0x0020, 0x0020, 0x0000, 0x0000, 0x0000, 0x0000, 0x3186, 0x1082, 0x0000, 0x0000, 0x0000,
  0x0000, 0x0841, 0x0000, 0x0000, 0x0000, 0x0000, 0x0000, 0x0020, 0x0000, 0x0000, 0x0000, 0x0000,
  0x0000, 0x0000, 0x0020, 0x0000, 0x0000, 0x0000, 0x0000, 0x0000, 0x0020, 0x0000, 0x0000, 0x0000,
  0x0000, 0x0000, 0x0000, 0x0000, 0x0000, 0x0000, 0x0000, 0x0000, 0x0000, 0x0000, 0x0000, 0x0000,
  0x0000, 0x0020, 0x1082, 0x0000, 0x0000, 0x0000, 0x0000, 0x0861, 0x0841, 0x0000, 0x0000, 0x0020,
  0x0000, 0x0000, 0x0000, 0x0000, 0x0000, 0x0000, 0x0020, 0x0020, 0x0000, 0x0000, 0x0000, 0x0000,
  0x0000, 0x0000, 0x0000, 0x0000, 0x0000, 0x0000, 0x0000, 0x0000, 0x0000, 0x0000, 0x0000, 0x0000,
  0x0000, 0x0000, 0x0000, 0x0000, 0x0000, 0x0000, 0x0000, 0x0020, 0x0841, 0x0020, 0x0000, 0x0000,
  0x0000, 0x0000, 0x0000, 0x10A3, 0x0020, 0x0000, 0x0000, 0x0000, 0x0000, 0x0000, 0x0000, 0x0000,
  0x0000, 0x0000, 0x0000, 0x0000, 0x0000, 0x0000, 0x0000, 0x0000, 0x0000, 0x0000, 0x0000, 0x0000,
  0x0000, 0x0000, 0x0000, 0x0000, 0x0000, 0x0000, 0x0000, 0x0000, 0x0000, 0x0000, 0x0000, 0x0000,
  0x0000, 0x0000, 0x0000, 0x0000, 0x0020, 0x0020, 0x0000, 0x0000, 0x0000, 0x0000, 0x0020, 0x0020,
  0x0020, 0x0020, 0x0020, 0x0020, 0x0000, 0x0020, 0x0020, 0x0020, 0x0000, 0x0000, 0x0020, 0x0020,
  0x0020, 0x0020, 0x0020, 0x0020, 0x0020, 0x0020, 0x0020, 0x0020, 0x0020, 0x0020, 0x0020, 0x0820,
  0x0020, 0x0020, 0x0020, 0x0000, 0x0020, 0x0020, 0x0820, 0x0020, 0x0020, 0x0020, 0x0020, 0x0020,
  0x0020, 0x0020, 0x0820, 0x0820, 0x0820, 0x0020, 0x0020, 0x0820, 0x0000, 0x0000, 0x0020, 0x0000,
  0x0000, 0x0000, 0x0000, 0x0820, 0x0000, 0x0000, 0x0000, 0x0000, 0x0020, 0x0000, 0x0020, 0x0000,
  0x0000, 0x0020, 0x0020, 0x0000, 0x0000, 0x0020, 0x0841, 0x0000, 0x0000, 0x0000, 0x0000, 0x0000,
  0x0000, 0x0000, 0x0000, 0x0000, 0x0000, 0x0000, 0x0000, 0x0000, 0x0000, 0x0000, 0x0000, 0x0000,
  0x0000, 0x0020, 0x0820, 0x0841, 0x0861, 0x1081, 0x10A2, 0x1061, 0x18C2, 0x18E2, 0x2102, 0x2102,
  0x2123, 0x2943, 0x2102, 0x2102, 0x2123, 0x2123, 0x2923, 0x3184, 0x3184, 0x31A4, 0x39A5, 0x3164,
  0x3164, 0x39C5, 0x41E5, 0x41E6, 0x39C5, 0x39C5, 0x39C5, 0x39E5, 0x4A27, 0x4A27, 0x4A07, 0x4A27,
  0x4A48, 0x4A27, 0x4A27, 0x4207, 0x4207, 0x39E7, 0x2965, 0x0841, 0x0000, 0x0000, 0x0000, 0x0000,
  0x0000, 0x0000, 0x0000, 0x0000, 0x0000, 0x0000, 0x0000, 0x0000, 0x0000, 0x0000, 0x0000, 0x0000,
  0x0020, 0x0020, 0x0000, 0x0000, 0x1082, 0x1082, 0x0020, 0x0000, 0x0000, 0x0000, 0x0000, 0x0000,
  0x0000, 0x0000, 0x0000, 0x0020, 0x0000, 0x0000, 0x0000, 0x0000, 0x0000, 0x0000, 0x0000, 0x0000,
  0x0020, 0x0020, 0x0000, 0x0000, 0x0000, 0x0000, 0x0000, 0x0000, 0x0000, 0x0000, 0x0000, 0x0000,
  0x0000, 0x0000, 0x0000, 0x0841, 0x0020, 0x0000, 0x0000, 0x0020, 0x0000, 0x1082, 0x0841, 0x0000,
  0x0000, 0x0000, 0x0000, 0x0020, 0x0000, 0x0000, 0x0000, 0x0000, 0x0841, 0x0861, 0x0000, 0x0000,
  0x0000, 0x0000, 0x0000, 0x0020, 0x10A2, 0x0000, 0x0000, 0x0000, 0x0000, 0x0000, 0x0000, 0x0000,
  0x0000, 0x0000, 0x0000, 0x0000, 0x0000, 0x0000, 0x0000, 0x0000, 0x0000, 0x0000, 0x0000, 0x0000,
  0x0000, 0x0000, 0x0000, 0x1082, 0x0861, 0x0000, 0x0020, 0x0020, 0x0000, 0x0000, 0x0000, 0x0000,
  0x0000, 0x0000, 0x0841, 0x0020, 0x0000, 0x0000, 0x0000, 0x0000, 0x0000, 0x0000, 0x0000, 0x0000,
  0x0000, 0x0000, 0x0000, 0x0020, 0x0020, 0x0000, 0x0000, 0x0000, 0x0000, 0x0020, 0x0000, 0x0000,
  0x0000, 0x0000, 0x0000, 0x0020, 0x0000, 0x0000, 0x0000, 0x0000, 0x0000, 0x0000, 0x0000, 0x1082,
  0x0020, 0x0000, 0x0000, 0x0000, 0x0000, 0x0000, 0x0000, 0x0000, 0x0000, 0x0000, 0x0000, 0x0000,
  0x0000, 0x0000, 0x10A2, 0x0020, 0x0000, 0x0000, 0x0000, 0x0000, 0x0000, 0x0000, 0x0000, 0x0000,
  0x0000, 0x0000, 0x0000, 0x0000, 0x0000, 0x0000, 0x0000, 0x0000, 0x0000, 0x0000, 0x0000, 0x0000,
  0x0000, 0x0000, 0x0000, 0x0000, 0x0000, 0x0020, 0x0020, 0x0020, 0x0000, 0x0000, 0x0000, 0x0000,
  0x0000, 0x0020, 0x0020, 0x0020, 0x0020, 0x0020, 0x0020, 0x0820, 0x0020, 0x0020, 0x0820, 0x0020,
  0x0020, 0x0020, 0x0020, 0x0020, 0x0020, 0x0020, 0x0820, 0x0020, 0x0820, 0x0020, 0x0020, 0x0020,
  0x0020, 0x0841, 0x0000, 0x0020, 0x0020, 0x0020, 0x0020, 0x0020, 0x0020, 0x0820, 0x0000, 0x0000,
  0x0020, 0x0000, 0x0820, 0x0020, 0x0000, 0x0000, 0x0000, 0x0000, 0x0020, 0x0000, 0x0000, 0x0000,
  0x0000, 0x0000, 0x0020, 0x0820, 0x0000, 0x0000, 0x0820, 0x1081, 0x0841, 0x0000, 0x0000, 0x0000,
  0x0020, 0x0020, 0x0820, 0x0000, 0x0000, 0x0000, 0x0000, 0x0000, 0x0000, 0x0000, 0x0000, 0x0000,
  0x0000, 0x0000, 0x0000, 0x0000, 0x0840, 0x0020, 0x0000, 0x0000, 0x0000, 0x0020, 0x0820, 0x0840,
  0x0861, 0x1081, 0x10A2, 0x1081, 0x1081, 0x18E2, 0x18E2, 0x2103, 0x2103, 0x2123, 0x2923, 0x20E2,
  0x2123, 0x2103, 0x2103, 0x2943, 0x3184, 0x31A4, 0x39A4, 0x39A5, 0x3164, 0x3184, 0x39C5, 0x41E5,
  0x41E5, 0x39A5, 0x39C5, 0x39C5, 0x39C5, 0x4206, 0x41C5, 0x39C5, 0x4206, 0x4A27, 0x4A47, 0x4A27,
  0x4207, 0x4207, 0x4207, 0x39C6, 0x10A2, 0x0000, 0x0000, 0x0021, 0x0000, 0x0000, 0x0000, 0x0000,
  0x0000, 0x0000, 0x0000, 0x0000, 0x0000, 0x0020, 0x0861, 0x0000, 0x0841, 0x0841, 0x0000, 0x0000,
  0x0000, 0x0000, 0x0000, 0x0000, 0x0000, 0x0000, 0x0000, 0x0000, 0x0000, 0x0000, 0x0000, 0x0000,
  0x0000, 0x0000, 0x0000, 0x0000, 0x0000, 0x0020, 0x0000, 0x0000, 0x0020, 0x0020, 0x0000, 0x0000,
  0x0000, 0x0000, 0x0000, 0x0000, 0x0000, 0x0000, 0x0000, 0x0000, 0x0000, 0x0000, 0x0020, 0x0000,
  0x0000, 0x0000, 0x0000, 0x0841, 0x0000, 0x10A2, 0x20E3, 0x0000, 0x0000, 0x0000, 0x0000, 0x0841,
  0x0000, 0x0000, 0x0000, 0x0000, 0x0841, 0x0861, 0x0000, 0x0000, 0x0000, 0x0000, 0x0020, 0x0000,
  0x0000, 0x0000, 0x0000, 0x0000, 0x0000, 0x0000, 0x0000, 0x0000, 0x0020, 0x0000, 0x0000, 0x0000,
  0x0000, 0x0000, 0x0000, 0x0000, 0x0000, 0x0000, 0x0020, 0x0020, 0x0000, 0x0000, 0x0000, 0x0000,
  0x0000, 0x0000, 0x0000, 0x0000, 0x0000, 0x0020, 0x0000, 0x0000, 0x0020, 0x0000, 0x0000, 0x0000,
  0x0000, 0x0000, 0x0000, 0x0000, 0x0000, 0x0000, 0x0000, 0x0000, 0x0000, 0x0000, 0x0000, 0x0020,
  0x0020, 0x0000, 0x0000, 0x0000, 0x0000, 0x0000, 0x0000, 0x0000, 0x0000, 0x0000, 0x0000, 0x0000,
  0x0000, 0x0000, 0x0000, 0x0000, 0x0000, 0x0000, 0x0000, 0x0000, 0x0020, 0x0020, 0x0000, 0x0000,
  0x0000, 0x0000, 0x0000, 0x0000, 0x0000, 0x0000, 0x0000, 0x0000, 0x0000, 0x0000, 0x18C3, 0x0020,
  0x0000, 0x0000, 0x0000, 0x0000, 0x0000, 0x0000, 0x0000, 0x0000, 0x0000, 0x0000, 0x0000, 0x0000,
  0x0000, 0x0000, 0x0000, 0x0000, 0x0000, 0x0000, 0x0000, 0x0000, 0x0000, 0x0000, 0x0000, 0x0000,
  0x0020, 0x0000, 0x0000, 0x0000, 0x0000, 0x0000, 0x0020, 0x0020, 0x0000, 0x0020, 0x0020, 0x0020,
  0x0020, 0x0020, 0x0020, 0x0020, 0x0020, 0x0020, 0x0020, 0x0020, 0x0020, 0x0820, 0x0820, 0x0020,
  0x0020, 0x0840, 0x0820, 0x0020, 0x0020, 0x0020, 0x0020, 0x0000, 0x0020, 0x0020, 0x0000, 0x0000,
  0x0020, 0x0020, 0x0020, 0x0020, 0x0000, 0x0000, 0x0020, 0x0020, 0x0000, 0x0000, 0x0820, 0x0020,
  0x0020, 0x0840, 0x0000, 0x0000, 0x0020, 0x0000, 0x0020, 0x0000, 0x0000, 0x0000, 0x0000, 0x1081,
  0x0841, 0x0841, 0x0861, 0x1061, 0x0840, 0x0020, 0x0840, 0x0840, 0x0000, 0x0020, 0x0820, 0x0000,
  0x0000, 0x0000, 0x0000, 0x0000, 0x0000, 0x0000, 0x0000, 0x0000, 0x0000, 0x0000, 0x0000, 0x0000,
  0x0840, 0x0020, 0x0000, 0x0000, 0x0000, 0x0000, 0x0020, 0x0840, 0x0861, 0x1061, 0x1081, 0x10A2,
  0x1061, 0x18C2, 0x18E2, 0x2102, 0x2102, 0x2123, 0x2943, 0x2103, 0x2102, 0x2123, 0x2123, 0x2103,
  0x2964, 0x31A4, 0x3184, 0x39A5, 0x3184, 0x3164, 0x3184, 0x41E6, 0x39C5, 0x39A5, 0x39A5, 0x39C5,
  0x39A5, 0x39C5, 0x41E6, 0x39C5, 0x39A5, 0x41C6, 0x4206, 0x4207, 0x4A07, 0x4207, 0x4227, 0x4207,
  0x39E7, 0x2124, 0x0020, 0x0000, 0x0020, 0x0000, 0x0000, 0x0000, 0x0000, 0x0000, 0x0000, 0x0000,
  0x0000, 0x10A2, 0x0861, 0x0000, 0x0000, 0x0000, 0x0000, 0x0000, 0x0000, 0x0000, 0x0841, 0x0861,
  0x0000, 0x0000, 0x0000, 0x0000, 0x0000, 0x0000, 0x0000, 0x0000, 0x0000, 0x0000, 0x0000, 0x0841,
  0x0841, 0x0000, 0x0000, 0x0000, 0x0000, 0x0000, 0x0000, 0x0000, 0x0000, 0x1082, 0x0000, 0x0000,
  0x0000, 0x0000, 0x0000, 0x0000, 0x0841, 0x0841, 0x0841, 0x0841, 0x0000, 0x0000, 0x0000, 0x0000,
  0x0841, 0x0020, 0x0020, 0x0000, 0x0000, 0x0000, 0x0000, 0x0020, 0x0000, 0x0000, 0x0000, 0x0000,
  0x0000, 0x0000, 0x0000, 0x0000, 0x0000, 0x0020, 0x0841, 0x0000, 0x0020, 0x0020, 0x0841, 0x0841,
  0x0000, 0x0000, 0x0000, 0x0020, 0x0861, 0x0020, 0x0000, 0x0000, 0x0000, 0x0000, 0x0000, 0x0000,
  0x0000, 0x0000, 0x0020, 0x0020, 0x0000, 0x0000, 0x0000, 0x0000, 0x0000, 0x0000, 0x0020, 0x0020,
  0x0020, 0x0841, 0x0000, 0x0000, 0x0020, 0x0020, 0x0000, 0x0000, 0x0000, 0x0000, 0x0000, 0x0000,
  0x0000, 0x0000, 0x0000, 0x0000, 0x0000, 0x0000, 0x0000, 0x0000, 0x0000, 0x0000, 0x0000, 0x0000,
  0x0000, 0x0000, 0x0000, 0x0000, 0x0000, 0x0000, 0x0000, 0x0000, 0x0020, 0x0841, 0x0000, 0x0000,
  0x0000, 0x0000, 0x0000, 0x0000, 0x0000, 0x0000, 0x0000, 0x0000, 0x0000, 0x0000, 0x0000, 0x0000,
  0x0000, 0x0000, 0x0000, 0x0000, 0x0000, 0x0000, 0x0000, 0x0000, 0x0000, 0x0000, 0x0000, 0x0000,
  0x0000, 0x0000, 0x0000, 0x0000, 0x0000, 0x0000, 0x0000, 0x0000, 0x0841, 0x0000, 0x0000, 0x0000,
  0x0000, 0x0020, 0x0000, 0x0000, 0x0000, 0x0000, 0x0000, 0x0000, 0x0000, 0x0020, 0x0000, 0x0000,
  0x0000, 0x0000, 0x0020, 0x0020, 0x0020, 0x0020, 0x0820, 0x0020, 0x0820, 0x0820, 0x0020, 0x0020,
  0x0020, 0x0000, 0x0820, 0x0820, 0x0020, 0x0840, 0x0820, 0x0020, 0x0020, 0x0841, 0x0020, 0x0820,
  0x0820, 0x0020, 0x0020, 0x0820, 0x0020, 0x0820, 0x0820, 0x0840, 0x0841, 0x0841, 0x0020, 0x0820,
  0x0020, 0x0020, 0x0820, 0x0840, 0x0000, 0x0820, 0x0820, 0x0820, 0x0820, 0x0840, 0x0840, 0x0861,
  0x0840, 0x0820, 0x0020, 0x0000, 0x0000, 0x0000, 0x0000, 0x0841, 0x0841, 0x0841, 0x0840, 0x0840,
  0x0020, 0x0020, 0x0840, 0x0861, 0x0000, 0x0020, 0x0841, 0x0000, 0x0000, 0x0000, 0x0000, 0x0000,
  0x0000, 0x0000, 0x0000, 0x0000, 0x0000, 0x0000, 0x0000, 0x0000, 0x0000, 0x0000, 0x0000, 0x0000,
  0x0000, 0x0000, 0x0020, 0x0820, 0x0840, 0x0861, 0x1081, 0x10A2, 0x1081, 0x10A1, 0x18E2, 0x20E2,
  0x2102, 0x2123, 0x2123, 0x2923, 0x20E2, 0x2123, 0x2123, 0x2123, 0x2923, 0x3184, 0x31A4, 0x31A4,
  0x39C5, 0x3184, 0x3184, 0x39A5, 0x41E6, 0x31A4, 0x39A5, 0x39C5, 0x39C5, 0x39C5, 0x41E5, 0x4206,
  0x39C5, 0x39A5, 0x41E6, 0x4206, 0x4206, 0x4A27, 0x4207, 0x4207, 0x4227, 0x4207, 0x3165, 0x0841,
  0x0000, 0x0000, 0x0000, 0x0000, 0x0000, 0x0841, 0x0020, 0x0000, 0x0000, 0x0020, 0x0000, 0x0000,
  0x0000, 0x0000, 0x0000, 0x0000, 0x0000, 0x0000, 0x0020, 0x0000, 0x0020, 0x0020, 0x0000, 0x0000,
  0x0000, 0x0000, 0x0841, 0x0020, 0x0861, 0x0000, 0x0000, 0x0000, 0x0000, 0x0020, 0x0000, 0x0000,
  0x0000, 0x0000, 0x0000, 0x0000, 0x0000, 0x0020, 0x0000, 0x0000, 0x0000, 0x0000, 0x0000, 0x0000,
  0x0020, 0x0020, 0x0000, 0x0000, 0x0000, 0x0000, 0x0000, 0x0000, 0x0020, 0x0020, 0x0861, 0x0000,
  0x0000, 0x0000, 0x0000, 0x0000, 0x0000, 0x0000, 0x0000, 0x0000, 0x0000, 0x0000, 0x0000, 0x0000,
  0x0000, 0x0020, 0x0020, 0x0000, 0x0000, 0x0000, 0x0841, 0x0020, 0x0000, 0x0000, 0x0000, 0x0020,
  0x0841, 0x0000, 0x0000, 0x0000, 0x0000, 0x0000, 0x0000, 0x0000, 0x0000, 0x0000, 0x0000, 0x0020,
  0x0000, 0x0000, 0x0020, 0x0020, 0x0000, 0x0841, 0x0841, 0x0020, 0x0000, 0x0000, 0x0000, 0x0000,
  0x0000, 0x0000, 0x0000, 0x0000, 0x0000, 0x0000, 0x0000, 0x0000, 0x0000, 0x0000, 0x0000, 0x0000,
  0x0000, 0x0000, 0x0000, 0x0000, 0x0000, 0x0000, 0x0000, 0x0000, 0x0000, 0x0020, 0x0000, 0x0841,
  0x0821, 0x0000, 0x0000, 0x0000, 0x0020, 0x0000, 0x0000, 0x0000, 0x0000, 0x0000, 0x0000, 0x0000,
  0x0000, 0x0000, 0x0000, 0x0000, 0x0000, 0x0000, 0x0000, 0x0000, 0x0020, 0x0000, 0x0000, 0x0841,
  0x0000, 0x0000, 0x0000, 0x0000, 0x0000, 0x0000, 0x0000, 0x0000, 0x0000, 0x0000, 0x0000, 0x0000,
  0x0000, 0x0020, 0x0000, 0x0020, 0x0020, 0x0000, 0x0000, 0x0000, 0x0000, 0x0020, 0x0000, 0x0000,
  0x0000, 0x0000, 0x0000, 0x0020, 0x0000, 0x0000, 0x0000, 0x0000, 0x0000, 0x0020, 0x0020, 0x0020,
  0x0020, 0x0020, 0x0020, 0x0020, 0x0840, 0x0840, 0x0020, 0x0820, 0x0020, 0x0020, 0x0020, 0x0020,
  0x0020, 0x0820, 0x0820, 0x0020, 0x0820, 0x0020, 0x0820, 0x0840, 0x0020, 0x0020, 0x0020, 0x0820,
  0x0020, 0x0820, 0x0020, 0x0820, 0x0820, 0x0820, 0x0020, 0x0020, 0x0820, 0x0020, 0x0000, 0x0020,
  0x0020, 0x0820, 0x0820, 0x0820, 0x0020, 0x0020, 0x0020, 0x0020, 0x0020, 0x0000, 0x0820, 0x0000,
  0x0000, 0x0020, 0x0020, 0x0000, 0x0000, 0x0000, 0x0000, 0x0000, 0x0000, 0x0000, 0x0000, 0x0000,
  0x0020, 0x0020, 0x0000, 0x0000, 0x0000, 0x0000, 0x0000, 0x0000, 0x0000, 0x0000, 0x0000, 0x0000,
  0x0000, 0x0000, 0x0000, 0x0000, 0x0000, 0x0000, 0x0000, 0x0000, 0x0000, 0x0000, 0x0020, 0x0020,
  0x0840, 0x0841, 0x1061, 0x10A1, 0x10A1, 0x1081, 0x18C2, 0x18E2, 0x2102, 0x2123, 0x2123, 0x2943,
  0x2123, 0x2102, 0x2123, 0x2103, 0x2123, 0x2943, 0x31A4, 0x31A4, 0x39A5, 0x39C5, 0x3164, 0x3184,
  0x39C5, 0x41E6, 0x31A4, 0x39A5, 0x39C5, 0x39C5, 0x39C5, 0x41E6, 0x4206, 0x39C5, 0x39C5, 0x41E6,
  0x4206, 0x4207, 0x4A27, 0x4207, 0x4207, 0x4207, 0x4207, 0x39C6, 0x10A2, 0x0000, 0x0000, 0x0000,
  0x0000, 0x0020, 0x0000, 0x0000, 0x0000, 0x0000, 0x0000, 0x0000, 0x10A2, 0x0841, 0x0000, 0x0020,
  0x0000, 0x0000, 0x0000, 0x0020, 0x0841, 0x0020, 0x0000, 0x0000, 0x0000, 0x0000, 0x0861, 0x0000,
  0x0000, 0x0000, 0x0000, 0x0000, 0x0020, 0x0861, 0x0000, 0x0000, 0x0000, 0x0000, 0x0000, 0x0000,
  0x0000, 0x0000, 0x0000, 0x0000, 0x0000, 0x0000, 0x0020, 0x0020, 0x0020, 0x0020, 0x0000, 0x0000,
  0x0000, 0x0000, 0x0000, 0x0000, 0x0000, 0x0000, 0x0000, 0x0000, 0x0000, 0x0000, 0x0020, 0x0020,
  0x0000, 0x0020, 0x0861, 0x0000, 0x0000, 0x0000, 0x0000, 0x0000, 0x0000, 0x0000, 0x0861, 0x0000,
  0x0000, 0x0000, 0x0000, 0x0000, 0x0000, 0x0000, 0x0000, 0x0000, 0x0000, 0x0841, 0x0000, 0x0000,
  0x0000, 0x0000, 0x0000, 0x0000, 0x0000, 0x0000, 0x0020, 0x18E3, 0x0000, 0x0000, 0x0020, 0x0861,
  0x0000, 0x0020, 0x0000, 0x0000, 0x0000, 0x0000, 0x0000, 0x0020, 0x0020, 0x0000, 0x0000, 0x0000,
  0x0000, 0x0000, 0x0000, 0x0000, 0x0000, 0x0000, 0x0000, 0x0000, 0x0000, 0x0000, 0x0000, 0x0000,
  0x0000, 0x0000, 0x0000, 0x0000, 0x0000, 0x0000, 0x0000, 0x18C3, 0x2965, 0x0000, 0x0000, 0x0000,
  0x0000, 0x0000, 0x0000, 0x0000, 0x0000, 0x0000, 0x0000, 0x0000, 0x0000, 0x0841, 0x0020, 0x0000,
  0x0000, 0x0000, 0x0000, 0x0000, 0x0841, 0x0000, 0x0000, 0x0000, 0x0000, 0x0000, 0x0000, 0x0000,
  0x0000, 0x0000, 0x0020, 0x0000, 0x0000, 0x0000, 0x0000, 0x0000, 0x0020, 0x1082, 0x0000, 0x0020,
  0x0000, 0x0000, 0x0020, 0x0000, 0x0000, 0x0000, 0x0000, 0x0000, 0x0020, 0x0000, 0x0020, 0x0020,
  0x0000, 0x0020, 0x0020, 0x0020, 0x0020, 0x0020, 0x0020, 0x0020, 0x0020, 0x0820, 0x0820, 0x0841,
  0x0020, 0x0020, 0x0020, 0x0020, 0x0820, 0x0020, 0x0020, 0x0020, 0x0020, 0x0020, 0x0020, 0x0020,
  0x0820, 0x0820, 0x0841, 0x0820, 0x0820, 0x0020, 0x0020, 0x0820, 0x0020, 0x0000, 0x0020, 0x0020,
  0x0000, 0x0820, 0x0840, 0x0000, 0x0820, 0x1061, 0x0820, 0x0020, 0x0020, 0x0820, 0x0820, 0x0820,
  0x0820, 0x0820, 0x0000, 0x0020, 0x0000, 0x0820, 0x0841, 0x0000, 0x0020, 0x0020, 0x0000, 0x0020,
  0x0020, 0x0020, 0x0020, 0x0020, 0x0000, 0x0000, 0x0020, 0x0020, 0x0000, 0x0000, 0x0020, 0x0000,
  0x0000, 0x0000, 0x0000, 0x0000, 0x0000, 0x0000, 0x0000, 0x0000, 0x0000, 0x0000, 0x0020, 0x0020,
  0x0000, 0x0020, 0x0000, 0x0000, 0x0000, 0x0000, 0x0000, 0x0020, 0x0820, 0x0841, 0x1061, 0x1081,
  0x10A2, 0x1061, 0x10A2, 0x18E2, 0x2102, 0x2102, 0x2103, 0x2123, 0x2943, 0x2102, 0x2123, 0x2103,
  0x2102, 0x2123, 0x3164, 0x31A5, 0x31A4, 0x39C5, 0x31A4, 0x3164, 0x3184, 0x41E6, 0x39C5, 0x39A5,
  0x39C5, 0x39C5, 0x41E5, 0x39E5, 0x4206, 0x4226, 0x39C5, 0x39C5, 0x4206, 0x4206, 0x4206, 0x4A27,
  0x4A27, 0x4A27, 0x4207, 0x4207, 0x41E7, 0x18E3, 0x0000, 0x0000, 0x0000, 0x0020, 0x0000, 0x0000,
  0x0000, 0x0000, 0x0000, 0x0000, 0x1082, 0x0020, 0x0020, 0x0020, 0x0000, 0x0841, 0x1082, 0x0020,
  0x0000, 0x0000, 0x0000, 0x0000, 0x0020, 0x0020, 0x0000, 0x0000, 0x0000, 0x0861, 0x0020, 0x0000,
  0x0000, 0x0020, 0x0000, 0x0020, 0x0000, 0x0000, 0x0000, 0x0000, 0x0000, 0x0000, 0x0000, 0x0000,
  0x0000, 0x0000, 0x0020, 0x0020, 0x0000, 0x0000, 0x0000, 0x0000, 0x0000, 0x0000, 0x0000, 0x0000,
  0x0841, 0x0861, 0x0000, 0x0000, 0x0000, 0x0000, 0x0020, 0x0020, 0x0000, 0x0841, 0x10A2, 0x0000,
  0x0020, 0x0861, 0x0000, 0x0000, 0x0000, 0x0000, 0x0000, 0x0000, 0x0000, 0x18C3, 0x0841, 0x0020,
  0x0000, 0x0000, 0x0000, 0x0000, 0x0000, 0x0000, 0x0020, 0x0841, 0x1082, 0x0000, 0x0000, 0x0000,
  0x0000, 0x0000, 0x0000, 0x0000, 0x0000, 0x0000, 0x0000, 0x0000, 0x0000, 0x0000, 0x0000, 0x0000,
  0x0000, 0x0000, 0x0000, 0x0020, 0x0020, 0x0000, 0x0000, 0x0000, 0x0000, 0x0000, 0x0000, 0x0000,
  0x0000, 0x0000, 0x0000, 0x0000, 0x0000, 0x0000, 0x0000, 0x0000, 0x0000, 0x0000, 0x0000, 0x0000,
  0x0000, 0x0020, 0x0861, 0x0000, 0x0020, 0x0000, 0x0000, 0x0000, 0x0000, 0x0000, 0x0000, 0x0000,
  0x0000, 0x0000, 0x0000, 0x0000, 0x0000, 0x0020, 0x0020, 0x0000, 0x0000, 0x0000, 0x0000, 0x0000,
  0x0000, 0x0000, 0x0000, 0x0000, 0x0000, 0x0000, 0x0000, 0x0000, 0x0000, 0x0000, 0x0000, 0x0000,
  0x0000, 0x0000, 0x0000, 0x0000, 0x0000, 0x0000, 0x0000, 0x0000, 0x0000, 0x0000, 0x0000, 0x0000,
  0x0000, 0x0000, 0x0020, 0x0020, 0x0020, 0x0020, 0x0020, 0x0000, 0x0000, 0x0020, 0x0020, 0x0020,
  0x0020, 0x0020, 0x0020, 0x0020, 0x0020, 0x0020, 0x0820, 0x0820, 0x0020, 0x0020, 0x0820, 0x0820,
  0x0020, 0x0020, 0x0020, 0x0020, 0x0020, 0x0020, 0x0020, 0x0820, 0x0820, 0x0020, 0x0840, 0x0020,
  0x0820, 0x0820, 0x0841, 0x0820, 0x0820, 0x0841, 0x0861, 0x0820, 0x0841, 0x0861, 0x0820, 0x0020,
  0x0820, 0x0840, 0x0820, 0x0820, 0x0820, 0x0820, 0x0840, 0x0820, 0x0841, 0x0820, 0x0841, 0x0000,
  0x0000, 0x1061, 0x0020, 0x0020, 0x0841, 0x0840, 0x0820, 0x0020, 0x0020, 0x0840, 0x0840, 0x0020,
  0x0820, 0x0000, 0x1082, 0x10A2, 0x0020, 0x0000, 0x0820, 0x0840, 0x0820, 0x0820, 0x0020, 0x0820,
  0x0020, 0x0020, 0x0020, 0x0000, 0x0000, 0x0000, 0x0020, 0x0020, 0x0000, 0x0000, 0x0020, 0x0000,
  0x0000, 0x0000, 0x0000, 0x0820, 0x0820, 0x0840, 0x0861, 0x1081, 0x10A2, 0x1081, 0x1081, 0x18E2,
  0x18E2, 0x2102, 0x2103, 0x2123, 0x2943, 0x2123, 0x2102, 0x2123, 0x2103, 0x2123, 0x2943, 0x3184,
  0x31A4, 0x39A4, 0x39C5, 0x3184, 0x3184, 0x39A4, 0x4206, 0x39C5, 0x39C5, 0x39C5, 0x39E5, 0x39E5,
  0x41E6, 0x4226, 0x4227, 0x39E5, 0x39C5, 0x4207, 0x4A27, 0x4207, 0x4A27, 0x4A47, 0x4A27, 0x4A27,
  0x4207, 0x4207, 0x2103, 0x0000, 0x0000, 0x0000, 0x0000, 0x0000, 0x0000, 0x0000, 0x0000, 0x0000,
  0x0000, 0x0000, 0x0000, 0x0000, 0x0000, 0x0841, 0x10A2, 0x0000, 0x0000, 0x0000, 0x0000, 0x0000,
  0x0020, 0x0020, 0x0000, 0x0000, 0x0000, 0x0020, 0x0020, 0x0000, 0x0000, 0x0000, 0x0000, 0x0000,
  0x0000, 0x0000, 0x0000, 0x0000, 0x0000, 0x0000, 0x0000, 0x0000, 0x0000, 0x0000, 0x0000, 0x0000,
  0x0000, 0x0020, 0x0000, 0x0000, 0x0000, 0x0000, 0x0000, 0x0000, 0x0020, 0x0020, 0x0000, 0x0000,
  0x0000, 0x0000, 0x0000, 0x0000, 0x0861, 0x0841, 0x0000, 0x0000, 0x0000, 0x0000, 0x0841, 0x0020,
  0x0000, 0x0000, 0x0000, 0x0861, 0x0020, 0x0861, 0x0841, 0x0861, 0x0000, 0x0000, 0x0000, 0x0000,
  0x0000, 0x0000, 0x0000, 0x0000, 0x0000, 0x0000, 0x0000, 0x0000, 0x0000, 0x0000, 0x0000, 0x0000,
  0x0000, 0x0020, 0x0861, 0x0020, 0x0000, 0x0000, 0x0000, 0x0000, 0x0000, 0x0000, 0x0000, 0x0000,
  0x0000, 0x0000, 0x0000, 0x0000, 0x0000, 0x0000, 0x0000, 0x0000, 0x0000, 0x0000, 0x0000, 0x0000,
  0x0000, 0x0000, 0x0000, 0x0000, 0x0000, 0x0000, 0x0000, 0x0000, 0x0000, 0x0020, 0x1082, 0x0000,
  0x0000, 0x0000, 0x0000, 0x0020, 0x0000, 0x0000, 0x0000, 0x0000, 0x0000, 0x0000, 0x0000, 0x0000,
  0x0000, 0x0000, 0x0000, 0x0000, 0x0020, 0x0000, 0x0000, 0x0000, 0x0000, 0x0000, 0x0000, 0x0020,
  0x0000, 0x0000, 0x0000, 0x0000, 0x0000, 0x0000, 0x0000, 0x0000, 0x0000, 0x0000, 0x0000, 0x0000,
  0x0000, 0x0000, 0x0000, 0x0000, 0x0000, 0x0000, 0x0000, 0x0000, 0x0000, 0x0020, 0x0020, 0x0020,
  0x0020, 0x0020, 0x0020, 0x0000, 0x0020, 0x0020, 0x0020, 0x0020, 0x0020, 0x0020, 0x0020, 0x0020,
  0x0020, 0x0020, 0x0820, 0x0020, 0x0820, 0x0020, 0x0020, 0x0020, 0x0020, 0x0020, 0x0820, 0x0020,
  0x0020, 0x0840, 0x0820, 0x0820, 0x0840, 0x0820, 0x0820, 0x0841, 0x0840, 0x0841, 0x0820, 0x0841,
  0x0820, 0x18C2, 0x1061, 0x0861, 0x1061, 0x0841, 0x0841, 0x0840, 0x1082, 0x18A2, 0x0841, 0x0841,
  0x0841, 0x0820, 0x0840, 0x0820, 0x0840, 0x0820, 0x0020, 0x0000, 0x0020, 0x0820, 0x0820, 0x0000,
  0x0000, 0x0020, 0x0020, 0x0020, 0x0000, 0x0000, 0x0000, 0x0020, 0x0820, 0x0000, 0x0020, 0x0820,
  0x0020, 0x0020, 0x0020, 0x1061, 0x1061, 0x0861, 0x1061, 0x0861, 0x0841, 0x1081, 0x0840, 0x1081,
  0x10A2, 0x0820, 0x0000, 0x0020, 0x0020, 0x0000, 0x0841, 0x0820, 0x0000, 0x0020, 0x0020, 0x0000,
  0x0820, 0x0820, 0x1081, 0x1061, 0x1081, 0x1081, 0x1061, 0x18C2, 0x18E2, 0x2102, 0x2102, 0x2103,
  0x2123, 0x2943, 0x2102, 0x2123, 0x2103, 0x2102, 0x2123, 0x2964, 0x31A4, 0x31A4, 0x39A5, 0x39A5,
  0x3184, 0x3184, 0x39C5, 0x41E6, 0x39A5, 0x39C5, 0x39C5, 0x41E6, 0x41E6, 0x41E6, 0x4A27, 0x4A27,
  0x41E6, 0x41E6, 0x4A27, 0x4A27, 0x4A07, 0x4A27, 0x4A47, 0x4A27, 0x4A27, 0x4207, 0x4207, 0x2944,
  0x0000, 0x0000, 0x0020, 0x0000, 0x0000, 0x0000, 0x0000, 0x0000, 0x0000, 0x0000, 0x0000, 0x0000,
  0x0000, 0x0000, 0x0000, 0x0000, 0x0000, 0x0000, 0x0000, 0x0000, 0x0000, 0x0000, 0x0000, 0x0000,
  0x0000, 0x0000, 0x0000, 0x0000, 0x0000, 0x0000, 0x0000, 0x0000, 0x0000, 0x0841, 0x0000, 0x0000,
  0x0000, 0x0861, 0x0020, 0x0000, 0x0000, 0x0000, 0x0000, 0x0000, 0x0000, 0x0000, 0x0000, 0x0000,
  0x0000, 0x0000, 0x0000, 0x0000, 0x0000, 0x0000, 0x0000, 0x0000, 0x0000, 0x0000, 0x0000, 0x0000,
  0x0020, 0x0020, 0x0000, 0x0000, 0x0000, 0x0000, 0x0000, 0x0000, 0x0000, 0x0000, 0x0000, 0x0020,
  0x0000, 0x0000, 0x0000, 0x0000, 0x0000, 0x0000, 0x0000, 0x0000, 0x0020, 0x0841, 0x0000, 0x0000,
  0x0000, 0x0000, 0x0020, 0x0000, 0x0000, 0x0000, 0x0000, 0x0000, 0x0000, 0x10A2, 0x0861, 0x0000,
  0x0000, 0x0841, 0x0020, 0x0000, 0x0000, 0x0000, 0x0000, 0x0000, 0x0000, 0x0000, 0x0000, 0x0000,
  0x0000, 0x0000, 0x0000, 0x0000, 0x0000, 0x0000, 0x0000, 0x0000, 0x0000, 0x0000, 0x0000, 0x0000,
  0x0000, 0x0000, 0x0000, 0x0000, 0x0000, 0x0000, 0x0000, 0x0000, 0x0000, 0x0000, 0x0000, 0x0020,
  0x0000, 0x0000, 0x0000, 0x0000, 0x0000, 0x0000, 0x0000, 0x0000, 0x0000, 0x0000, 0x0000, 0x0000,
  0x0000, 0x0000, 0x0000, 0x0000, 0x0000, 0x0000, 0x0000, 0x0020, 0x0000, 0x0000, 0x0000, 0x0000,
  0x0000, 0x0000, 0x0000, 0x0000, 0x0000, 0x0000, 0x0000, 0x0000, 0x0000, 0x0000, 0x0000, 0x0000,
  0x0000, 0x0000, 0x0000, 0x0000, 0x0000, 0x0020, 0x0020, 0x0820, 0x0020, 0x0020, 0x0020, 0x0020,
  0x0020, 0x0020, 0x0020, 0x0020, 0x0820, 0x0020, 0x0020, 0x0020, 0x0820, 0x0820, 0x0020, 0x0020,
  0x0020, 0x0020, 0x0020, 0x0000, 0x0000, 0x0020, 0x0820, 0x0020, 0x0020, 0x0020, 0x0820, 0x0820,
  0x0020, 0x0020, 0x0020, 0x0020, 0x0020, 0x0020, 0x0020, 0x0020, 0x0000, 0x0840, 0x0841, 0x0020,
  0x0000, 0x0020, 0x0020, 0x0020, 0x0000, 0x0020, 0x0020, 0x0000, 0x0820, 0x0820, 0x0820, 0x0820,
  0x0841, 0x0820, 0x0020, 0x0000, 0x0820, 0x0841, 0x0820, 0x0020, 0x0020, 0x0000, 0x0020, 0x0020,
  0x0000, 0x0000, 0x0000, 0x0000, 0x0000, 0x0020, 0x0000, 0x0020, 0x0000, 0x0020, 0x0020, 0x0000,
  0x0000, 0x0000, 0x0000, 0x0000, 0x0000, 0x0000, 0x0000, 0x0020, 0x0020, 0x0000, 0x0020, 0x0020,
  0x0020, 0x0000, 0x0840, 0x0820, 0x0000, 0x0000, 0x0000, 0x0820, 0x0000, 0x0820, 0x0840, 0x0861,
  0x1081, 0x10A2, 0x0861, 0x10A1, 0x18E2, 0x2102, 0x2103, 0x2102, 0x2123, 0x2943, 0x2123, 0x2102,
  0x2123, 0x2102, 0x2123, 0x2923, 0x3184, 0x31A4, 0x31A4, 0x39C5, 0x31A4, 0x3184, 0x3184, 0x4206,
  0x39E5, 0x39C5, 0x39C5, 0x39E5, 0x41E6, 0x41E6, 0x4206, 0x4A27, 0x4A27, 0x41E6, 0x4206, 0x4A27,
  0x4A27, 0x4A27, 0x4A47, 0x4A47, 0x4A27, 0x4A47, 0x4A27, 0x4A27, 0x3185, 0x0020, 0x0000, 0x0000,
  0x0000, 0x0000, 0x0000, 0x0000, 0x0000, 0x0000, 0x0000, 0x0000, 0x0000, 0x0000, 0x0000, 0x0000,
  0x0020, 0x0000, 0x0000, 0x0000, 0x0000, 0x0000, 0x0000, 0x0000, 0x0000, 0x0000, 0x0000, 0x0000,
  0x0000, 0x0000, 0x0000, 0x0000, 0x0000, 0x0841, 0x0000, 0x0000, 0x0000, 0x0020, 0x0020, 0x0841,
  0x0000, 0x0000, 0x0020, 0x0020, 0x0000, 0x0000, 0x0000, 0x0000, 0x0000, 0x0841, 0x0020, 0x0000,
  0x0000, 0x0000, 0x10A2, 0x0000, 0x0000, 0x0000, 0x0000, 0x0000, 0x0000, 0x0020, 0x0000, 0x0000,
  0x0000, 0x0000, 0x0000, 0x0000, 0x0000, 0x0000, 0x0000, 0x0000, 0x0000, 0x0861, 0x0000, 0x0000,
  0x0000, 0x0000, 0x0000, 0x0000, 0x0000, 0x0000, 0x0000, 0x0000, 0x0020, 0x0000, 0x0000, 0x0000,
  0x0000, 0x0000, 0x0000, 0x0000, 0x0000, 0x0000, 0x0000, 0x0000, 0x0000, 0x0861, 0x0020, 0x0000,
  0x0000, 0x0000, 0x0000, 0x0000, 0x0000, 0x0000, 0x0000, 0x0000, 0x0000, 0x0000, 0x0020, 0x0020,
  0x0000, 0x0000, 0x0000, 0x0000, 0x0000, 0x0000, 0x0000, 0x0000, 0x0000, 0x0000, 0x0000, 0x0000,
  0x0000, 0x0000, 0x0020, 0x0000, 0x0000, 0x0000, 0x0000, 0x0000, 0x0000, 0x0000, 0x0000, 0x0000,
  0x0000, 0x0020, 0x0000, 0x0000, 0x0020, 0x0020, 0x0000, 0x0000, 0x0000, 0x0000, 0x0000, 0x0000,
  0x0020, 0x0000, 0x0020, 0x0000, 0x0000, 0x0000, 0x0000, 0x0000, 0x0000, 0x0000, 0x0020, 0x0020,
  0x0841, 0x0000, 0x0000, 0x0000, 0x0000, 0x0000, 0x0000, 0x0000, 0x0000, 0x0000, 0x0000, 0x0020,
  0x0020, 0x0020, 0x0020, 0x0000, 0x0000, 0x0020, 0x0000, 0x0020, 0x0820, 0x0820, 0x0020, 0x0020,
  0x0020, 0x0020, 0x0020, 0x0020, 0x0820, 0x0020, 0x0020, 0x0020, 0x0020, 0x0020, 0x0020, 0x0020,
  0x0020, 0x0820, 0x0020, 0x0020, 0x0020, 0x0020, 0x0820, 0x0840, 0x0020, 0x0020, 0x0841, 0x0820,
  0x0020, 0x0020, 0x0020, 0x0020, 0x0820, 0x0000, 0x0000, 0x0820, 0x0820, 0x0820, 0x0020, 0x0020,
  0x0020, 0x1061, 0x0000, 0x0020, 0x0820, 0x0840, 0x0820, 0x0820, 0x1061, 0x0820, 0x0000, 0x0000,
  0x0020, 0x0820, 0x0020, 0x0020, 0x0020, 0x0020, 0x0020, 0x0000, 0x0020, 0x0000, 0x0840, 0x10A2,
  0x1081, 0x0020, 0x0000, 0x0020, 0x0000, 0x0020, 0x0020, 0x0840, 0x0020, 0x0020, 0x0020, 0x0020,
  0x0020, 0x0000, 0x0000, 0x0000, 0x0000, 0x0000, 0x0000, 0x0020, 0x0000, 0x0000, 0x0020, 0x0020,
  0x0000, 0x0000, 0x0000, 0x0000, 0x0020, 0x0820, 0x0840, 0x0840, 0x0861, 0x1081, 0x1081, 0x1081,
  0x18C2, 0x18E2, 0x2103, 0x2102, 0x2123, 0x2923, 0x2943, 0x2102, 0x2123, 0x2123, 0x2103, 0x2123,
  0x2943, 0x31A5, 0x31A5, 0x39C5, 0x39C5, 0x3184, 0x3184, 0x39A5, 0x4206, 0x39C5, 0x39C5, 0x39C5,
  0x39E5, 0x4206, 0x4206, 0x4A27, 0x4A27, 0x4206, 0x41E6, 0x4206, 0x4A27, 0x4A27, 0x4A27, 0x4A47,
  0x4A48, 0x4A47, 0x4A48, 0x4A27, 0x4A48, 0x39C6, 0x0840, 0x0000, 0x0000, 0x0000, 0x0000, 0x0000,
  0x0000, 0x0000, 0x0000, 0x0000, 0x0000, 0x0000, 0x0000, 0x0000, 0x0000, 0x0000, 0x0000, 0x0000,
  0x0000, 0x0000, 0x0000, 0x0000, 0x0000, 0x0000, 0x0020, 0x0841, 0x0000, 0x0000, 0x0000, 0x0841,
  0x0020, 0x0000, 0x0020, 0x0020, 0x0020, 0x0861, 0x0000, 0x0000, 0x0000, 0x0000, 0x0020, 0x0020,
  0x0000, 0x0000, 0x0000, 0x0000, 0x0000, 0x0000, 0x0000, 0x0000, 0x0000, 0x0000, 0x0020, 0x0000,
  0x0000, 0x0000, 0x0000, 0x0000, 0x0000, 0x0020, 0x0000, 0x0000, 0x0000, 0x0000, 0x0000, 0x0000,
  0x0000, 0x0000, 0x0000, 0x0000, 0x0000, 0x0000, 0x0000, 0x0000, 0x0000, 0x0000, 0x0000, 0x0000,
  0x0000, 0x0000, 0x0000, 0x0000, 0x0000, 0x1082, 0x0020, 0x0000, 0x0020, 0x0000, 0x0000, 0x0000,
  0x0000, 0x0000, 0x0000, 0x0000, 0x0000, 0x0000, 0x0020, 0x0000, 0x0000, 0x0000, 0x0000, 0x0000,
  0x0000, 0x0000, 0x0000, 0x0000, 0x0000, 0x0000, 0x0020, 0x0000, 0x0000, 0x0000, 0x0000, 0x0000,
  0x0000, 0x0000, 0x0000, 0x0000, 0x0020, 0x0020, 0x0000, 0x0000, 0x0000, 0x0000, 0x0000, 0x0000,
  0x0861, 0x0020, 0x0000, 0x0000, 0x0000, 0x0000, 0x0000, 0x0000, 0x0000, 0x0841, 0x0000, 0x0000,
  0x0000, 0x0000, 0x0000, 0x0000, 0x0000, 0x0000, 0x0000, 0x0000, 0x0000, 0x0020, 0x0020, 0x0000,
  0x0000, 0x0000, 0x0000, 0x0000, 0x0841, 0x0020, 0x0000, 0x18C3, 0x3166, 0x0000, 0x0000, 0x0000,
  0x0000, 0x0000, 0x0840, 0x0000, 0x0000, 0x0000, 0x0020, 0x0020, 0x0020, 0x0020, 0x0020, 0x0020,
  0x0020, 0x0020, 0x0820, 0x0820, 0x0820, 0x0020, 0x0020, 0x0020, 0x0000, 0x0020, 0x0020, 0x0820,
  0x0840, 0x0820, 0x0020, 0x0020, 0x0020, 0x0820, 0x0020, 0x0020, 0x0020, 0x0020, 0x0020, 0x0020,
  0x0020, 0x0820, 0x0820, 0x0841, 0x0020, 0x0840, 0x1061, 0x0020, 0x0020, 0x0820, 0x0820, 0x0000,
  0x0020, 0x0841, 0x0020, 0x0000, 0x0841, 0x0820, 0x0020, 0x0020, 0x0820, 0x0841, 0x0820, 0x0820,
  0x0820, 0x0820, 0x0841, 0x0841, 0x0820, 0x0841, 0x0000, 0x0820, 0x0820, 0x0820, 0x0820, 0x0841,
  0x0820, 0x0000, 0x0020, 0x0000, 0x0000, 0x0000, 0x0020, 0x0840, 0x0841, 0x0020, 0x0020, 0x0020,
  0x0020, 0x0820, 0x0820, 0x0000, 0x0020, 0x0000, 0x0000, 0x0000, 0x0000, 0x0000, 0x0000, 0x0000,
  0x0000, 0x0000, 0x0000, 0x0820, 0x0840, 0x0840, 0x0820, 0x0000, 0x0000, 0x0000, 0x0000, 0x0000,
  0x0020, 0x0020, 0x0820, 0x0841, 0x0861, 0x1081, 0x1082, 0x0861, 0x18C2, 0x18E2, 0x2102, 0x2103,
  0x2103, 0x2123, 0x2943, 0x2123, 0x2102, 0x2123, 0x2102, 0x2103, 0x2123, 0x3184, 0x31A5, 0x31A4,
  0x39C5, 0x39A4, 0x3184, 0x3184, 0x39E5, 0x41E6, 0x39C5, 0x39C5, 0x39C5, 0x41E6, 0x4206, 0x4206,
  0x4A27, 0x4A47, 0x4206, 0x41E6, 0x4A27, 0x4A27, 0x4A27, 0x4A27, 0x4A48, 0x5248, 0x4A48, 0x4A48,
  0x4A27, 0x4A48, 0x39E7, 0x1081, 0x0000, 0x0020, 0x0000, 0x0000, 0x0000, 0x0000, 0x0000, 0x0000,
  0x0000, 0x0000, 0x0000, 0x0000, 0x0000, 0x0000, 0x0000, 0x0000, 0x0000, 0x0000, 0x0000, 0x0000,
  0x0000, 0x0000, 0x0020, 0x0020, 0x0000, 0x0000, 0x0000, 0x0020, 0x0000, 0x0000, 0x0020, 0x0841,
  0x0000, 0x0000, 0x0000, 0x0000, 0x0000, 0x0000, 0x0000, 0x0000, 0x0000, 0x0000, 0x0000, 0x0000,
  0x0000, 0x0000, 0x0000, 0x0000, 0x0000, 0x0000, 0x0000, 0x0000, 0x0000, 0x0000, 0x0000, 0x0020,
  0x0000, 0x0000, 0x0000, 0x0000, 0x0020, 0x0000, 0x0000, 0x0000, 0x0000, 0x0000, 0x0000, 0x0000,
  0x0000, 0x0000, 0x0000, 0x0000, 0x0000, 0x0000, 0x0000, 0x0000, 0x0000, 0x0000, 0x0000, 0x0000,
  0x0000, 0x0841, 0x0020, 0x0020, 0x0841, 0x0020, 0x0000, 0x0000, 0x0000, 0x0000, 0x0000, 0x0000,
  0x0000, 0x0000, 0x0020, 0x0000, 0x0000, 0x0000, 0x0000, 0x0000, 0x0000, 0x0000, 0x0000, 0x0000,
  0x0000, 0x0000, 0x0000, 0x0000, 0x0000, 0x0000, 0x0000, 0x0000, 0x0000, 0x0000, 0x0000, 0x0000,
  0x0000, 0x0000, 0x0000, 0x0000, 0x0000, 0x0000, 0x0000, 0x0020, 0x18C3, 0x0020, 0x0000, 0x0000,
  0x0000, 0x0000, 0x0000, 0x0000, 0x0000, 0x0000, 0x0000, 0x0000, 0x0000, 0x0000, 0x0000, 0x0000,
  0x0000, 0x0000, 0x0000, 0x0000, 0x0020, 0x0841, 0x0000, 0x0000, 0x0000, 0x0000, 0x0000, 0x0000,
  0x0020, 0x0000, 0x0000, 0x0820, 0x0841, 0x0000, 0x0000, 0x0000, 0x0000, 0x0000, 0x0820, 0x0000,
  0x0000, 0x0020, 0x0020, 0x0020, 0x0020, 0x0020, 0x0020, 0x0020, 0x0020, 0x0020, 0x0820, 0x0820,
  0x0020, 0x0020, 0x0020, 0x0020, 0x0020, 0x0020, 0x0820, 0x0820, 0x0840, 0x0820, 0x0020, 0x0020,
  0x0020, 0x0840, 0x0020, 0x0820, 0x0820, 0x0820, 0x0840, 0x0020, 0x0820, 0x0820, 0x0861, 0x0840,
  0x0020, 0x0861, 0x0840, 0x0020, 0x0020, 0x0840, 0x0020, 0x0840, 0x0840, 0x0020, 0x0840, 0x0820,
  0x1061, 0x0020, 0x0020, 0x0020, 0x0820, 0x1061, 0x0861, 0x0820, 0x0841, 0x0840, 0x0020, 0x0841,
  0x10A2, 0x0000, 0x0820, 0x1061, 0x0020, 0x1061, 0x0820, 0x0841, 0x0000, 0x0020, 0x0020, 0x0000,
  0x0020, 0x0000, 0x0000, 0x0000, 0x0000, 0x0020, 0x0020, 0x0020, 0x0020, 0x0820, 0x0820, 0x0020,
  0x0020, 0x0020, 0x0000, 0x0000, 0x0000, 0x0000, 0x0000, 0x0000, 0x0000, 0x0000, 0x0000, 0x0820,
  0x1061, 0x0861, 0x0840, 0x0000, 0x0000, 0x0000, 0x0000, 0x0000, 0x0020, 0x0020, 0x0820, 0x0840,
  0x0841, 0x1061, 0x1082, 0x1061, 0x10A1, 0x18E2, 0x18E2, 0x2103, 0x2103, 0x2123, 0x2943, 0x2943,
  0x2102, 0x2123, 0x2103, 0x2102, 0x2123, 0x2943, 0x31A5, 0x31A4, 0x39A5, 0x39C5, 0x3184, 0x3184,
  0x31A4, 0x4206, 0x39C5, 0x39C5, 0x41E6, 0x41E6, 0x4206, 0x4206, 0x4206, 0x4A47, 0x4A47, 0x4206,
  0x4206, 0x4A47, 0x4A47, 0x4A47, 0x4A27, 0x5268, 0x5268, 0x4A48, 0x5268, 0x4A48, 0x4A48, 0x4207,
  0x1081, 0x0000, 0x0000, 0x0000, 0x0000, 0x0000, 0x0000, 0x0000, 0x0000, 0x0000, 0x0020, 0x0020,
  0x0000, 0x0000, 0x0000, 0x0000, 0x0000, 0x0000, 0x0000, 0x0000, 0x0000, 0x0000, 0x0000, 0x0000,
  0x0000, 0x0000, 0x0000, 0x0000, 0x0000, 0x0000, 0x0000, 0x0000, 0x0000, 0x0000, 0x0000, 0x0000,
  0x0000, 0x0000, 0x0000, 0x0000, 0x0000, 0x0000, 0x0000, 0x0000, 0x0000, 0x0000, 0x0000, 0x0020,
  0x0861, 0x0000, 0x0000, 0x0000, 0x0000, 0x0000, 0x0000, 0x0841, 0x0000, 0x0000, 0x0000, 0x0000,
  0x0861, 0x0020, 0x0000, 0x0000, 0x0000, 0x0000, 0x0000, 0x0000, 0x0000, 0x0000, 0x0000, 0x0000,
  0x0000, 0x0000, 0x0000, 0x0000, 0x0000, 0x0000, 0x0000, 0x0000, 0x0000, 0x0000, 0x0000, 0x0000,
  0x0000, 0x0020, 0x0020, 0x0020, 0x0020, 0x0020, 0x0000, 0x0000, 0x0020, 0x0000, 0x0000, 0x0000,
  0x0000, 0x0000, 0x0000, 0x0000, 0x0000, 0x0000, 0x0000, 0x0000, 0x0000, 0x0000, 0x0000, 0x0000,
  0x0000, 0x0000, 0x0000, 0x0000, 0x0000, 0x0000, 0x0000, 0x0000, 0x0000, 0x0000, 0x0000, 0x0000,
  0x0000, 0x0000, 0x0000, 0x0841, 0x0000, 0x0000, 0x0000, 0x0000, 0x0000, 0x0000, 0x0000, 0x0000,
  0x0000, 0x0000, 0x0000, 0x0000, 0x0000, 0x0000, 0x0000, 0x0000, 0x0000, 0x0000, 0x0000, 0x0000,
  0x0000, 0x0000, 0x0000, 0x0000, 0x0000, 0x0000, 0x0000, 0x0000, 0x0000, 0x0000, 0x0000, 0x0000,
  0x0000, 0x0000, 0x0000, 0x0000, 0x0000, 0x0000, 0x0000, 0x0000, 0x0020, 0x0020, 0x0020, 0x0020,
  0x0020, 0x0020, 0x0020, 0x0020, 0x0020, 0x0840, 0x0820, 0x0020, 0x0020, 0x0820, 0x0020, 0x0020,
  0x0020, 0x0020, 0x0840, 0x0820, 0x0020, 0x0820, 0x0820, 0x0020, 0x0820, 0x0020, 0x0840, 0x0840,
  0x0020, 0x0020, 0x0820, 0x0820, 0x0841, 0x0861, 0x1082, 0x0020, 0x0820, 0x0840, 0x0020, 0x0841,
  0x0820, 0x0020, 0x0020, 0x0840, 0x0820, 0x0020, 0x0840, 0x0840, 0x0841, 0x0000, 0x0841, 0x0820,
  0x0000, 0x0820, 0x0820, 0x0020, 0x0841, 0x1061, 0x0020, 0x0840, 0x0840, 0x0020, 0x0020, 0x0000,
  0x0020, 0x0841, 0x0840, 0x0820, 0x0020, 0x0820, 0x0820, 0x0820, 0x18A2, 0x0840, 0x0820, 0x0820,
  0x0020, 0x0020, 0x0020, 0x0020, 0x0020, 0x0820, 0x0820, 0x0000, 0x0000, 0x0020, 0x0020, 0x0020,
  0x0020, 0x0020, 0x0000, 0x0000, 0x0000, 0x0020, 0x0000, 0x0000, 0x0000, 0x0000, 0x0000, 0x0020,
  0x0000, 0x0000, 0x0000, 0x0000, 0x0020, 0x0020, 0x0820, 0x0840, 0x0861, 0x1061, 0x1081, 0x1081,
  0x1081, 0x18C2, 0x18E2, 0x2103, 0x2103, 0x2123, 0x2123, 0x2943, 0x2103, 0x2103, 0x2123, 0x2102,
  0x2123, 0x2923, 0x3184, 0x39A5, 0x39A5, 0x39C5, 0x39A5, 0x3184, 0x3184, 0x39C5, 0x4206, 0x39C5,
  0x39C5, 0x39C5, 0x4206, 0x4206, 0x4206, 0x4A27, 0x4A47, 0x4A47, 0x4206, 0x4A27, 0x5248, 0x4A47,
  0x4A27, 0x4A47, 0x5268, 0x5268, 0x5268, 0x5268, 0x4A48, 0x4A68, 0x4208, 0x0861, 0x0000, 0x0020,
  0x18C3, 0x0841, 0x0000, 0x0000, 0x0000, 0x0000, 0x0020, 0x0000, 0x0000, 0x0000, 0x0000, 0x0000,
  0x0000, 0x0000, 0x0000, 0x0000, 0x0000, 0x0000, 0x0000, 0x0000, 0x0000, 0x0000, 0x0000, 0x0000,
  0x0000, 0x0000, 0x0861, 0x0861, 0x0000, 0x0000, 0x0000, 0x0000, 0x0000, 0x0020, 0x0000, 0x0000,
  0x0000, 0x0000, 0x0000, 0x0000, 0x0000, 0x0020, 0x0841, 0x0020, 0x1082, 0x0000, 0x0000, 0x0000,
  0x0000, 0x0000, 0x0000, 0x0000, 0x0000, 0x0000, 0x0000, 0x0000, 0x0000, 0x0000, 0x0000, 0x0000,
  0x0000, 0x0000, 0x0000, 0x0000, 0x0000, 0x0000, 0x0000, 0x0000, 0x0020, 0x0020, 0x0000, 0x0000,
  0x0000, 0x0000, 0x0000, 0x0000, 0x0000, 0x0020, 0x0020, 0x0020, 0x0000, 0x0000, 0x0000, 0x0000,
  0x0000, 0x0000, 0x0000, 0x0000, 0x0000, 0x0000, 0x0000, 0x0000, 0x0000, 0x0000, 0x0000, 0x0000,
  0x0000, 0x0000, 0x0000, 0x0000, 0x0000, 0x0000, 0x0000, 0x0000, 0x0000, 0x0000, 0x0000, 0x0020,
  0x0000, 0x0000, 0x0000, 0x0000, 0x0000, 0x0000, 0x0000, 0x0000, 0x0000, 0x0000, 0x0000, 0x0000,
  0x0000, 0x0000, 0x0020, 0x0000, 0x0000, 0x0000, 0x0000, 0x0000, 0x0000, 0x0000, 0x0000, 0x0000,
  0x0000, 0x0000, 0x0000, 0x0000, 0x0000, 0x0000, 0x0000, 0x0000, 0x0000, 0x0000, 0x0000, 0x0000,
  0x0000, 0x0000, 0x0000, 0x0000, 0x0000, 0x0000, 0x0000, 0x0000, 0x0000, 0x0000, 0x0000, 0x0000,
  0x0000, 0x0000, 0x0020, 0x0020, 0x0020, 0x0020, 0x0820, 0x0020, 0x0020, 0x0000, 0x0000, 0x0020,
  0x0020, 0x0820, 0x0820, 0x0020, 0x0020, 0x0020, 0x0020, 0x0020, 0x0020, 0x0020, 0x0820, 0x0841,
  0x0820, 0x0820, 0x0020, 0x0820, 0x0820, 0x0020, 0x0840, 0x0020, 0x0020, 0x0020, 0x0020, 0x0820,
  0x0820, 0x0820, 0x0820, 0x0820, 0x0840, 0x0840, 0x0820, 0x0020, 0x0840, 0x0820, 0x0020, 0x0820,
  0x0020, 0x0820, 0x0020, 0x0820, 0x0020, 0x0020, 0x0841, 0x0820, 0x0000, 0x0841, 0x0841, 0x0840,
  0x0820, 0x0820, 0x0020, 0x1081, 0x0020, 0x0020, 0x0020, 0x0000, 0x0820, 0x1081, 0x0841, 0x0820,
  0x0820, 0x0820, 0x0820, 0x0820, 0x1061, 0x0841, 0x0841, 0x0840, 0x0820, 0x0820, 0x0020, 0x0020,
  0x0020, 0x0820, 0x0820, 0x0820, 0x0020, 0x0020, 0x0020, 0x0020, 0x0020, 0x0020, 0x0020, 0x0000,
  0x0000, 0x0000, 0x0000, 0x0000, 0x0820, 0x0000, 0x0000, 0x0020, 0x0000, 0x0000, 0x0000, 0x0000,
  0x0020, 0x0020, 0x0820, 0x0840, 0x0841, 0x0861, 0x1081, 0x1082, 0x0861, 0x18C2, 0x18E2, 0x2102,
  0x2103, 0x2103, 0x2123, 0x2943, 0x2923, 0x2102, 0x2123, 0x2103, 0x2103, 0x2123, 0x2964, 0x31A5,
  0x39A5, 0x39C5, 0x39C5, 0x3184, 0x3184, 0x3184, 0x4206, 0x41E6, 0x39C5, 0x41E5, 0x41E6, 0x4206,
  0x4206, 0x4206, 0x4A27, 0x4A47, 0x4A27, 0x4206, 0x4A47, 0x4A48, 0x4A47, 0x4A47, 0x4A48, 0x5268,
  0x5268, 0x5268, 0x5268, 0x4A68, 0x4A69, 0x4208, 0x10A2, 0x0020, 0x0020, 0x0000, 0x0000, 0x0000,
  0x0000, 0x0000, 0x0000, 0x0000, 0x0000, 0x0000, 0x0000, 0x0000, 0x0000, 0x0020, 0x0861, 0x0000,
  0x0000, 0x0000, 0x0000, 0x0000, 0x0000, 0x0000, 0x0000, 0x0000, 0x0000, 0x0000, 0x0020, 0x0020,
  0x0000, 0x0000, 0x0000, 0x0000, 0x0000, 0x0861, 0x0020, 0x0000, 0x0020, 0x0000, 0x0000, 0x0000,
  0x0000, 0x0000, 0x0000, 0x0000, 0x0000, 0x0000, 0x0000, 0x0000, 0x0000, 0x0000, 0x0841, 0x10A2,
  0x0000, 0x0000, 0x0000, 0x0000, 0x0000, 0x0000, 0x0000, 0x0020, 0x0000, 0x0000, 0x0000, 0x0000,
  0x0000, 0x0000, 0x0000, 0x0000, 0x0841, 0x0841, 0x0000, 0x0000, 0x0020, 0x0000, 0x0000, 0x0000,
  0x0000, 0x0000, 0x0000, 0x0000, 0x0000, 0x0000, 0x0000, 0x0000, 0x0000, 0x0000, 0x0000, 0x0000,
  0x0000, 0x0000, 0x0000, 0x0000, 0x0000, 0x0000, 0x0000, 0x0000, 0x0000, 0x0000, 0x0000, 0x0000,
  0x0000, 0x0000, 0x0000, 0x0000, 0x0000, 0x0000, 0x0000, 0x0000, 0x0000, 0x0000, 0x0000, 0x0000,
  0x0000, 0x0000, 0x0000, 0x0000, 0x0000, 0x0000, 0x0000, 0x0000, 0x0000, 0x0000, 0x0020, 0x0020,
  0x0000, 0x0000, 0x0000, 0x0000, 0x0000, 0x0000, 0x0000, 0x0000, 0x0000, 0x0000, 0x0000, 0x0000,
  0x0000, 0x0000, 0x0000, 0x0000, 0x0000, 0x0000, 0x0000, 0x0020, 0x0000, 0x0000, 0x0000, 0x0000,
  0x0000, 0x0000, 0x0000, 0x0000, 0x0000, 0x0000, 0x0000, 0x0000, 0x0000, 0x0000, 0x0020, 0x0020,
  0x0020, 0x0020, 0x0020, 0x0020, 0x0020, 0x0020, 0x0020, 0x0020, 0x0820, 0x0820, 0x0020, 0x0840,
  0x0020, 0x0020, 0x0020, 0x0020, 0x0020, 0x0820, 0x0020, 0x0820, 0x0820, 0x0820, 0x0020, 0x0820,
  0x0820, 0x0020, 0x0020, 0x0020, 0x0820, 0x0820, 0x0840, 0x0840, 0x0820, 0x0020, 0x0820, 0x0820,
  0x0820, 0x0840, 0x0820, 0x0020, 0x0840, 0x0020, 0x0820, 0x0020, 0x0820, 0x0820, 0x0820, 0x0820,
  0x0020, 0x0820, 0x0020, 0x0020, 0x0020, 0x0840, 0x0840, 0x0841, 0x0820, 0x0820, 0x0820, 0x0861,
  0x0020, 0x0000, 0x0820, 0x0840, 0x0820, 0x0820, 0x0000, 0x0000, 0x0020, 0x0020, 0x0020, 0x0000,
  0x0000, 0x0000, 0x0000, 0x0020, 0x0020, 0x0020, 0x0820, 0x0020, 0x0020, 0x0820, 0x0820, 0x0820,
  0x0820, 0x0020, 0x0020, 0x0020, 0x0020, 0x0020, 0x0020, 0x0020, 0x0020, 0x0020, 0x0000, 0x0000,
  0x0020, 0x0000, 0x0000, 0x0020, 0x0820, 0x0020, 0x0000, 0x0020, 0x0020, 0x0020, 0x0020, 0x0820,
  0x0841, 0x0861, 0x1081, 0x1082, 0x0861, 0x10A2, 0x18E2, 0x18E2, 0x2103, 0x2103, 0x2123, 0x2123,
  0x2943, 0x2102, 0x2123, 0x2123, 0x2103, 0x2923, 0x2943, 0x3184, 0x39A5, 0x39A5, 0x39C5, 0x39C5,
  0x3184, 0x3184, 0x39C5, 0x4206, 0x41E5, 0x39C5, 0x39E5, 0x41E6, 0x4206, 0x4206, 0x4A27, 0x4A27,
  0x4A47, 0x4A27, 0x4207, 0x4A47, 0x5268, 0x4A47, 0x4A47, 0x5268, 0x5288, 0x5268, 0x5289, 0x5289,
  0x4A68, 0x5269, 0x4207, 0x0861, 0x0000, 0x0020, 0x0020, 0x0020, 0x0000, 0x0000, 0x0000, 0x0000,
  0x0020, 0x10A2, 0x0020, 0x0000, 0x0000, 0x0000, 0x0000, 0x0020, 0x0000, 0x0000, 0x0000, 0x0000,
  0x0000, 0x0000, 0x0000, 0x0000, 0x0000, 0x0000, 0x0000, 0x0000, 0x0000, 0x0000, 0x0000, 0x0000,
  0x0000, 0x0861, 0x0020, 0x0000, 0x0000, 0x0000, 0x0020, 0x0841, 0x0000, 0x0000, 0x0000, 0x0020,
  0x2104, 0x0020, 0x0000, 0x0000, 0x0000, 0x0000, 0x0000, 0x0841, 0x0000, 0x0000, 0x0020, 0x0841,
  0x0000, 0x0000, 0x0000, 0x0020, 0x0000, 0x0000, 0x0020, 0x0020, 0x0000, 0x0000, 0x0000, 0x0000,
  0x0020, 0x0000, 0x0000, 0x0000, 0x0020, 0x0000, 0x0000, 0x0000, 0x0000, 0x0000, 0x0841, 0x0000,
  0x0000, 0x0020, 0x0000, 0x0000, 0x0000, 0x0000, 0x0000, 0x0000, 0x0000, 0x0000, 0x0000, 0x0000,
  0x0000, 0x0000, 0x0000, 0x0000, 0x0000, 0x0000, 0x0000, 0x0000, 0x0000, 0x0000, 0x0000, 0x0000,
  0x0841, 0x0841, 0x0000, 0x0000, 0x0000, 0x0000, 0x0000, 0x0000, 0x0000, 0x0000, 0x0000, 0x0000,
  0x0000, 0x0000, 0x0000, 0x0000, 0x0000, 0x0000, 0x0000, 0x0020, 0x0020, 0x0000, 0x0000, 0x0000,
  0x0000, 0x0000, 0x0000, 0x0000, 0x0000, 0x0000, 0x0000, 0x0000, 0x0000, 0x0000, 0x0000, 0x0000,
  0x0000, 0x0000, 0x0000, 0x0000, 0x0000, 0x0000, 0x0000, 0x0000, 0x0000, 0x0000, 0x0000, 0x0000,
  0x0000, 0x0000, 0x0000, 0x0000, 0x0000, 0x0020, 0x0020, 0x0020, 0x0020, 0x0820, 0x0020, 0x0020,
  0x0020, 0x0020, 0x0020, 0x0820, 0x0820, 0x0020, 0x0020, 0x0820, 0x0020, 0x0020, 0x0020, 0x0820,
  0x0840, 0x0020, 0x0820, 0x0840, 0x0840, 0x0020, 0x0820, 0x0820, 0x0820, 0x0020, 0x0841, 0x0841,
  0x0840, 0x0861, 0x0861, 0x0840, 0x0820, 0x0820, 0x0820, 0x0820, 0x0820, 0x0020, 0x0820, 0x0820,
  0x0020, 0x0020, 0x0020, 0x0020, 0x0020, 0x0020, 0x0820, 0x0820, 0x0020, 0x0820, 0x0820, 0x0020,
  0x0020, 0x0000, 0x0020, 0x0020, 0x0820, 0x0820, 0x0820, 0x0020, 0x0000, 0x0820, 0x0820, 0x0840,
  0x0820, 0x0020, 0x0020, 0x0020, 0x0020, 0x0020, 0x0020, 0x0020, 0x0020, 0x0020, 0x0020, 0x0820,
  0x0020, 0x0020, 0x0820, 0x0020, 0x0020, 0x0020, 0x0020, 0x0020, 0x0020, 0x0020, 0x0020, 0x0020,
  0x0000, 0x0020, 0x0020, 0x0020, 0x0020, 0x0000, 0x0020, 0x0020, 0x0020, 0x0020, 0x0000, 0x0020,
  0x0020, 0x0020, 0x0000, 0x0020, 0x0020, 0x0000, 0x0000, 0x0820, 0x0841, 0x0861, 0x1061, 0x10A2,
  0x0861, 0x1081, 0x18C2, 0x18E2, 0x2103, 0x2103, 0x2103, 0x2123, 0x2943, 0x2123, 0x2102, 0x2123,
  0x2123, 0x2123, 0x2923, 0x3164, 0x39A5, 0x39A5, 0x39C5, 0x39C5, 0x3184, 0x3184, 0x31A4, 0x4206,
  0x4206, 0x39C5, 0x39C5, 0x41E6, 0x4206, 0x4206, 0x4A27, 0x4A27, 0x4A48, 0x4A47, 0x4206, 0x4A27,
  0x5268, 0x4A48, 0x4A48, 0x5268, 0x5288, 0x5289, 0x5269, 0x5289, 0x5289, 0x4A68, 0x5289, 0x4208,
  0x0841, 0x0020, 0x0841, 0x0000, 0x0020, 0x0000, 0x0000, 0x0000, 0x0841, 0x0841, 0x0020, 0x0000,
  0x0000, 0x0000, 0x0000, 0x0000, 0x0000, 0x0000, 0x0000, 0x0000, 0x0841, 0x0020, 0x0000, 0x0000,
  0x0000, 0x0841, 0x0861, 0x0000, 0x0000, 0x0000, 0x0000, 0x0000, 0x0000, 0x0000, 0x0000, 0x0000,
  0x0000, 0x0000, 0x0000, 0x0000, 0x0000, 0x0000, 0x0000, 0x0000, 0x0020, 0x0000, 0x0020, 0x0000,
  0x0000, 0x0000, 0x0000, 0x0000, 0x0000, 0x0000, 0x0000, 0x0000, 0x0000, 0x0000, 0x0841, 0x1082,
  0x0000, 0x0000, 0x0020, 0x0020, 0x0000, 0x0000, 0x0000, 0x0000, 0x0000, 0x0000, 0x0000, 0x0000,
  0x0000, 0x0000, 0x0841, 0x0020, 0x0000, 0x0000, 0x0000, 0x0000, 0x0000, 0x0020, 0x0000, 0x0000,
  0x0000, 0x0000, 0x0000, 0x0000, 0x0000, 0x0000, 0x0000, 0x0000, 0x0000, 0x0841, 0x1082, 0x0000,
  0x0000, 0x0000, 0x0000, 0x0000, 0x0000, 0x0000, 0x0000, 0x0841, 0x2945, 0x10A2, 0x0000, 0x0000,
  0x0000, 0x0841, 0x0000, 0x0000, 0x0000, 0x0000, 0x0000, 0x0000, 0x0000, 0x0000, 0x0000, 0x0000,
  0x0000, 0x0000, 0x0000, 0x0000, 0x0000, 0x0000, 0x0000, 0x0000, 0x0000, 0x0000, 0x0000, 0x0000,
  0x0000, 0x0000, 0x0000, 0x0000, 0x0000, 0x0000, 0x0000, 0x0000, 0x0000, 0x0000, 0x0000, 0x0000,
  0x0000, 0x0000, 0x0000, 0x0000, 0x0000, 0x0000, 0x0000, 0x0000, 0x0000, 0x0000, 0x0000, 0x0000,
  0x0020, 0x0020, 0x0020, 0x0020, 0x0820, 0x0020, 0x0020, 0x0020, 0x0020, 0x0020, 0x0820, 0x0840,
  0x0020, 0x0020, 0x0820, 0x0020, 0x0020, 0x0020, 0x0020, 0x0840, 0x0820, 0x0020, 0x0820, 0x0840,
  0x0820, 0x0020, 0x0820, 0x0820, 0x0820, 0x0020, 0x0020, 0x0020, 0x0820, 0x0840, 0x0820, 0x0840,
  0x0820, 0x0020, 0x0020, 0x0820, 0x0820, 0x0820, 0x0820, 0x0820, 0x0020, 0x0020, 0x0020, 0x0020,
  0x0020, 0x0020, 0x0820, 0x0020, 0x0020, 0x0820, 0x0820, 0x0820, 0x0820, 0x0820, 0x0820, 0x0820,
  0x0820, 0x0820, 0x0820, 0x0020, 0x0820, 0x0820, 0x0820, 0x0820, 0x0820, 0x0020, 0x0000, 0x0820,
  0x0820, 0x0020, 0x0020, 0x0020, 0x0020, 0x0020, 0x0020, 0x0820, 0x0020, 0x0020, 0x0820, 0x0020,
  0x0020, 0x0020, 0x0820, 0x0020, 0x0020, 0x0020, 0x0020, 0x0020, 0x0020, 0x0020, 0x0020, 0x0020,
  0x0000, 0x0020, 0x0020, 0x0020, 0x0020, 0x0020, 0x0000, 0x0020, 0x0020, 0x0000, 0x0000, 0x0000,
  0x0000, 0x0000, 0x0000, 0x0820, 0x0840, 0x0840, 0x0861, 0x1081, 0x1061, 0x0861, 0x18C2, 0x18E2,
  0x2102, 0x2103, 0x2103, 0x2123, 0x2943, 0x2943, 0x2102, 0x2123, 0x2123, 0x2123, 0x2923, 0x2943,
  0x31A4, 0x39A5, 0x39A5, 0x39C5, 0x39A5, 0x3184, 0x3184, 0x39C5, 0x4A27, 0x41E6, 0x39C5, 0x41E6,
  0x4206, 0x4206, 0x4A27, 0x4A27, 0x4A47, 0x5268, 0x4A27, 0x4207, 0x4A47, 0x5268, 0x5268, 0x5268,
  0x5268, 0x5288, 0x5288, 0x5289, 0x5289, 0x5289, 0x4A69, 0x528A, 0x4207, 0x0820, 0x0000, 0x0000,
  0x0000, 0x0000, 0x0020, 0x0000, 0x0020, 0x0020, 0x0000, 0x0000, 0x0000, 0x0000, 0x0000, 0x0000,
  0x0000, 0x0000, 0x0000, 0x0020, 0x1082, 0x0000, 0x0000, 0x0000, 0x0000, 0x0020, 0x0020, 0x0000,
  0x0000, 0x0000, 0x0000, 0x0000, 0x0000, 0x0000, 0x0000, 0x0000, 0x0000, 0x0000, 0x0000, 0x0000,
  0x0020, 0x0841, 0x10A2, 0x0000, 0x0000, 0x0000, 0x0020, 0x0000, 0x0000, 0x0000, 0x0000, 0x0000,
  0x0000, 0x0000, 0x0000, 0x0000, 0x0000, 0x0000, 0x0000, 0x0000, 0x0000, 0x0000, 0x0000, 0x0000,
  0x0020, 0x0000, 0x0000, 0x0000, 0x0000, 0x0000, 0x0000, 0x0000, 0x0000, 0x0000, 0x0020, 0x0020,
  0x0000, 0x0000, 0x0000, 0x0000, 0x0000, 0x0020, 0x0000, 0x0000, 0x0000, 0x0000, 0x0020, 0x0000,
  0x0000, 0x0000, 0x0000, 0x0000, 0x0000, 0x0861, 0x2104, 0x0000, 0x0000, 0x0000, 0x0000, 0x0000,
  0x0000, 0x0000, 0x0000, 0x0841, 0x0841, 0x0000, 0x0000, 0x0000, 0x0020, 0x0841, 0x0000, 0x0000,
  0x0000, 0x0000, 0x0000, 0x0000, 0x0000, 0x0000, 0x0000, 0x0000, 0x0000, 0x0000, 0x0000, 0x0000,
  0x0841, 0x0841, 0x0000, 0x0000, 0x0000, 0x0000, 0x0000, 0x0020, 0x0000, 0x0000, 0x0000, 0x0000,
  0x0000, 0x0000, 0x0000, 0x0020, 0x0000, 0x0000, 0x0000, 0x0000, 0x0000, 0x0000, 0x0020, 0x0000,
  0x0000, 0x0000, 0x0000, 0x0000, 0x0000, 0x0000, 0x0000, 0x0020, 0x0020, 0x0020, 0x0020, 0x0020,
  0x0020, 0x0020, 0x0020, 0x0020, 0x0020, 0x0020, 0x0840, 0x0020, 0x0020, 0x0020, 0x0820, 0x0020,
  0x0020, 0x0020, 0x0820, 0x0840, 0x0020, 0x0820, 0x0020, 0x0820, 0x0020, 0x0820, 0x0820, 0x0820,
  0x0820, 0x0820, 0x0820, 0x0020, 0x0820, 0x0820, 0x0840, 0x0820, 0x0820, 0x0820, 0x0820, 0x0820,
  0x0820, 0x0020, 0x0820, 0x0020, 0x0020, 0x0020, 0x0820, 0x0820, 0x0820, 0x0820, 0x0020, 0x0020,
  0x0820, 0x0020, 0x0020, 0x0020, 0x0820, 0x0820, 0x0020, 0x0820, 0x0820, 0x0820, 0x0820, 0x0020,
  0x0820, 0x0820, 0x0820, 0x0820, 0x0820, 0x0000, 0x0000, 0x0820, 0x0820, 0x0820, 0x0820, 0x0020,
  0x0020, 0x0020, 0x0020, 0x0020, 0x0020, 0x0820, 0x0820, 0x0020, 0x0020, 0x0820, 0x0820, 0x0020,
  0x0020, 0x0020, 0x0020, 0x0020, 0x0020, 0x0020, 0x0020, 0x0020, 0x0020, 0x0020, 0x0000, 0x0020,
  0x0020, 0x0020, 0x0000, 0x0020, 0x0020, 0x0000, 0x0000, 0x0000, 0x0020, 0x0020, 0x0000, 0x0020,
  0x0840, 0x0861, 0x1061, 0x1081, 0x1081, 0x0861, 0x10A1, 0x18C2, 0x18E2, 0x18E2, 0x2103, 0x2123,
  0x2943, 0x2943, 0x2123, 0x2102, 0x2123, 0x2102, 0x2123, 0x2943, 0x3184, 0x39A5, 0x39C5, 0x39C5,
  0x39C5, 0x3184, 0x3184, 0x39A5, 0x4206, 0x4206, 0x39C5, 0x39C5, 0x41E6, 0x4206, 0x4206, 0x4A27,
  0x4A27, 0x4A47, 0x4A48, 0x4A27, 0x4A27, 0x4A47, 0x5268, 0x5268, 0x5268, 0x5268, 0x5268, 0x5288,
  0x5289, 0x52A9, 0x5289, 0x4A69, 0x5289, 0x39C6, 0x0000, 0x0000, 0x0861, 0x0861, 0x0020, 0x0841,
  0x0020, 0x0000, 0x0000, 0x0000, 0x0000, 0x0000, 0x0000, 0x0000, 0x0000, 0x0000, 0x0000, 0x0000,
  0x0000, 0x0000, 0x0000, 0x0000, 0x0000, 0x0000, 0x0000, 0x0000, 0x0000, 0x0000, 0x0000, 0x0000,
  0x0000, 0x0000, 0x0000, 0x0841, 0x0020, 0x0020, 0x0000, 0x0000, 0x0020, 0x0020, 0x0841, 0x0000,
  0x0000, 0x0000, 0x0000, 0x0000, 0x0861, 0x0020, 0x0020, 0x0861, 0x0000, 0x0000, 0x0000, 0x0000,
  0x0000, 0x0841, 0x0000, 0x0000, 0x0000, 0x0000, 0x0000, 0x0000, 0x0020, 0x0000, 0x0000, 0x0000,
  0x0000, 0x0000, 0x0000, 0x0000, 0x0000, 0x0000, 0x0000, 0x0000, 0x0000, 0x0000, 0x0000, 0x0000,
  0x0000, 0x0000, 0x0000, 0x0000, 0x0020, 0x0841, 0x0020, 0x0000, 0x0000, 0x0000, 0x0000, 0x0000,
  0x0000, 0x0000, 0x0000, 0x0000, 0x0000, 0x0000, 0x0000, 0x0000, 0x0000, 0x0000, 0x0000, 0x0000,
  0x0000, 0x0000, 0x0000, 0x0000, 0x0000, 0x0000, 0x0000, 0x0000, 0x0000, 0x0000, 0x0000, 0x0000,
  0x0000, 0x0000, 0x0000, 0x0000, 0x0000, 0x0000, 0x0000, 0x0000, 0x1082, 0x0861, 0x0000, 0x0000,
  0x0000, 0x0000, 0x0000, 0x0841, 0x0020, 0x0000, 0x0000, 0x0000, 0x0000, 0x0000, 0x0000, 0x0000,
  0x0000, 0x0000, 0x0000, 0x0020, 0x1082, 0x0020, 0x0020, 0x0000, 0x0000, 0x0020, 0x0000, 0x0000,
  0x0000, 0x0000, 0x0020, 0x0020, 0x0020, 0x0020, 0x0820, 0x0020, 0x0020, 0x0020, 0x0020, 0x0020,
  0x0020, 0x0840, 0x0820, 0x0020, 0x0020, 0x0820, 0x0020, 0x0020, 0x0020, 0x0020, 0x0840, 0x0820,
  0x0020, 0x0820, 0x0820, 0x0020, 0x0820, 0x0820, 0x0820, 0x0020, 0x0020, 0x0820, 0x0820, 0x0020,
  0x0020, 0x0820, 0x0840, 0x0820, 0x0820, 0x0820, 0x0820, 0x0820, 0x0820, 0x0820, 0x0820, 0x0020,
  0x0020, 0x0020, 0x0820, 0x0820, 0x0820, 0x0840, 0x0820, 0x0000, 0x0020, 0x0000, 0x0020, 0x0020,
  0x0020, 0x0000, 0x0841, 0x0820, 0x0020, 0x0020, 0x0820, 0x0000, 0x0020, 0x0020, 0x0840, 0x0861,
  0x0840, 0x0020, 0x0020, 0x0000, 0x0000, 0x0020, 0x0000, 0x0020, 0x0020, 0x0020, 0x0020, 0x0020,
  0x0020, 0x0020, 0x0820, 0x0020, 0x0020, 0x0820, 0x0820, 0x0020, 0x0020, 0x0020, 0x0020, 0x0020,
  0x0020, 0x0020, 0x0020, 0x0020, 0x0020, 0x0020, 0x0000, 0x0020, 0x0020, 0x0020, 0x0020, 0x0020,
  0x0020, 0x0020, 0x0000, 0x0000, 0x0000, 0x0020, 0x0000, 0x0020, 0x0840, 0x0820, 0x0020, 0x0840,
  0x0861, 0x1081, 0x18C2, 0x18E2, 0x2103, 0x2103, 0x2123, 0x2123, 0x2123, 0x2123, 0x2943, 0x2123,
  0x2943, 0x2123, 0x2123, 0x2102, 0x2943, 0x31A4, 0x39A5, 0x39C5, 0x39E5, 0x39A5, 0x3184, 0x31A4,
  0x39C5, 0x4A27, 0x41E6, 0x39C5, 0x41E6, 0x41E6, 0x4206, 0x4207, 0x4A27, 0x4A47, 0x4A48, 0x4A47,
  0x4A27, 0x4A27, 0x5268, 0x5268, 0x5268, 0x4A47, 0x4A47, 0x5268, 0x5288, 0x5289, 0x5289, 0x528A,
  0x4A89, 0x528A, 0x3185, 0x0000, 0x0020, 0x0000, 0x0000, 0x0841, 0x0020, 0x0000, 0x0020, 0x10A2,
  0x0000, 0x0000, 0x0000, 0x0000, 0x0000, 0x0000, 0x0000, 0x0000, 0x0000, 0x0000, 0x0000, 0x0000,
  0x0000, 0x0000, 0x0000, 0x0000, 0x0000, 0x0000, 0x0000, 0x0000, 0x0000, 0x0000, 0x0000, 0x0020,
  0x0841, 0x0020, 0x0000, 0x0000, 0x0000, 0x0000, 0x0000, 0x0020, 0x0000, 0x0000, 0x0000, 0x0000,
  0x0020, 0x0020, 0x0020, 0x0020, 0x0000, 0x0000, 0x0000, 0x0000, 0x0000, 0x0000, 0x0000, 0x0000,
  0x0000, 0x0000, 0x0000, 0x0000, 0x0000, 0x0000, 0x0000, 0x0000, 0x0000, 0x0000, 0x0000, 0x0000,
  0x0000, 0x0000, 0x0000, 0x0000, 0x0000, 0x0000, 0x0000, 0x0000, 0x0020, 0x0841, 0x0000, 0x0000,
  0x0000, 0x0020, 0x0000, 0x0000, 0x0000, 0x0000, 0x0000, 0x0000, 0x0000, 0x0000, 0x0000, 0x0000,
  0x0000, 0x0000, 0x0000, 0x0000, 0x0000, 0x0000, 0x0000, 0x0000, 0x0000, 0x0000, 0x0000, 0x0000,
  0x0000, 0x0000, 0x0000, 0x0000, 0x0000, 0x0000, 0x0000, 0x0000, 0x0000, 0x0000, 0x0000, 0x0000,
  0x0000, 0x0000, 0x0000, 0x0000, 0x0000, 0x0000, 0x0000, 0x0000, 0x0000, 0x0000, 0x0000, 0x10A2,
  0x1082, 0x0000, 0x0000, 0x0000, 0x0000, 0x0000, 0x0000, 0x0000, 0x0000, 0x0000, 0x0000, 0x0020,
  0x0861, 0x0000, 0x0000, 0x0000, 0x0000, 0x0861, 0x0000, 0x0000, 0x0000, 0x0000, 0x0020, 0x0020,
  0x0020, 0x0020, 0x0820, 0x0020, 0x0020, 0x0020, 0x0020, 0x0020, 0x0820, 0x0840, 0x0020, 0x0020,
  0x0820, 0x0020, 0x0020, 0x0020, 0x0020, 0x0020, 0x0840, 0x0820, 0x0020, 0x0020, 0x0020, 0x0020,
  0x0020, 0x0820, 0x0020, 0x0820, 0x0020, 0x0020, 0x0840, 0x0820, 0x0020, 0x0840, 0x0840, 0x0820,
  0x0820, 0x0820, 0x0820, 0x0820, 0x0820, 0x0820, 0x0820, 0x0820, 0x0020, 0x0820, 0x0820, 0x0020,
  0x0020, 0x0861, 0x1061, 0x0020, 0x0820, 0x0820, 0x0020, 0x0020, 0x0000, 0x0820, 0x0841, 0x0820,
  0x1061, 0x0841, 0x0820, 0x0840, 0x0841, 0x0820, 0x1081, 0x10A2, 0x1081, 0x0020, 0x0820, 0x0840,
  0x0840, 0x0840, 0x0820, 0x0820, 0x0020, 0x0020, 0x0020, 0x0020, 0x0020, 0x0840, 0x0820, 0x0020,
  0x0020, 0x0820, 0x0820, 0x0840, 0x0840, 0x0020, 0x0020, 0x0020, 0x0020, 0x0020, 0x0020, 0x0020,
  0x0020, 0x0020, 0x0020, 0x0000, 0x0820, 0x0840, 0x0000, 0x0020, 0x0020, 0x0020, 0x0000, 0x0000,
  0x0020, 0x0020, 0x0020, 0x0000, 0x0000, 0x0840, 0x10A2, 0x2103, 0x2144, 0x2944, 0x2964, 0x2944,
  0x2964, 0x2944, 0x2943, 0x2103, 0x2103, 0x2102, 0x10A1, 0x18E2, 0x2103, 0x2123, 0x2944, 0x2964,
  0x2943, 0x3184, 0x39A5, 0x39C5, 0x39C5, 0x39C5, 0x3164, 0x3184, 0x39A4, 0x4206, 0x4227, 0x41E6,
  0x39C5, 0x41E6, 0x4206, 0x4207, 0x4A27, 0x4A27, 0x4A47, 0x5248, 0x4A27, 0x4A27, 0x4A47, 0x5268,
  0x5268, 0x5268, 0x4A47, 0x4A47, 0x5288, 0x5289, 0x5289, 0x528A, 0x528A, 0x4A69, 0x5289, 0x2124,
  0x0000, 0x0000, 0x0000, 0x0000, 0x0000, 0x0000, 0x0000, 0x0020, 0x0000, 0x0000, 0x0000, 0x0000,
  0x0000, 0x0000, 0x0000, 0x0000, 0x0000, 0x0000, 0x0000, 0x0000, 0x0000, 0x0000, 0x0000, 0x0000,
  0x0000, 0x0000, 0x0000, 0x0000, 0x0000, 0x0000, 0x0000, 0x0000, 0x0000, 0x0000, 0x0000, 0x0000,
  0x0000, 0x0000, 0x0000, 0x0841, 0x0020, 0x0000, 0x0000, 0x0000, 0x0000, 0x0000, 0x0000, 0x0020,
  0x0020, 0x0000, 0x0020, 0x0020, 0x0000, 0x0000, 0x0000, 0x0000, 0x0000, 0x0000, 0x0000, 0x0000,
  0x0000, 0x0000, 0x0000, 0x0000, 0x0000, 0x0000, 0x0000, 0x0000, 0x0000, 0x0000, 0x0000, 0x0000,
  0x0000, 0x0000, 0x0000, 0x0000, 0x0020, 0x0841, 0x0000, 0x0020, 0x0000, 0x0000, 0x0000, 0x0000,
  0x0000, 0x0000, 0x10A2, 0x1082, 0x0000, 0x0000, 0x0000, 0x0000, 0x0000, 0x0000, 0x0000, 0x0000,
  0x0000, 0x0000, 0x0000, 0x0000, 0x0000, 0x0000, 0x0000, 0x0000, 0x0000, 0x0000, 0x0000, 0x0000,
  0x0000, 0x0000, 0x0000, 0x0000, 0x0000, 0x0000, 0x0000, 0x0000, 0x0000, 0x0000, 0x0000, 0x0000,
  0x0000, 0x0000, 0x0000, 0x0000, 0x0000, 0x0000, 0x0000, 0x0000, 0x0000, 0x0000, 0x0000, 0x0000,
  0x0000, 0x0000, 0x0000, 0x0000, 0x0000, 0x0020, 0x0020, 0x0000, 0x0000, 0x0000, 0x0000, 0x0000,
  0x0000, 0x0000, 0x0000, 0x0000, 0x0000, 0x0020, 0x0020, 0x0020, 0x0020, 0x0820, 0x0020, 0x0020,
  0x0020, 0x0020, 0x0020, 0x0820, 0x0840, 0x0020, 0x0020, 0x0820, 0x0820, 0x0020, 0x0020, 0x0820,
  0x0020, 0x0840, 0x0820, 0x0820, 0x0820, 0x0820, 0x0840, 0x0841, 0x0840, 0x0020, 0x0841, 0x0841,
  0x0820, 0x0820, 0x0020, 0x0820, 0x0020, 0x0861, 0x0861, 0x0840, 0x0841, 0x0000, 0x1061, 0x0861,
  0x0840, 0x0820, 0x0820, 0x0841, 0x0840, 0x0840, 0x0840, 0x0840, 0x0841, 0x0861, 0x0840, 0x0841,
  0x0841, 0x1061, 0x0020, 0x0020, 0x0000, 0x0820, 0x0841, 0x1061, 0x0841, 0x0840, 0x0820, 0x0820,
  0x0820, 0x0840, 0x0861, 0x0841, 0x0820, 0x0000, 0x0840, 0x1081, 0x0841, 0x0841, 0x0840, 0x0861,
  0x0020, 0x0020, 0x0820, 0x0020, 0x0020, 0x0820, 0x0820, 0x0820, 0x0020, 0x0020, 0x0820, 0x0840,
  0x0840, 0x0020, 0x0020, 0x0020, 0x0020, 0x0020, 0x0020, 0x0020, 0x0020, 0x0020, 0x0020, 0x0020,
  0x0820, 0x0820, 0x0020, 0x0000, 0x0820, 0x0820, 0x0000, 0x0000, 0x0020, 0x0820, 0x0020, 0x0861,
  0x2103, 0x2964, 0x2964, 0x2984, 0x2964, 0x2964, 0x2964, 0x2943, 0x2944, 0x2943, 0x2943, 0x2123,
  0x2123, 0x2103, 0x10A1, 0x18C2, 0x10A1, 0x10A1, 0x18C2, 0x2102, 0x2943, 0x3185, 0x39C5, 0x39C5,
  0x39C5, 0x39E5, 0x39A5, 0x3184, 0x31A4, 0x39C5, 0x4226, 0x4206, 0x41E5, 0x41E6, 0x4206, 0x4206,
  0x4207, 0x4A27, 0x4A27, 0x4A48, 0x4A48, 0x4A27, 0x4A27, 0x4A48, 0x5268, 0x5268, 0x4A48, 0x4A48,
  0x5268, 0x5288, 0x52A9, 0x5289, 0x52AA, 0x528A, 0x5289, 0x5289, 0x18E3, 0x0000, 0x0020, 0x0020,
  0x0000, 0x0000, 0x0000, 0x0000, 0x0841, 0x0840, 0x0000, 0x0000, 0x0000, 0x0020, 0x0000, 0x0000,
  0x0000, 0x0000, 0x0000, 0x0000, 0x0020, 0x0020, 0x0000, 0x0000, 0x0000, 0x0000, 0x0000, 0x0000,
  0x0000, 0x0000, 0x0000, 0x0000, 0x0000, 0x0000, 0x0000, 0x0000, 0x0000, 0x0000, 0x0000, 0x0000,
  0x0000, 0x0000, 0x0020, 0x0020, 0x0000, 0x0000, 0x0000, 0x0000, 0x0020, 0x0020, 0x0020, 0x0000,
  0x0000, 0x0000, 0x0000, 0x0000, 0x0000, 0x0000, 0x0000, 0x0000, 0x0000, 0x0000, 0x0000, 0x0000,
  0x0000, 0x0000, 0x0000, 0x0000, 0x0000, 0x0000, 0x0000, 0x0000, 0x0000, 0x0000, 0x0000, 0x0000,
  0x0000, 0x0000, 0x0000, 0x0000, 0x0020, 0x0000, 0x0000, 0x0000, 0x0000, 0x0000, 0x2104, 0x20E3,
  0x0000, 0x0000, 0x0000, 0x0000, 0x0000, 0x0000, 0x0000, 0x0000, 0x0000, 0x0000, 0x0000, 0x0000,
  0x0000, 0x0000, 0x0000, 0x0000, 0x0000, 0x0000, 0x0000, 0x0000, 0x0000, 0x0000, 0x0000, 0x0000,
  0x0000, 0x0000, 0x0000, 0x0000, 0x0000, 0x0000, 0x0000, 0x0000, 0x0000, 0x0000, 0x1061, 0x10A2,
  0x0000, 0x0000, 0x0000, 0x0000, 0x0000, 0x0000, 0x0000, 0x0000, 0x0000, 0x0000, 0x0000, 0x0000,
  0x0000, 0x0000, 0x0000, 0x0000, 0x0020, 0x0020, 0x0000, 0x0000, 0x0000, 0x0000, 0x0000, 0x0000,
  0x0020, 0x0020, 0x0020, 0x0020, 0x0820, 0x0820, 0x0020, 0x0020, 0x0020, 0x0020, 0x0020, 0x0840,
  0x0840, 0x0820, 0x0820, 0x0841, 0x0020, 0x0820, 0x0840, 0x0020, 0x0861, 0x0840, 0x0020, 0x0820,
  0x0820, 0x0820, 0x0820, 0x0840, 0x0841, 0x0841, 0x0841, 0x0841, 0x0820, 0x0841, 0x0820, 0x0020,
  0x0820, 0x0840, 0x0020, 0x0820, 0x0820, 0x0820, 0x1061, 0x0841, 0x0840, 0x0820, 0x0820, 0x0840,
  0x0820, 0x0820, 0x0840, 0x0020, 0x0820, 0x0840, 0x0840, 0x0020, 0x0000, 0x0000, 0x0020, 0x0020,
  0x0820, 0x0820, 0x0820, 0x0820, 0x0820, 0x0820, 0x0820, 0x0000, 0x0820, 0x0861, 0x0000, 0x0020,
  0x0020, 0x0000, 0x0020, 0x0000, 0x0000, 0x0020, 0x0020, 0x0020, 0x0020, 0x0020, 0x0820, 0x0820,
  0x0820, 0x0020, 0x0020, 0x0020, 0x0820, 0x0861, 0x0020, 0x0841, 0x0841, 0x0020, 0x0020, 0x0020,
  0x0020, 0x0020, 0x0020, 0x0020, 0x0000, 0x0020, 0x0020, 0x0000, 0x0840, 0x1061, 0x0020, 0x0000,
  0x0820, 0x0820, 0x0000, 0x0020, 0x0020, 0x0841, 0x2103, 0x31A5, 0x31A5, 0x2964, 0x2964, 0x2964,
  0x2964, 0x2964, 0x2964, 0x2964, 0x2943, 0x2943, 0x2943, 0x2123, 0x2123, 0x2103, 0x18C1, 0x18E2,
  0x18C2, 0x10A2, 0x10A1, 0x1081, 0x1061, 0x18A1, 0x2944, 0x39A5, 0x39E5, 0x39C5, 0x39C5, 0x3184,
  0x39A5, 0x39A5, 0x4206, 0x4206, 0x41E6, 0x39E5, 0x41E6, 0x41E6, 0x4206, 0x4207, 0x4A27, 0x4A47,
  0x5268, 0x4A27, 0x4A27, 0x4A47, 0x5268, 0x5268, 0x5268, 0x5248, 0x5268, 0x5289, 0x5289, 0x5289,
  0x52A9, 0x52AA, 0x528A, 0x528A, 0x4A68, 0x1081, 0x0000, 0x0020, 0x10A2, 0x0000, 0x0020, 0x0020,
  0x0020, 0x0020, 0x0000, 0x0020, 0x0000, 0x0841, 0x0020, 0x0000, 0x0000, 0x0000, 0x0000, 0x0000,
  0x0000, 0x0000, 0x0000, 0x0000, 0x0000, 0x0000, 0x0000, 0x0000, 0x0000, 0x0000, 0x0000, 0x0000,
  0x0000, 0x0000, 0x0000, 0x0000, 0x0000, 0x0000, 0x0000, 0x0000, 0x0000, 0x0000, 0x0020, 0x0020,
  0x0000, 0x0000, 0x0000, 0x0000, 0x0000, 0x1082, 0x0861, 0x0000, 0x0000, 0x0000, 0x0000, 0x0000,
  0x0000, 0x0000, 0x0000, 0x0000, 0x0000, 0x0000, 0x0000, 0x0000, 0x0000, 0x0000, 0x0000, 0x0000,
  0x0000, 0x0000, 0x0000, 0x0000, 0x0000, 0x0000, 0x0000, 0x0000, 0x0000, 0x0000, 0x0000, 0x0000,
  0x0000, 0x0000, 0x0000, 0x0000, 0x0000, 0x0000, 0x0000, 0x0000, 0x0000, 0x0000, 0x0000, 0x0000,
  0x0000, 0x0000, 0x0000, 0x0000, 0x0000, 0x0000, 0x0000, 0x0000, 0x0000, 0x0000, 0x0000, 0x0000,
  0x0000, 0x0000, 0x0000, 0x0000, 0x0000, 0x0000, 0x0000, 0x0000, 0x0020, 0x0000, 0x0000, 0x0000,
  0x0000, 0x0000, 0x0000, 0x0000, 0x0000, 0x0000, 0x2104, 0x2124, 0x0000, 0x0000, 0x0000, 0x0000,
  0x0020, 0x0020, 0x0000, 0x0000, 0x0000, 0x0020, 0x0020, 0x0000, 0x0000, 0x0000, 0x0000, 0x0000,
  0x1081, 0x0841, 0x0000, 0x0000, 0x0000, 0x0000, 0x0000, 0x0020, 0x0020, 0x0020, 0x0020, 0x0020,
  0x0820, 0x0020, 0x0020, 0x0020, 0x0820, 0x0020, 0x0840, 0x0841, 0x0841, 0x0820, 0x0020, 0x0840,
  0x0020, 0x0840, 0x0840, 0x0840, 0x0841, 0x0020, 0x0020, 0x0020, 0x0020, 0x0020, 0x0020, 0x0020,
  0x0820, 0x0841, 0x0020, 0x0020, 0x0020, 0x0861, 0x0820, 0x0020, 0x0841, 0x0020, 0x0820, 0x0841,
  0x0820, 0x0841, 0x1082, 0x0840, 0x0840, 0x0820, 0x0840, 0x0861, 0x0820, 0x0820, 0x0841, 0x0820,
  0x0820, 0x1082, 0x0841, 0x0020, 0x0820, 0x0820, 0x0020, 0x0820, 0x0820, 0x0820, 0x0841, 0x0841,
  0x0820, 0x0820, 0x0820, 0x0000, 0x0861, 0x1061, 0x0020, 0x0820, 0x0820, 0x0000, 0x0020, 0x0000,
  0x0820, 0x0820, 0x0020, 0x0020, 0x0020, 0x0820, 0x0020, 0x0820, 0x0820, 0x0020, 0x0020, 0x0020,
  0x0820, 0x0840, 0x0820, 0x0840, 0x0840, 0x0020, 0x0020, 0x0020, 0x0020, 0x0020, 0x0020, 0x0020,
  0x0020, 0x0020, 0x0020, 0x0020, 0x0820, 0x1061, 0x0820, 0x0000, 0x0020, 0x0020, 0x0020, 0x0000,
  0x18C2, 0x3185, 0x31A5, 0x31A5, 0x3184, 0x2984, 0x2984, 0x2964, 0x2964, 0x2944, 0x2943, 0x2943,
  0x2943, 0x2943, 0x2143, 0x2123, 0x2123, 0x2103, 0x18C2, 0x18E2, 0x18C2, 0x18C2, 0x10A1, 0x10A2,
  0x0861, 0x1061, 0x0860, 0x18A1, 0x3184, 0x41E5, 0x39E5, 0x31A4, 0x3184, 0x39A5, 0x41E5, 0x4206,
  0x4206, 0x39C5, 0x39C5, 0x41E6, 0x41E6, 0x4206, 0x4206, 0x4A27, 0x4A48, 0x4A47, 0x4A27, 0x4A47,
  0x4A48, 0x5268, 0x5268, 0x5268, 0x5248, 0x5288, 0x5289, 0x5289, 0x52A9, 0x52AA, 0x528A, 0x528A,
  0x5289, 0x4207, 0x0020, 0x0000, 0x0841, 0x0020, 0x0000, 0x0020, 0x0000, 0x0000, 0x0000, 0x0020,
  0x0000, 0x0000, 0x0000, 0x0000, 0x0000, 0x0000, 0x0000, 0x0000, 0x0000, 0x0000, 0x0000, 0x0000,
  0x0000, 0x0000, 0x0000, 0x0000, 0x0000, 0x0000, 0x0000, 0x0000, 0x0000, 0x0000, 0x0000, 0x0000,
  0x0000, 0x0000, 0x0000, 0x0000, 0x0000, 0x0000, 0x0000, 0x0000, 0x0000, 0x0000, 0x0000, 0x0000,
  0x0000, 0x0000, 0x0000, 0x0000, 0x0000, 0x0000, 0x0000, 0x0000, 0x0020, 0x0000, 0x0000, 0x0841,
  0x0020, 0x0000, 0x0020, 0x0020, 0x0861, 0x0000, 0x0000, 0x0000, 0x0000, 0x0000, 0x0000, 0x0861,
  0x0000, 0x0000, 0x0000, 0x0000, 0x0000, 0x0000, 0x0000, 0x0000, 0x0000, 0x0000, 0x0000, 0x0000,
  0x0000, 0x0000, 0x0841, 0x1082, 0x0000, 0x0000, 0x0000, 0x0000, 0x0000, 0x0000, 0x0000, 0x0000,
  0x0000, 0x0000, 0x0000, 0x0000, 0x0000, 0x0000, 0x0000, 0x0000, 0x0000, 0x0000, 0x0000, 0x0000,
  0x0000, 0x0000, 0x0000, 0x0000, 0x0020, 0x0000, 0x0000, 0x0000, 0x0000, 0x0000, 0x0000, 0x0000,
  0x0000, 0x0000, 0x0000, 0x0000, 0x0000, 0x0000, 0x0000, 0x0000, 0x0020, 0x0020, 0x0000, 0x0000,
  0x0000, 0x0000, 0x0000, 0x0000, 0x0000, 0x0000, 0x0000, 0x0000, 0x0000, 0x0000, 0x0000, 0x0000,
  0x0000, 0x0000, 0x0020, 0x0000, 0x0020, 0x0020, 0x0020, 0x0820, 0x0820, 0x0020, 0x0020, 0x0020,
  0x0820, 0x0820, 0x0840, 0x0841, 0x0840, 0x0000, 0x0840, 0x0020, 0x0020, 0x0820, 0x0020, 0x0841,
  0x0841, 0x0020, 0x0020, 0x0020, 0x0020, 0x0020, 0x0020, 0x0840, 0x0820, 0x0020, 0x0861, 0x0820,
  0x0020, 0x0020, 0x0820, 0x0820, 0x0841, 0x0000, 0x1061, 0x1061, 0x0000, 0x0861, 0x0861, 0x0861,
  0x0820, 0x0841, 0x1061, 0x0840, 0x0820, 0x0820, 0x0820, 0x0820, 0x0840, 0x0841, 0x0820, 0x0820,
  0x0841, 0x0820, 0x0020, 0x0820, 0x0820, 0x0820, 0x0841, 0x0861, 0x0820, 0x0820, 0x0820, 0x0000,
  0x0820, 0x0820, 0x0820, 0x0820, 0x0020, 0x0020, 0x0020, 0x0000, 0x0820, 0x0020, 0x0020, 0x0020,
  0x0020, 0x0820, 0x0820, 0x0020, 0x0820, 0x0020, 0x0020, 0x0820, 0x0020, 0x0820, 0x0820, 0x0820,
  0x0840, 0x0020, 0x0020, 0x0020, 0x0020, 0x0020, 0x0020, 0x0020, 0x0020, 0x0020, 0x0020, 0x0020,
  0x0000, 0x0841, 0x0820, 0x0000, 0x0020, 0x0820, 0x0000, 0x2103, 0x39C5, 0x39C5, 0x3184, 0x3184,
  0x31A5, 0x3184, 0x2123, 0x2123, 0x2123, 0x2923, 0x2943, 0x2944, 0x2964, 0x2143, 0x2123, 0x2123,
  0x2103, 0x2102, 0x2102, 0x2103, 0x18E2, 0x18E2, 0x18C2, 0x10A2, 0x0841, 0x1081, 0x0841, 0x0820,
  0x0820, 0x20E3, 0x39C6, 0x39C5, 0x3164, 0x3185, 0x39A5, 0x4206, 0x4206, 0x39C5, 0x39C5, 0x41E6,
  0x41E6, 0x4206, 0x4206, 0x4A07, 0x4A27, 0x4A48, 0x4A47, 0x4A47, 0x4A47, 0x5268, 0x5268, 0x5268,
  0x5268, 0x5268, 0x5289, 0x5289, 0x5289, 0x52AA, 0x52AA, 0x52AA, 0x5289, 0x52AA, 0x31A6, 0x0000,
  0x0000, 0x0000, 0x0841, 0x0821, 0x0000, 0x0000, 0x0000, 0x0000, 0x0000, 0x0000, 0x0000, 0x0000,
  0x0000, 0x0000, 0x0841, 0x0841, 0x0020, 0x0000, 0x0000, 0x0000, 0x0000, 0x0000, 0x0000, 0x0000,
  0x0000, 0x0000, 0x0000, 0x0000, 0x0000, 0x0000, 0x0000, 0x0000, 0x0000, 0x0000, 0x0000, 0x0000,
  0x0000, 0x0000, 0x0000, 0x0000, 0x0000, 0x0000, 0x0000, 0x0000, 0x0000, 0x0000, 0x0000, 0x0000,
  0x0000, 0x0000, 0x0000, 0x0000, 0x0000, 0x0000, 0x0000, 0x0841, 0x0020, 0x0000, 0x18C3, 0x0861,
  0x0000, 0x0020, 0x0020, 0x0020, 0x0000, 0x0000, 0x0000, 0x0020, 0x0000, 0x0000, 0x0000, 0x0000,
  0x0000, 0x0000, 0x0000, 0x0000, 0x0000, 0x0000, 0x0000, 0x0000, 0x0000, 0x0000, 0x0841, 0x10A2,
  0x0000, 0x0000, 0x0000, 0x0000, 0x0000, 0x0000, 0x0000, 0x0000, 0x0000, 0x0000, 0x0000, 0x0000,
  0x0000, 0x0000, 0x0000, 0x0000, 0x0000, 0x0000, 0x0000, 0x0000, 0x0000, 0x0000, 0x0000, 0x0861,
  0x0020, 0x0000, 0x0000, 0x0000, 0x0000, 0x0000, 0x0000, 0x0000, 0x0861, 0x0820, 0x0000, 0x0000,
  0x0000, 0x0000, 0x0000, 0x0000, 0x0020, 0x0000, 0x0000, 0x0000, 0x0000, 0x0000, 0x0000, 0x0000,
  0x0000, 0x0000, 0x0000, 0x0000, 0x0000, 0x0000, 0x0000, 0x0000, 0x0000, 0x0020, 0x0000, 0x0020,
  0x0020, 0x0020, 0x0820, 0x0820, 0x0020, 0x0020, 0x0020, 0x0020, 0x0020, 0x0840, 0x0840, 0x0840,
  0x0020, 0x0820, 0x0020, 0x0020, 0x0820, 0x0840, 0x0020, 0x0820, 0x0020, 0x0820, 0x0020, 0x0020,
  0x0020, 0x0020, 0x0020, 0x0820, 0x0840, 0x0861, 0x0840, 0x0840, 0x0020, 0x0820, 0x0820, 0x0840,
  0x0840, 0x0020, 0x0840, 0x0840, 0x0020, 0x0840, 0x0841, 0x0840, 0x0820, 0x1081, 0x0841, 0x0840,
  0x0820, 0x0820, 0x0020, 0x0820, 0x0840, 0x0020, 0x0820, 0x0820, 0x0020, 0x0820, 0x0841, 0x0820,
  0x0020, 0x0820, 0x0861, 0x0020, 0x0820, 0x0820, 0x0841, 0x0820, 0x0841, 0x0841, 0x0820, 0x0820,
  0x1061, 0x0820, 0x0840, 0x0840, 0x0820, 0x0840, 0x0820, 0x0840, 0x0840, 0x0020, 0x0820, 0x0820,
  0x0820, 0x0820, 0x0820, 0x0020, 0x0820, 0x0840, 0x0820, 0x0820, 0x0820, 0x0820, 0x0020, 0x0020,
  0x0020, 0x0820, 0x0020, 0x0020, 0x0020, 0x0000, 0x0820, 0x0820, 0x0840, 0x0840, 0x0020, 0x0000,
  0x0820, 0x0020, 0x2123, 0x39E6, 0x31A5, 0x31A5, 0x31A5, 0x3184, 0x2944, 0x2103, 0x2943, 0x2964,
  0x2964, 0x2964, 0x2943, 0x2964, 0x2964, 0x2943, 0x2103, 0x2123, 0x2103, 0x2102, 0x2102, 0x20E2,
  0x18E2, 0x18C2, 0x18C2, 0x18C2, 0x1081, 0x1081, 0x0840, 0x0840, 0x0820, 0x0000, 0x1061, 0x3185,
  0x39C5, 0x3184, 0x3184, 0x41E6, 0x4A27, 0x41E5, 0x39A5, 0x39C5, 0x41E6, 0x41E6, 0x4206, 0x4206,
  0x4206, 0x4A47, 0x5268, 0x5268, 0x5289, 0x5268, 0x5268, 0x5288, 0x5268, 0x5268, 0x5288, 0x52A9,
  0x5289, 0x52A9, 0x52AA, 0x52AA, 0x528A, 0x5289, 0x52AA, 0x2103, 0x0000, 0x0020, 0x0841, 0x0861,
  0x0020, 0x0000, 0x0000, 0x0000, 0x0000, 0x0000, 0x0000, 0x0000, 0x0000, 0x0000, 0x0841, 0x10A2,
  0x10A2, 0x0000, 0x0000, 0x0020, 0x0000, 0x0000, 0x0000, 0x0000, 0x0000, 0x0000, 0x0000, 0x0000,
  0x0000, 0x0000, 0x0020, 0x0020, 0x0000, 0x0000, 0x0000, 0x0000, 0x0000, 0x0000, 0x0000, 0x0000,
  0x0000, 0x0000, 0x0000, 0x0000, 0x0000, 0x0000, 0x0000, 0x0000, 0x0000, 0x0000, 0x0841, 0x0020,
  0x0000, 0x0000, 0x0000, 0x0000, 0x0000, 0x0000, 0x0000, 0x0000, 0x0000, 0x0000, 0x0020, 0x0000,
  0x0000, 0x0000, 0x0000, 0x0000, 0x0000, 0x0000, 0x0000, 0x0000, 0x0000, 0x0000, 0x0000, 0x0000,
  0x0000, 0x0000, 0x0000, 0x0000, 0x0000, 0x0020, 0x0000, 0x0000, 0x0000, 0x0000, 0x0000, 0x0000,
  0x0000, 0x0000, 0x0000, 0x0000, 0x0000, 0x0000, 0x0000, 0x0000, 0x0000, 0x0000, 0x0841, 0x0000,
  0x0000, 0x0000, 0x0000, 0x0000, 0x0000, 0x0000, 0x0000, 0x0020, 0x0000, 0x0000, 0x0000, 0x0000,
  0x0000, 0x0000, 0x0841, 0x0000, 0x2945, 0x10A2, 0x0000, 0x0000, 0x0000, 0x0000, 0x0000, 0x0020,
  0x0861, 0x0000, 0x0000, 0x0000, 0x0000, 0x0000, 0x0000, 0x0000, 0x0000, 0x0000, 0x0000, 0x0000,
  0x0000, 0x0000, 0x0000, 0x0000, 0x0020, 0x0000, 0x0020, 0x0020, 0x0020, 0x0820, 0x0820, 0x0820,
  0x0020, 0x0020, 0x0020, 0x0020, 0x0820, 0x0840, 0x0840, 0x0840, 0x0020, 0x0840, 0x0841, 0x0841,
  0x0820, 0x0820, 0x0820, 0x0840, 0x0020, 0x0020, 0x0020, 0x0020, 0x0020, 0x0020, 0x0020, 0x0840,
  0x0841, 0x0020, 0x0861, 0x0020, 0x0820, 0x0820, 0x0820, 0x0840, 0x0020, 0x0020, 0x0020, 0x0020,
  0x0820, 0x0840, 0x0861, 0x0841, 0x0820, 0x1081, 0x0841, 0x0820, 0x0820, 0x0820, 0x0820, 0x0840,
  0x0840, 0x0820, 0x0820, 0x0820, 0x0840, 0x0840, 0x0841, 0x0020, 0x0820, 0x0820, 0x0840, 0x0820,
  0x0820, 0x0820, 0x0820, 0x0020, 0x0820, 0x0820, 0x0820, 0x0820, 0x0820, 0x0820, 0x0820, 0x0840,
  0x0020, 0x0820, 0x0820, 0x0820, 0x0820, 0x0820, 0x0820, 0x0820, 0x0820, 0x0820, 0x0820, 0x0020,
  0x0820, 0x0841, 0x0820, 0x0020, 0x0820, 0x0820, 0x0020, 0x0020, 0x0020, 0x0020, 0x0000, 0x0841,
  0x0841, 0x0840, 0x1061, 0x0820, 0x0820, 0x0840, 0x0020, 0x0020, 0x0020, 0x2103, 0x39E6, 0x31C5,
  0x31A5, 0x31A5, 0x3185, 0x2103, 0x2123, 0x3184, 0x31A4, 0x3184, 0x2964, 0x2964, 0x2943, 0x2963,
  0x2963, 0x2943, 0x2102, 0x2923, 0x2123, 0x2102, 0x2102, 0x18E2, 0x18E2, 0x18C2, 0x10A1, 0x1081,
  0x1081, 0x1081, 0x1061, 0x0820, 0x0820, 0x0840, 0x0000, 0x0020, 0x2944, 0x39E6, 0x3184, 0x39A5,
  0x4206, 0x4206, 0x39A5, 0x39C5, 0x39C5, 0x39C5, 0x4206, 0x4A27, 0x4206, 0x4A27, 0x5268, 0x5268,
  0x5289, 0x5289, 0x5268, 0x5288, 0x5268, 0x5268, 0x5289, 0x5289, 0x52A9, 0x52A9, 0x52AA, 0x52AA,
  0x52AA, 0x528A, 0x5289, 0x4A69, 0x1081, 0x0000, 0x0000, 0x0861, 0x0841, 0x0000, 0x0000, 0x0000,
  0x0000, 0x0000, 0x0000, 0x0000, 0x0000, 0x0000, 0x0000, 0x0000, 0x0000, 0x0000, 0x0000, 0x0841,
  0x0000, 0x0000, 0x0000, 0x0000, 0x0000, 0x0000, 0x0000, 0x0000, 0x0000, 0x0000, 0x0020, 0x0861,
  0x0000, 0x0000, 0x0000, 0x0000, 0x0000, 0x0000, 0x0000, 0x0000, 0x0000, 0x0000, 0x0020, 0x0841,
  0x0000, 0x0000, 0x0000, 0x0000, 0x0000, 0x0000, 0x0000, 0x0000, 0x0000, 0x0000, 0x0000, 0x0000,
  0x0000, 0x0000, 0x0000, 0x0000, 0x0000, 0x0000, 0x0000, 0x0000, 0x0000, 0x0000, 0x0000, 0x0000,
  0x0000, 0x0000, 0x0020, 0x0000, 0x0000, 0x0000, 0x0000, 0x0000, 0x0000, 0x0000, 0x0000, 0x0000,
  0x0000, 0x0000, 0x0000, 0x0000, 0x0000, 0x0000, 0x0000, 0x0000, 0x0000, 0x0000, 0x0000, 0x0000,
  0x0000, 0x0000, 0x0000, 0x0000, 0x0000, 0x0000, 0x0020, 0x0000, 0x0000, 0x0000, 0x0000, 0x0000,
  0x0000, 0x0000, 0x0000, 0x0000, 0x0000, 0x0000, 0x0000, 0x0000, 0x0000, 0x0000, 0x0841, 0x0000,
  0x0000, 0x0000, 0x0000, 0x0000, 0x0000, 0x0000, 0x0000, 0x0000, 0x0000, 0x0000, 0x0000, 0x0000,
  0x0000, 0x0000, 0x0000, 0x0000, 0x0841, 0x0000, 0x0000, 0x0000, 0x0000, 0x0000, 0x0000, 0x0000,
  0x0020, 0x0020, 0x0020, 0x0020, 0x0820, 0x0820, 0x0820, 0x0820, 0x0020, 0x0020, 0x0820, 0x0020,
  0x0840, 0x0840, 0x0840, 0x0020, 0x0840, 0x0820, 0x0820, 0x0840, 0x0820, 0x0820, 0x0840, 0x0820,
  0x0020, 0x0020, 0x0020, 0x0020, 0x0020, 0x0020, 0x0020, 0x0820, 0x0840, 0x0820, 0x0840, 0x0820,
  0x0820, 0x0020, 0x0840, 0x0840, 0x0020, 0x0020, 0x0020, 0x0020, 0x0840, 0x0861, 0x0841, 0x0840,
  0x0820, 0x1061, 0x0841, 0x0820, 0x0820, 0x0820, 0x0820, 0x0840, 0x0820, 0x0020, 0x0020, 0x0820,
  0x0861, 0x0840, 0x0840, 0x0820, 0x0820, 0x0841, 0x0861, 0x0820, 0x0820, 0x0820, 0x0820, 0x0820,
  0x0020, 0x0020, 0x0820, 0x0820, 0x0820, 0x0820, 0x0020, 0x0020, 0x0020, 0x0020, 0x0820, 0x0840,
  0x0840, 0x0840, 0x0820, 0x0861, 0x0841, 0x0820, 0x0840, 0x0840, 0x0840, 0x0820, 0x0820, 0x0020,
  0x0020, 0x0020, 0x0020, 0x0020, 0x0020, 0x0020, 0x0020, 0x0020, 0x0020, 0x0020, 0x0840, 0x1061,
  0x0840, 0x0840, 0x0820, 0x0000, 0x18C2, 0x4207, 0x39C6, 0x39C5, 0x39C5, 0x2965, 0x18E2, 0x3184,
  0x39C5, 0x31A4, 0x3184, 0x3184, 0x3164, 0x3164, 0x2943, 0x2943, 0x2963, 0x2943, 0x2102, 0x2943,
  0x2123, 0x2103, 0x2102, 0x20E2, 0x18E2, 0x18C2, 0x10A2, 0x1081, 0x0820, 0x0820, 0x1081, 0x0861,
  0x0840, 0x0820, 0x0820, 0x0820, 0x0000, 0x20E2, 0x39C5, 0x39A4, 0x41E5, 0x4A26, 0x39C5, 0x39A5,
  0x39C5, 0x39C5, 0x41E6, 0x4A27, 0x4A27, 0x4206, 0x5248, 0x5268, 0x5268, 0x5289, 0x5289, 0x5268,
  0x5288, 0x5248, 0x5289, 0x5289, 0x52A9, 0x5289, 0x52AA, 0x52AA, 0x52AA, 0x52AA, 0x528A, 0x52AA,
  0x4207, 0x0020, 0x0020, 0x0000, 0x0000, 0x0020, 0x0000, 0x0000, 0x0000, 0x0000, 0x0000, 0x0000,
  0x0841, 0x0000, 0x0000, 0x0000, 0x0020, 0x0000, 0x0020, 0x0000, 0x0000, 0x0000, 0x0000, 0x0000,
  0x0000, 0x0000, 0x0000, 0x10A2, 0x0861, 0x0000, 0x0000, 0x0000, 0x0000, 0x0000, 0x0000, 0x0000,
  0x0000, 0x0000, 0x0000, 0x0000, 0x0000, 0x0000, 0x0000, 0x0000, 0x0000, 0x0000, 0x0000, 0x0000,
  0x0000, 0x0000, 0x0000, 0x0000, 0x0000, 0x0000, 0x0020, 0x0000, 0x0000, 0x0000, 0x0000, 0x0000,
  0x0000, 0x0000, 0x0000, 0x0000, 0x0000, 0x0000, 0x0000, 0x0000, 0x0000, 0x0000, 0x0000, 0x0000,
  0x0000, 0x0000, 0x0000, 0x0000, 0x0000, 0x0000, 0x0000, 0x0000, 0x0000, 0x0000, 0x0000, 0x0000,
  0x0000, 0x0000, 0x0000, 0x0000, 0x0000, 0x0000, 0x0000, 0x0000, 0x0000, 0x0000, 0x0000, 0x0000,
  0x0000, 0x0000, 0x0000, 0x0000, 0x0000, 0x0000, 0x0000, 0x0000, 0x0000, 0x0000, 0x0000, 0x0000,
  0x0000, 0x0000, 0x0020, 0x0020, 0x0000, 0x0000, 0x0000, 0x0000, 0x0000, 0x0000, 0x0000, 0x0000,
  0x0000, 0x0000, 0x0000, 0x0000, 0x0000, 0x0000, 0x0000, 0x0000, 0x0000, 0x0000, 0x0000, 0x0000,
  0x0000, 0x0000, 0x0000, 0x0000, 0x0000, 0x0000, 0x0000, 0x0000, 0x0020, 0x0020, 0x0020, 0x0820,
  0x0820, 0x0820, 0x0020, 0x0820, 0x0020, 0x0020, 0x0020, 0x0820, 0x0841, 0x0841, 0x0820, 0x0020,
  0x0840, 0x0820, 0x0820, 0x0840, 0x0840, 0x0820, 0x0840, 0x0020, 0x0820, 0x0820, 0x0020, 0x0020,
  0x0020, 0x0020, 0x0820, 0x0020, 0x0020, 0x0820, 0x0020, 0x0820, 0x0820, 0x0820, 0x0840, 0x0820,
  0x0020, 0x0020, 0x0820, 0x0820, 0x0840, 0x0861, 0x0861, 0x0840, 0x0840, 0x0841, 0x0841, 0x0820,
  0x0820, 0x0020, 0x0820, 0x0841, 0x0820, 0x0020, 0x0020, 0x0020, 0x0000, 0x1061, 0x0841, 0x0020,
  0x0820, 0x0820, 0x1081, 0x0820, 0x0820, 0x0820, 0x0820, 0x0020, 0x0020, 0x0820, 0x0820, 0x0820,
  0x0020, 0x0820, 0x0020, 0x0020, 0x0020, 0x0020, 0x0020, 0x0820, 0x0820, 0x0820, 0x0820, 0x0820,
  0x0820, 0x0820, 0x0020, 0x0820, 0x0820, 0x0820, 0x0820, 0x0020, 0x0820, 0x0020, 0x0020, 0x0020,
  0x0020, 0x0020, 0x0020, 0x0000, 0x0000, 0x0000, 0x0840, 0x1061, 0x0840, 0x0820, 0x0820, 0x0840,
  0x39C6, 0x39E6, 0x39C6, 0x39C6, 0x2964, 0x18E2, 0x39C5, 0x39C5, 0x31A5, 0x31A4, 0x3184, 0x3184,
  0x3184, 0x2964, 0x2964, 0x2943, 0x2964, 0x2943, 0x2103, 0x2923, 0x2123, 0x2103, 0x2102, 0x20E2,
  0x18E2, 0x18C2, 0x10A2, 0x1081, 0x0020, 0x0840, 0x0861, 0x0820, 0x0861, 0x0820, 0x0820, 0x0820,
  0x0820, 0x0000, 0x18A2, 0x39C6, 0x39C5, 0x4206, 0x41E6, 0x39A5, 0x39C5, 0x39C5, 0x39C5, 0x4206,
  0x4A27, 0x4A27, 0x4A27, 0x5268, 0x5268, 0x5288, 0x52A9, 0x5268, 0x5268, 0x5268, 0x5268, 0x52A9,
  0x52A9, 0x52A9, 0x5289, 0x52A9, 0x52AA, 0x52AA, 0x52AA, 0x528A, 0x52AA, 0x2965, 0x0000, 0x0020,
  0x0020, 0x0020, 0x0000, 0x0020, 0x0000, 0x0000, 0x0000, 0x0020, 0x0861, 0x0020, 0x0020, 0x0000,
  0x0020, 0x0000, 0x0841, 0x0020, 0x0000, 0x0000, 0x0000, 0x0000, 0x0000, 0x0000, 0x0000, 0x0841,
  0x0841, 0x10A2, 0x0000, 0x0000, 0x0000, 0x0000, 0x0020, 0x0020, 0x0000, 0x0000, 0x0000, 0x0000,
  0x0000, 0x0000, 0x0000, 0x0000, 0x0000, 0x0000, 0x0000, 0x0000, 0x0000, 0x0000, 0x0000, 0x0000,
  0x0000, 0x0000, 0x0000, 0x0000, 0x0000, 0x0000, 0x0000, 0x0000, 0x0000, 0x0000, 0x0000, 0x0000,
  0x0000, 0x0000, 0x0000, 0x0000, 0x0000, 0x0020, 0x0000, 0x0000, 0x0000, 0x0000, 0x0000, 0x0000,
  0x0000, 0x0000, 0x0000, 0x0000, 0x0000, 0x0000, 0x0000, 0x0000, 0x0000, 0x0020, 0x0000, 0x0000,
  0x0000, 0x0000, 0x0000, 0x0000, 0x0000, 0x0000, 0x0000, 0x0000, 0x0000, 0x0000, 0x0000, 0x0000,
  0x0000, 0x0020, 0x0000, 0x0000, 0x0000, 0x0000, 0x0000, 0x0000, 0x0000, 0x0000, 0x0020, 0x0020,
  0x0000, 0x0000, 0x0000, 0x0000, 0x0000, 0x0000, 0x0000, 0x0000, 0x0000, 0x0000, 0x0000, 0x0000,
  0x0000, 0x0000, 0x0000, 0x0000, 0x0000, 0x0000, 0x0000, 0x0000, 0x0000, 0x0000, 0x0000, 0x0000,
  0x0000, 0x0020, 0x0020, 0x0000, 0x0020, 0x0020, 0x0020, 0x0820, 0x0840, 0x0820, 0x0020, 0x0820,
  0x0820, 0x0020, 0x0020, 0x0840, 0x0841, 0x0841, 0x0020, 0x0840, 0x0841, 0x0020, 0x0840, 0x0840,
  0x0820, 0x0840, 0x0820, 0x0820, 0x0020, 0x0020, 0x0020, 0x0020, 0x0020, 0x0841, 0x0820, 0x0840,
  0x0841, 0x0820, 0x0820, 0x0020, 0x0840, 0x10A2, 0x0840, 0x0020, 0x0020, 0x0020, 0x0820, 0x0020,
  0x0841, 0x0841, 0x0841, 0x0841, 0x0841, 0x0861, 0x0840, 0x0820, 0x0820, 0x0820, 0x0840, 0x0840,
  0x0820, 0x0820, 0x0820, 0x0840, 0x0840, 0x0861, 0x0820, 0x0820, 0x18A2, 0x0841, 0x0841, 0x1061,
  0x1061, 0x1082, 0x1061, 0x0820, 0x0820, 0x0840, 0x0840, 0x0841, 0x0840, 0x0820, 0x0840, 0x0840,
  0x0840, 0x0861, 0x0820, 0x0820, 0x0020, 0x0820, 0x0820, 0x0820, 0x0820, 0x0020, 0x0820, 0x0820,
  0x0820, 0x0861, 0x0841, 0x0820, 0x0820, 0x0820, 0x0820, 0x0820, 0x0020, 0x0020, 0x0020, 0x0820,
  0x0820, 0x0820, 0x1061, 0x0841, 0x0020, 0x0820, 0x0000, 0x2944, 0x4206, 0x39C6, 0x39E6, 0x2964,
  0x10A2, 0x39E6, 0x39E6, 0x39C5, 0x39C5, 0x31A5, 0x3184, 0x3184, 0x3184, 0x3164, 0x2964, 0x2943,
  0x2964, 0x2943, 0x2123, 0x2123, 0x2123, 0x2103, 0x2102, 0x18E2, 0x18E2, 0x18A2, 0x10A2, 0x1061,
  0x0020, 0x1061, 0x0840, 0x0820, 0x0820, 0x0820, 0x0820, 0x0820, 0x0820, 0x0820, 0x0000, 0x18A1,
  0x41E6, 0x4206, 0x4A07, 0x39C5, 0x39C5, 0x39C5, 0x39C5, 0x41E6, 0x4206, 0x4A07, 0x4A27, 0x5268,
  0x5268, 0x5268, 0x52A9, 0x5289, 0x5268, 0x5288, 0x5268, 0x5289, 0x52A9, 0x52A9, 0x5289, 0x52A9,
  0x52AA, 0x52AA, 0x52AA, 0x528A, 0x5289, 0x5289, 0x18C2, 0x0000, 0x0000, 0x0000, 0x0000, 0x0020,
  0x0000, 0x0000, 0x0000, 0x0000, 0x0000, 0x0020, 0x0861, 0x0000, 0x0000, 0x0000, 0x0000, 0x0000,
  0x0000, 0x0000, 0x0000, 0x0000, 0x0000, 0x0000, 0x0000, 0x0000, 0x0000, 0x0020, 0x0000, 0x0000,
  0x0000, 0x0000, 0x0000, 0x0841, 0x0841, 0x0000, 0x0000, 0x0000, 0x0000, 0x0000, 0x0000, 0x0000,
  0x0000, 0x0000, 0x0000, 0x0000, 0x0000, 0x0000, 0x0000, 0x0000, 0x0000, 0x0000, 0x0020, 0x0020,
  0x0000, 0x0000, 0x0000, 0x0000, 0x0000, 0x0000, 0x0000, 0x0000, 0x0000, 0x0000, 0x0000, 0x0000,
  0x0020, 0x0020, 0x0000, 0x0841, 0x0020, 0x0000, 0x0000, 0x0000, 0x0000, 0x0020, 0x0000, 0x0000,
  0x0000, 0x0000, 0x0000, 0x0000, 0x0000, 0x0000, 0x0000, 0x0000, 0x0000, 0x0020, 0x0000, 0x0000,
  0x0000, 0x0000, 0x0000, 0x0000, 0x0000, 0x0000, 0x0000, 0x0000, 0x0000, 0x0000, 0x0000, 0x0000,
  0x0000, 0x0000, 0x0000, 0x0000, 0x0000, 0x0000, 0x0000, 0x0000, 0x0000, 0x0000, 0x0000, 0x0000,
  0x0000, 0x0000, 0x0000, 0x0000, 0x0000, 0x0000, 0x0000, 0x0000, 0x0000, 0x0000, 0x0000, 0x0000,
  0x0000, 0x0000, 0x0000, 0x0000, 0x0000, 0x0000, 0x0000, 0x0000, 0x0000, 0x0020, 0x0020, 0x0020,
  0x0020, 0x0020, 0x0820, 0x0820, 0x0840, 0x0020, 0x0820, 0x0020, 0x0020, 0x0020, 0x0840, 0x0840,
  0x0841, 0x0840, 0x0020, 0x0840, 0x0020, 0x0820, 0x0840, 0x0020, 0x0820, 0x0840, 0x0820, 0x0820,
  0x0820, 0x0820, 0x0840, 0x0820, 0x0840, 0x0861, 0x0020, 0x0841, 0x0861, 0x0840, 0x0840, 0x0840,
  0x0840, 0x0861, 0x0861, 0x0840, 0x0841, 0x0841, 0x0840, 0x0841, 0x0861, 0x0861, 0x0841, 0x0840,
  0x0861, 0x0841, 0x0840, 0x0841, 0x0841, 0x0841, 0x1061, 0x1081, 0x0861, 0x0861, 0x1061, 0x1081,
  0x0861, 0x0841, 0x0841, 0x0841, 0x0841, 0x0840, 0x0840, 0x0820, 0x0820, 0x0020, 0x0020, 0x0020,
  0x0020, 0x0020, 0x0820, 0x0820, 0x0820, 0x0820, 0x0820, 0x0820, 0x0820, 0x0841, 0x0841, 0x0840,
  0x0861, 0x0840, 0x0840, 0x0840, 0x0861, 0x0840, 0x0840, 0x0820, 0x0840, 0x0840, 0x0861, 0x0841,
  0x0020, 0x0820, 0x0020, 0x0820, 0x0820, 0x0020, 0x0820, 0x0841, 0x10A2, 0x18A2, 0x1082, 0x1081,
  0x0841, 0x0820, 0x10A1, 0x39E6, 0x39E6, 0x39E6, 0x31A5, 0x10A1, 0x31A5, 0x39E6, 0x39C5, 0x39C5,
  0x39A5, 0x39A5, 0x31A4, 0x3184, 0x3184, 0x3164, 0x3184, 0x2943, 0x2943, 0x2964, 0x2103, 0x2123,
  0x2123, 0x2102, 0x2102, 0x18E2, 0x18C2, 0x10A2, 0x1081, 0x0841, 0x0820, 0x0841, 0x0820, 0x0820,
  0x0820, 0x0820, 0x0820, 0x0020, 0x0020, 0x0820, 0x0820, 0x0000, 0x18A2, 0x41E6, 0x4A27, 0x41E6,
  0x39A5, 0x39C5, 0x39C5, 0x41C6, 0x4206, 0x4A27, 0x4206, 0x4A47, 0x5268, 0x4A68, 0x5289, 0x52A9,
  0x5268, 0x5268, 0x5268, 0x5268, 0x52A9, 0x52AA, 0x52A9, 0x5289, 0x52AA, 0x52AA, 0x52AA, 0x52AA,
  0x528A, 0x52AA, 0x4228, 0x0020, 0x0000, 0x0000, 0x0000, 0x0000, 0x0000, 0x0000, 0x0000, 0x0000,
  0x0000, 0x0000, 0x0000, 0x0000, 0x0000, 0x0000, 0x0000, 0x0000, 0x0020, 0x0841, 0x0000, 0x0000,
  0x0000, 0x0000, 0x0000, 0x0000, 0x0000, 0x0000, 0x0000, 0x0000, 0x0000, 0x0000, 0x0000, 0x0000,
  0x0000, 0x0000, 0x0000, 0x0000, 0x0000, 0x0000, 0x0000, 0x0020, 0x0020, 0x0000, 0x0000, 0x0000,
  0x0861, 0x0841, 0x0000, 0x0000, 0x0000, 0x0000, 0x0000, 0x0000, 0x0000, 0x0000, 0x0841, 0x0020,
  0x0020, 0x0020, 0x0000, 0x0000, 0x0000, 0x0000, 0x0000, 0x0000, 0x0020, 0x0020, 0x0000, 0x0841,
  0x0020, 0x0000, 0x0000, 0x0000, 0x0000, 0x0020, 0x0000, 0x0000, 0x0000, 0x0000, 0x0000, 0x0000,
  0x0000, 0x0020, 0x0000, 0x0000, 0x0000, 0x0000, 0x0020, 0x0000, 0x0000, 0x0000, 0x0000, 0x0000,
  0x0000, 0x0000, 0x0000, 0x0000, 0x0000, 0x0000, 0x0000, 0x0000, 0x0000, 0x0000, 0x0000, 0x0000,
  0x0000, 0x0000, 0x0000, 0x0000, 0x0000, 0x0000, 0x0000, 0x0000, 0x0000, 0x0861, 0x0861, 0x0000,
  0x0000, 0x0000, 0x0000, 0x0000, 0x0000, 0x0000, 0x0000, 0x0000, 0x0000, 0x0000, 0x0000, 0x0000,
  0x0000, 0x0000, 0x0000, 0x0000, 0x0000, 0x0020, 0x0020, 0x0020, 0x0820, 0x0820, 0x0820, 0x0840,
  0x0020, 0x0020, 0x0020, 0x0020, 0x0020, 0x0820, 0x0841, 0x0841, 0x0841, 0x0020, 0x0840, 0x0841,
  0x0841, 0x0861, 0x0841, 0x0841, 0x0841, 0x0861, 0x0840, 0x0840, 0x0840, 0x0840, 0x0840, 0x0841,
  0x0861, 0x0861, 0x0840, 0x0841, 0x0841, 0x0840, 0x0840, 0x0840, 0x0840, 0x0841, 0x0841, 0x0841,
  0x0820, 0x0820, 0x0840, 0x0820, 0x0840, 0x0840, 0x0820, 0x0840, 0x0840, 0x0820, 0x0820, 0x0820,
  0x0820, 0x0820, 0x0820, 0x0820, 0x0020, 0x0820, 0x0020, 0x0020, 0x0020, 0x0020, 0x0820, 0x0020,
  0x0020, 0x0820, 0x0820, 0x0020, 0x0820, 0x0820, 0x0820, 0x0020, 0x0020, 0x0820, 0x0820, 0x0820,
  0x0820, 0x0820, 0x0020, 0x0820, 0x0820, 0x0820, 0x0820, 0x0820, 0x10A2, 0x0840, 0x0820, 0x0840,
  0x0841, 0x0020, 0x0820, 0x0820, 0x0020, 0x0000, 0x0020, 0x0820, 0x0820, 0x0020, 0x0020, 0x0020,
  0x0020, 0x0000, 0x0820, 0x0000, 0x0820, 0x0820, 0x0000, 0x0820, 0x0820, 0x0820, 0x2944, 0x4206,
  0x39C6, 0x39E6, 0x18E2, 0x2123, 0x4227, 0x39C5, 0x39C5, 0x39C5, 0x39A5, 0x31A5, 0x31A4, 0x3184,
  0x3184, 0x3184, 0x3184, 0x2964, 0x2943, 0x2963, 0x2123, 0x2123, 0x2123, 0x2102, 0x20E2, 0x18E2,
  0x18A2, 0x1081, 0x0861, 0x0820, 0x0820, 0x0820, 0x0820, 0x0820, 0x0820, 0x0820, 0x0820, 0x0820,
  0x0020, 0x0820, 0x0820, 0x0820, 0x0000, 0x18C2, 0x4206, 0x4206, 0x39A5, 0x39C5, 0x39C5, 0x41E6,
  0x41E6, 0x4207, 0x4A27, 0x4207, 0x5268, 0x5268, 0x5268, 0x52A9, 0x5289, 0x5268, 0x5288, 0x5268,
  0x5289, 0x52A9, 0x52AA, 0x5289, 0x52AA, 0x52AA, 0x52AA, 0x52AA, 0x52AA, 0x528A, 0x52AA, 0x2965,
  0x0000, 0x0020, 0x0000, 0x0000, 0x0000, 0x0000, 0x0000, 0x0000, 0x0000, 0x0000, 0x0000, 0x0000,
  0x0000, 0x0000, 0x0000, 0x0000, 0x0000, 0x0861, 0x0000, 0x0000, 0x0000, 0x0000, 0x0000, 0x0000,
  0x0000, 0x0000, 0x0000, 0x0000, 0x0000, 0x0000, 0x0861, 0x0020, 0x0000, 0x0000, 0x0000, 0x0841,
  0x1082, 0x0000, 0x0000, 0x0000, 0x0000, 0x0000, 0x0000, 0x0000, 0x0000, 0x0000, 0x0020, 0x0020,
  0x0000, 0x0000, 0x0000, 0x0000, 0x0000, 0x0000, 0x0000, 0x0000, 0x0841, 0x0020, 0x0000, 0x0000,
  0x0000, 0x0000, 0x0000, 0x0000, 0x0000, 0x0020, 0x0000, 0x0020, 0x0000, 0x0000, 0x0000, 0x0020,
  0x0020, 0x0020, 0x0020, 0x0000, 0x0000, 0x0000, 0x0000, 0x0000, 0x0020, 0x0000, 0x0000, 0x0000,
  0x0000, 0x0000, 0x0020, 0x0020, 0x0000, 0x0000, 0x0000, 0x0000, 0x0000, 0x0000, 0x0000, 0x0000,
  0x0000, 0x0000, 0x0000, 0x0000, 0x0000, 0x0000, 0x0000, 0x0000, 0x0000, 0x0000, 0x0000, 0x0000,
  0x0000, 0x0000, 0x0000, 0x0020, 0x0020, 0x1082, 0x1082, 0x0000, 0x0000, 0x0000, 0x0000, 0x0000,
  0x0000, 0x0000, 0x0000, 0x0000, 0x0000, 0x0000, 0x0000, 0x0000, 0x0000, 0x0000, 0x0000, 0x0000,
  0x0020, 0x0020, 0x0020, 0x0020, 0x0820, 0x0820, 0x0820, 0x0840, 0x0020, 0x0820, 0x0020, 0x0840,
  0x0840, 0x0841, 0x0840, 0x0841, 0x0841, 0x0820, 0x0841, 0x0841, 0x0841, 0x0841, 0x0841, 0x0841,
  0x0820, 0x0840, 0x0820, 0x0020, 0x0020, 0x0020, 0x0020, 0x0820, 0x0820, 0x0820, 0x0820, 0x0820,
  0x0840, 0x0820, 0x0820, 0x0020, 0x0020, 0x0020, 0x0820, 0x0820, 0x0020, 0x0820, 0x0820, 0x0020,
  0x0840, 0x0820, 0x0020, 0x0020, 0x0020, 0x0020, 0x0820, 0x0820, 0x0820, 0x0820, 0x0820, 0x0020,
  0x0820, 0x0820, 0x0820, 0x0020, 0x0820, 0x0820, 0x0820, 0x0820, 0x0840, 0x0820, 0x0820, 0x0820,
  0x0820, 0x0820, 0x0820, 0x0820, 0x0020, 0x0020, 0x0820, 0x0020, 0x0820, 0x0820, 0x0020, 0x0820,
  0x0820, 0x0820, 0x0820, 0x0820, 0x0820, 0x0820, 0x0820, 0x0020, 0x0820, 0x0020, 0x0020, 0x0020,
  0x0020, 0x0020, 0x0020, 0x0020, 0x0820, 0x0020, 0x0020, 0x0020, 0x0020, 0x0020, 0x0020, 0x0020,
  0x0020, 0x0020, 0x0840, 0x0820, 0x0820, 0x0861, 0x39C6, 0x39E6, 0x39E6, 0x31A5, 0x18C2, 0x39C6,
  0x39C5, 0x39E6, 0x39C5, 0x39C5, 0x39C5, 0x31A5, 0x31A4, 0x3184, 0x3184, 0x3184, 0x2943, 0x2964,
  0x2963, 0x2943, 0x2943, 0x2923, 0x20E2, 0x2103, 0x10A1, 0x10A1, 0x1081, 0x0840, 0x0820, 0x0020,
  0x0020, 0x0820, 0x0820, 0x0820, 0x0820, 0x0820, 0x0820, 0x0820, 0x0820, 0x0020, 0x0820, 0x0820,
  0x0821, 0x0000, 0x2103, 0x4A26, 0x39C5, 0x39C5, 0x39C5, 0x39C5, 0x41E6, 0x4206, 0x4A27, 0x4206,
  0x4A47, 0x5288, 0x5268, 0x52A9, 0x52A9, 0x5268, 0x5268, 0x5268, 0x5288, 0x52A9, 0x52AA, 0x52AA,
  0x5289, 0x52AA, 0x52AA, 0x52AA, 0x52AA, 0x528A, 0x528A, 0x528A, 0x10A2, 0x0000, 0x0020, 0x0000,
  0x0000, 0x0000, 0x0020, 0x0020, 0x0000, 0x0000, 0x0020, 0x0000, 0x0000, 0x0000, 0x0000, 0x0020,
  0x10A2, 0x0000, 0x0000, 0x0000, 0x0000, 0x0000, 0x0000, 0x0000, 0x0000, 0x0000, 0x0000, 0x0000,
  0x0000, 0x0000, 0x0000, 0x0000, 0x0000, 0x0000, 0x0020, 0x10A2, 0x0020, 0x0000, 0x0000, 0x0000,
  0x0000, 0x0000, 0x0000, 0x0000, 0x0000, 0x0000, 0x0000, 0x0841, 0x0000, 0x0020, 0x0000, 0x0020,
  0x0020, 0x0000, 0x0020, 0x0841, 0x0020, 0x0000, 0x0000, 0x0000, 0x0000, 0x0000, 0x0020, 0x0020,
  0x0000, 0x0000, 0x0000, 0x0000, 0x0000, 0x0000, 0x0000, 0x0020, 0x0020, 0x0020, 0x0000, 0x0841,
  0x0841, 0x0841, 0x0000, 0x0000, 0x0000, 0x0000, 0x0000, 0x0000, 0x0000, 0x0000, 0x0000, 0x0000,
  0x0841, 0x0020, 0x0000, 0x0000, 0x0020, 0x0000, 0x0000, 0x0000, 0x0000, 0x0000, 0x0000, 0x0000,
  0x0000, 0x0000, 0x0000, 0x0000, 0x0000, 0x0000, 0x0000, 0x0000, 0x0000, 0x0000, 0x0000, 0x0841,
  0x0841, 0x0000, 0x0000, 0x0000, 0x0000, 0x0000, 0x0000, 0x0000, 0x0000, 0x0000, 0x0000, 0x0000,
  0x0000, 0x0000, 0x0000, 0x0000, 0x0000, 0x0000, 0x0000, 0x0020, 0x0000, 0x0020, 0x0820, 0x0820,
  0x0840, 0x0840, 0x0840, 0x0820, 0x0840, 0x0820, 0x0820, 0x0820, 0x0020, 0x0020, 0x0020, 0x0020,
  0x0000, 0x0020, 0x0841, 0x0840, 0x0840, 0x0820, 0x0820, 0x0820, 0x0820, 0x0820, 0x0820, 0x0820,
  0x0820, 0x0820, 0x0820, 0x0820, 0x0020, 0x0020, 0x0820, 0x0820, 0x0840, 0x0840, 0x0020, 0x0820,
  0x0840, 0x0820, 0x0840, 0x0020, 0x0020, 0x0820, 0x0020, 0x0020, 0x0840, 0x0841, 0x0841, 0x0840,
  0x0841, 0x0840, 0x0820, 0x0020, 0x0820, 0x0820, 0x0820, 0x0020, 0x0020, 0x0820, 0x0020, 0x0020,
  0x0820, 0x0020, 0x0820, 0x0820, 0x0820, 0x0820, 0x0020, 0x0020, 0x0020, 0x0020, 0x0820, 0x0020,
  0x0020, 0x0020, 0x0820, 0x0820, 0x0820, 0x0820, 0x0020, 0x0820, 0x0820, 0x0820, 0x0820, 0x0820,
  0x0840, 0x0820, 0x0020, 0x0861, 0x0861, 0x0020, 0x0020, 0x0820, 0x0820, 0x0020, 0x0020, 0x0820,
  0x0820, 0x0020, 0x0020, 0x0020, 0x0020, 0x0020, 0x0020, 0x0020, 0x0020, 0x0020, 0x0820, 0x0820,
  0x0820, 0x20E3, 0x4207, 0x39E6, 0x41E6, 0x2944, 0x2964, 0x4206, 0x39C5, 0x31A5, 0x39C5, 0x39C5,
  0x39A5, 0x39A5, 0x3184, 0x3184, 0x3184, 0x3184, 0x2943, 0x2943, 0x3164, 0x2943, 0x2943, 0x2923,
  0x18E2, 0x20E2, 0x1061, 0x1061, 0x0840, 0x0820, 0x0820, 0x0020, 0x0820, 0x0820, 0x0820, 0x0820,
  0x0820, 0x0820, 0x0820, 0x0820, 0x0820, 0x0820, 0x0020, 0x0820, 0x0820, 0x0820, 0x0000, 0x3165,
  0x4A47, 0x41E6, 0x4206, 0x4207, 0x41E6, 0x4206, 0x4A27, 0x4A27, 0x4A27, 0x5288, 0x5268, 0x5268,
  0x52A9, 0x5289, 0x5268, 0x5288, 0x5268, 0x5289, 0x52A9, 0x52AA, 0x5289, 0x52AA, 0x52AA, 0x52AA,
  0x52AA, 0x52AA, 0x528A, 0x52AA, 0x4207, 0x0000, 0x0020, 0x0000, 0x0000, 0x0000, 0x0000, 0x0000,
  0x0000, 0x0020, 0x0861, 0x0000, 0x0000, 0x0000, 0x0000, 0x0020, 0x0841, 0x0000, 0x0000, 0x0000,
  0x0000, 0x0000, 0x0000, 0x0000, 0x0000, 0x0000, 0x0000, 0x0000, 0x0841, 0x0861, 0x0000, 0x0000,
  0x0000, 0x0000, 0x0020, 0x0841, 0x0000, 0x0000, 0x0000, 0x0000, 0x0000, 0x0000, 0x0861, 0x0020,
  0x0000, 0x0000, 0x0000, 0x0861, 0x0000, 0x0000, 0x0000, 0x0020, 0x0020, 0x0000, 0x0841, 0x0020,
  0x0020, 0x0000, 0x0000, 0x0000, 0x0000, 0x0000, 0x0000, 0x0000, 0x0000, 0x0000, 0x0000, 0x0020,
  0x0000, 0x0000, 0x0000, 0x0000, 0x0000, 0x0000, 0x0000, 0x0000, 0x0841, 0x10A2, 0x0020, 0x0020,
  0x0020, 0x0020, 0x0000, 0x0000, 0x0000, 0x0861, 0x18C3, 0x0000, 0x0020, 0x0000, 0x0000, 0x0000,
  0x0020, 0x0000, 0x0000, 0x0000, 0x0000, 0x0000, 0x0000, 0x0000, 0x0000, 0x0000, 0x0000, 0x0000,
  0x0000, 0x0000, 0x0000, 0x0000, 0x0000, 0x0000, 0x0000, 0x0000, 0x0000, 0x0000, 0x0000, 0x0000,
  0x0000, 0x0000, 0x0000, 0x0000, 0x0000, 0x0000, 0x0000, 0x0000, 0x0000, 0x0000, 0x0000, 0x0000,
  0x0000, 0x0000, 0x0020, 0x0020, 0x0020, 0x0020, 0x0820, 0x0820, 0x0820, 0x0020, 0x0020, 0x0020,
  0x0840, 0x0020, 0x0020, 0x0020, 0x0820, 0x0020, 0x0020, 0x0820, 0x1061, 0x0861, 0x0840, 0x0841,
  0x0840, 0x0840, 0x0840, 0x0840, 0x0840, 0x0840, 0x0820, 0x0820, 0x0820, 0x0820, 0x0820, 0x0820,
  0x0820, 0x0820, 0x0820, 0x0820, 0x0840, 0x0840, 0x0020, 0x0020, 0x0820, 0x0820, 0x0840, 0x0020,
  0x0020, 0x0820, 0x0020, 0x0820, 0x0840, 0x0820, 0x0840, 0x0861, 0x0841, 0x0020, 0x0820, 0x0020,
  0x0820, 0x0820, 0x0820, 0x0020, 0x0020, 0x0020, 0x0020, 0x0820, 0x0020, 0x0020, 0x0820, 0x0820,
  0x0820, 0x0840, 0x0841, 0x0840, 0x0840, 0x0820, 0x0820, 0x0820, 0x0020, 0x0020, 0x0820, 0x0020,
  0x0820, 0x0820, 0x0820, 0x0820, 0x0820, 0x0820, 0x0820, 0x0840, 0x0840, 0x0820, 0x0820, 0x0841,
  0x0841, 0x0020, 0x0020, 0x0020, 0x0020, 0x0020, 0x0020, 0x0020, 0x0820, 0x0020, 0x0020, 0x0020,
  0x0020, 0x0020, 0x0020, 0x0020, 0x0020, 0x0020, 0x0820, 0x0840, 0x0820, 0x2964, 0x4207, 0x39E6,
  0x39E6, 0x2103, 0x39C6, 0x39C5, 0x39E6, 0x39C5, 0x39A5, 0x39C5, 0x39A5, 0x31A5, 0x31A4, 0x3184,
  0x3184, 0x3164, 0x3164, 0x2943, 0x2964, 0x2943, 0x2943, 0x2123, 0x18C2, 0x18A2, 0x0840, 0x0840,
  0x0020, 0x0020, 0x0820, 0x0820, 0x0820, 0x0820, 0x0820, 0x0820, 0x0820, 0x0820, 0x0820, 0x0820,
  0x0820, 0x0820, 0x0820, 0x0020, 0x0820, 0x0820, 0x0820, 0x0820, 0x4207, 0x4206, 0x4206, 0x4A47,
  0x41E6, 0x39C5, 0x4206, 0x4A27, 0x4207, 0x4A27, 0x4A48, 0x5268, 0x5289, 0x5289, 0x5268, 0x5288,
  0x5268, 0x5268, 0x52A9, 0x52A9, 0x52AA, 0x528A, 0x52AA, 0x52AA, 0x52AA, 0x52AA, 0x52AA, 0x528A,
  0x52AA, 0x2124, 0x0000, 0x0020, 0x0000, 0x0000, 0x0000, 0x0020, 0x0000, 0x0000, 0x0000, 0x0000,
  0x0000, 0x0000, 0x0000, 0x0000, 0x0000, 0x0000, 0x0000, 0x0000, 0x0000, 0x0000, 0x0000, 0x0000,
  0x0000, 0x0000, 0x0000, 0x0000, 0x0020, 0x0020, 0x0000, 0x0000, 0x0020, 0x0020, 0x0000, 0x0000,
  0x0000, 0x0000, 0x0841, 0x0020, 0x0000, 0x0000, 0x18C3, 0x0020, 0x0000, 0x0000, 0x0000, 0x0000,
  0x0000, 0x0000, 0x0000, 0x0000, 0x0000, 0x0000, 0x0020, 0x0000, 0x0000, 0x0000, 0x0000, 0x0000,
  0x0000, 0x0000, 0x0000, 0x0000, 0x0000, 0x0000, 0x0000, 0x0000, 0x0000, 0x0000, 0x0000, 0x0000,
  0x0000, 0x0000, 0x0000, 0x0000, 0x0020, 0x0021, 0x0000, 0x0000, 0x0020, 0x0020, 0x0000, 0x1082,
  0x0020, 0x0020, 0x0841, 0x0000, 0x0000, 0x0000, 0x0000, 0x0000, 0x0000, 0x0000, 0x0000, 0x0000,
  0x0000, 0x0000, 0x0000, 0x0000, 0x0000, 0x0000, 0x0000, 0x0000, 0x0000, 0x0000, 0x0000, 0x0000,
  0x0000, 0x0000, 0x0000, 0x0000, 0x0000, 0x0000, 0x0000, 0x0000, 0x0000, 0x0000, 0x0000, 0x0000,
  0x0000, 0x0000, 0x0000, 0x0000, 0x0000, 0x0000, 0x0000, 0x0000, 0x0000, 0x0000, 0x0020, 0x0820,
  0x0820, 0x0020, 0x0020, 0x0020, 0x0820, 0x0820, 0x0820, 0x0820, 0x0820, 0x0020, 0x0020, 0x0020,
  0x0820, 0x0020, 0x0020, 0x0840, 0x10A2, 0x0861, 0x0820, 0x0841, 0x0840, 0x0840, 0x0840, 0x0840,
  0x0840, 0x0840, 0x0820, 0x0820, 0x0840, 0x0820, 0x0820, 0x0820, 0x0820, 0x0020, 0x0020, 0x0820,
  0x0820, 0x0020, 0x0820, 0x0820, 0x0020, 0x0820, 0x0840, 0x0020, 0x0020, 0x0820, 0x0020, 0x0820,
  0x0840, 0x0820, 0x0840, 0x0840, 0x0840, 0x0020, 0x0020, 0x0020, 0x0020, 0x0820, 0x0820, 0x0820,
  0x0820, 0x0020, 0x0020, 0x0020, 0x0020, 0x0820, 0x0820, 0x0020, 0x0820, 0x0840, 0x1061, 0x1081,
  0x1061, 0x1061, 0x0841, 0x0840, 0x0820, 0x0820, 0x0820, 0x0820, 0x0820, 0x0020, 0x0020, 0x0820,
  0x0820, 0x0820, 0x0820, 0x0840, 0x0840, 0x0820, 0x0820, 0x0820, 0x10A2, 0x0820, 0x0020, 0x0820,
  0x0840, 0x0820, 0x0020, 0x0840, 0x0820, 0x0020, 0x0841, 0x0820, 0x0020, 0x0841, 0x0841, 0x0841,
  0x0000, 0x0020, 0x0820, 0x0820, 0x0860, 0x39C6, 0x4206, 0x41E6, 0x3185, 0x2943, 0x4206, 0x39E5,
  0x39E5, 0x39E5, 0x39C5, 0x31A5, 0x39C5, 0x39A5, 0x31A5, 0x3184, 0x3184, 0x3164, 0x3184, 0x2943,
  0x2943, 0x2943, 0x2923, 0x2103, 0x18A1, 0x1081, 0x0820, 0x0020, 0x0020, 0x0020, 0x0820, 0x0820,
  0x0820, 0x0820, 0x0820, 0x0820, 0x0820, 0x0820, 0x0820, 0x0820, 0x0820, 0x0820, 0x0820, 0x0020,
  0x0020, 0x0820, 0x0840, 0x0000, 0x18C2, 0x4A27, 0x41E6, 0x4A47, 0x4206, 0x39C5, 0x41E6, 0x4A27,
  0x4206, 0x39C6, 0x41E6, 0x4A48, 0x4A47, 0x4A47, 0x5268, 0x5268, 0x5268, 0x5289, 0x52A9, 0x52A9,
  0x52AA, 0x52AA, 0x52AA, 0x52AA, 0x52AA, 0x52AA, 0x52AA, 0x528A, 0x528A, 0x4A49, 0x0841, 0x0000,
  0x0000, 0x0841, 0x0000, 0x0000, 0x0000, 0x0861, 0x0000, 0x0000, 0x0000, 0x0000, 0x0000, 0x0000,
  0x0000, 0x0000, 0x0000, 0x0000, 0x0020, 0x0000, 0x0000, 0x0000, 0x0000, 0x0000, 0x0000, 0x0020,
  0x0020, 0x0000, 0x0000, 0x0000, 0x0841, 0x0841, 0x0000, 0x0000, 0x0000, 0x0000, 0x0000, 0x0000,
  0x0000, 0x0000, 0x0000, 0x0000, 0x0000, 0x0000, 0x0000, 0x0000, 0x0000, 0x0000, 0x0000, 0x0000,
  0x0000, 0x0000, 0x0000, 0x0020, 0x0000, 0x0000, 0x0020, 0x0000, 0x0000, 0x0020, 0x0000, 0x0000,
  0x0000, 0x0020, 0x0000, 0x0000, 0x0000, 0x0000, 0x0000, 0x0841, 0x0000, 0x0000, 0x0020, 0x0000,
  0x0000, 0x0000, 0x0841, 0x0020, 0x0000, 0x0000, 0x0000, 0x0841, 0x0000, 0x1082, 0x0841, 0x0000,
  0x0000, 0x0020, 0x0020, 0x0000, 0x0000, 0x0000, 0x0000, 0x0000, 0x0000, 0x0000, 0x0861, 0x0020,
  0x0000, 0x0000, 0x0000, 0x0000, 0x0000, 0x0000, 0x0000, 0x0000, 0x0000, 0x0000, 0x0000, 0x0000,
  0x0000, 0x0000, 0x0000, 0x0000, 0x0000, 0x0000, 0x0000, 0x0000, 0x0000, 0x0000, 0x0000, 0x0000,
  0x0000, 0x0000, 0x0000, 0x0000, 0x0000, 0x0000, 0x0020, 0x0820, 0x0020, 0x0020, 0x0020, 0x0820,
  0x0820, 0x0820, 0x0820, 0x0820, 0x0020, 0x0020, 0x0820, 0x0840, 0x0820, 0x0020, 0x0020, 0x0840,
  0x0820, 0x0840, 0x0861, 0x0840, 0x0840, 0x0840, 0x0820, 0x0820, 0x0840, 0x0840, 0x0820, 0x0820,
  0x0820, 0x0840, 0x0840, 0x0820, 0x0820, 0x0820, 0x0820, 0x0820, 0x0820, 0x0820, 0x0840, 0x0820,
  0x0020, 0x0840, 0x0020, 0x0020, 0x0820, 0x0820, 0x0020, 0x0840, 0x0820, 0x0820, 0x0820, 0x0820,
  0x0820, 0x0820, 0x0020, 0x0820, 0x0820, 0x0820, 0x0020, 0x0820, 0x0020, 0x0840, 0x0820, 0x0820,
  0x0020, 0x0020, 0x0820, 0x0820, 0x0840, 0x0020, 0x0020, 0x0820, 0x0020, 0x0020, 0x0820, 0x0020,
  0x0020, 0x0820, 0x0820, 0x0820, 0x0820, 0x0820, 0x0820, 0x0020, 0x0820, 0x0820, 0x0820, 0x0840,
  0x0841, 0x0820, 0x0820, 0x0820, 0x0020, 0x0020, 0x0020, 0x0820, 0x1061, 0x0841, 0x0841, 0x1061,
  0x0020, 0x0020, 0x0020, 0x0020, 0x0020, 0x0840, 0x0840, 0x0841, 0x0020, 0x0020, 0x0820, 0x0020,
  0x1061, 0x39E6, 0x39E6, 0x4206, 0x2944, 0x3184, 0x39E6, 0x39C5, 0x39E5, 0x39C5, 0x39C5, 0x39C5,
  0x39A5, 0x2964, 0x3184, 0x31A5, 0x3184, 0x3184, 0x3164, 0x2943, 0x2943, 0x2943, 0x2923, 0x18E2,
  0x1081, 0x0840, 0x0820, 0x0020, 0x0020, 0x0020, 0x0820, 0x0820, 0x0820, 0x0820, 0x0820, 0x0820,
  0x0820, 0x0820, 0x0820, 0x0820, 0x0820, 0x0820, 0x0020, 0x0820, 0x0020, 0x0020, 0x0820, 0x0840,
  0x0000, 0x3185, 0x4206, 0x4A07, 0x4A27, 0x41C6, 0x41E6, 0x4A07, 0x4A27, 0x39E6, 0x41E6, 0x4A47,
  0x4A48, 0x4A47, 0x4A47, 0x5268, 0x5268, 0x5288, 0x5289, 0x5289, 0x5289, 0x52AA, 0x52AA, 0x52AA,
  0x52AA, 0x52AA, 0x52AA, 0x52AA, 0x528A, 0x52AA, 0x3185, 0x0000, 0x0020, 0x0020, 0x0000, 0x0000,
  0x0000, 0x0020, 0x0000, 0x0000, 0x0000, 0x0000, 0x0000, 0x0000, 0x0000, 0x0000, 0x0000, 0x0000,
  0x0020, 0x0000, 0x0000, 0x0000, 0x0000, 0x0000, 0x0000, 0x0861, 0x0841, 0x0000, 0x0000, 0x0000,
  0x0000, 0x0000, 0x0000, 0x0000, 0x0000, 0x0000, 0x0000, 0x0000, 0x0000, 0x0000, 0x0000, 0x0000,
  0x0000, 0x0000, 0x0000, 0x0000, 0x0000, 0x0000, 0x0000, 0x0000, 0x0000, 0x0000, 0x0000, 0x0861,
  0x0000, 0x0000, 0x0020, 0x0000, 0x0000, 0x0841, 0x0020, 0x0000, 0x0000, 0x0000, 0x0000, 0x0000,
  0x0000, 0x0000, 0x0020, 0x0861, 0x0000, 0x0000, 0x0000, 0x0000, 0x0000, 0x0021, 0x0861, 0x0000,
  0x0000, 0x0000, 0x0000, 0x0000, 0x0000, 0x0841, 0x0861, 0x0000, 0x0000, 0x0861, 0x0861, 0x0020,
  0x0020, 0x0000, 0x0000, 0x0000, 0x0000, 0x0020, 0x1082, 0x0020, 0x0000, 0x0000, 0x0000, 0x0000,
  0x0000, 0x0000, 0x0000, 0x0000, 0x0000, 0x0000, 0x0000, 0x0000, 0x0000, 0x0000, 0x0000, 0x0000,
  0x0000, 0x0000, 0x0000, 0x0000, 0x0000, 0x0000, 0x0020, 0x0000, 0x0000, 0x0000, 0x0000, 0x0000,
  0x0000, 0x0020, 0x0820, 0x0820, 0x0020, 0x0020, 0x0020, 0x0820, 0x0020, 0x0020, 0x0820, 0x0820,
  0x0020, 0x0020, 0x0840, 0x0841, 0x0820, 0x0820, 0x0840, 0x0840, 0x0841, 0x0840, 0x0861, 0x0840,
  0x0840, 0x0840, 0x1081, 0x0861, 0x0840, 0x0820, 0x0820, 0x0820, 0x0820, 0x0820, 0x0820, 0x0820,
  0x0820, 0x0820, 0x0820, 0x0020, 0x0820, 0x0020, 0x0020, 0x0840, 0x0020, 0x0840, 0x0020, 0x0020,
  0x0020, 0x0820, 0x0020, 0x0840, 0x0820, 0x0020, 0x0820, 0x0020, 0x0020, 0x0020, 0x0020, 0x0820,
  0x0820, 0x0820, 0x0020, 0x0020, 0x0820, 0x0841, 0x0820, 0x0820, 0x0020, 0x0020, 0x0820, 0x0020,
  0x0820, 0x0820, 0x0820, 0x0840, 0x0020, 0x0820, 0x0820, 0x0820, 0x0820, 0x0820, 0x0820, 0x0840,
  0x0820, 0x0820, 0x0020, 0x0020, 0x0820, 0x0020, 0x0020, 0x0840, 0x0840, 0x0820, 0x0820, 0x0020,
  0x0020, 0x0020, 0x0020, 0x0820, 0x0020, 0x0020, 0x0020, 0x0020, 0x0020, 0x0820, 0x0841, 0x0820,
  0x0840, 0x0020, 0x0840, 0x0840, 0x0000, 0x0020, 0x0840, 0x0820, 0x18C2, 0x4207, 0x39E6, 0x4206,
  0x2123, 0x39A5, 0x39C5, 0x39C5, 0x39C5, 0x39E5, 0x39C5, 0x39C5, 0x39C5, 0x3184, 0x2964, 0x3184,
  0x31A5, 0x3184, 0x3163, 0x2943, 0x3164, 0x2963, 0x2103, 0x1081, 0x0820, 0x0820, 0x0820, 0x0820,
  0x0820, 0x0820, 0x0820, 0x0020, 0x0820, 0x0820, 0x0820, 0x0020, 0x0820, 0x0820, 0x0820, 0x0820,
  0x0020, 0x0820, 0x0820, 0x0820, 0x0820, 0x0020, 0x0820, 0x0820, 0x0820, 0x1061, 0x4207, 0x4206,
  0x4A47, 0x41E6, 0x4206, 0x4207, 0x4A27, 0x41E6, 0x41E6, 0x4A27, 0x4A48, 0x4A47, 0x5248, 0x5268,
  0x5268, 0x5268, 0x52A9, 0x52A9, 0x52A9, 0x5289, 0x52A9, 0x52AA, 0x52AA, 0x52AA, 0x52AA, 0x52AA,
  0x52AA, 0x52AA, 0x5289, 0x1082, 0x0000, 0x0000, 0x0000, 0x0000, 0x0000, 0x0000, 0x0000, 0x0000,
  0x0000, 0x0000, 0x0000, 0x0000, 0x0000, 0x0000, 0x0000, 0x0000, 0x0000, 0x0841, 0x0020, 0x0000,
  0x0020, 0x0000, 0x0000, 0x0000, 0x0000, 0x0000, 0x0000, 0x0000, 0x0000, 0x0000, 0x0000, 0x0000,
  0x0000, 0x0000, 0x0000, 0x0000, 0x0000, 0x0000, 0x0000, 0x0000, 0x0000, 0x0000, 0x0000, 0x0000,
  0x0000, 0x0000, 0x0000, 0x0000, 0x0000, 0x0841, 0x0000, 0x0000, 0x0000, 0x0000, 0x0000, 0x0000,
  0x0000, 0x0000, 0x0000, 0x0000, 0x0000, 0x0000, 0x0000, 0x0000, 0x0020, 0x0841, 0x0000, 0x0000,
  0x0000, 0x0020, 0x0000, 0x0861, 0x0861, 0x0000, 0x0000, 0x0000, 0x0020, 0x0000, 0x0000, 0x0000,
  0x0000, 0x0020, 0x0861, 0x0020, 0x0000, 0x0020, 0x0841, 0x0020, 0x0020, 0x0000, 0x0000, 0x0000,
  0x0000, 0x0000, 0x0000, 0x0000, 0x0000, 0x0000, 0x0000, 0x0000, 0x0000, 0x0000, 0x0000, 0x0000,
  0x0000, 0x0000, 0x0000, 0x0000, 0x0000, 0x0000, 0x0000, 0x0000, 0x0000, 0x0000, 0x0000, 0x0000,
  0x0000, 0x0000, 0x0000, 0x0000, 0x0000, 0x0000, 0x0000, 0x0000, 0x0020, 0x0820, 0x0820, 0x0020,
  0x0020, 0x0820, 0x0020, 0x0020, 0x0020, 0x0020, 0x0840, 0x0820, 0x0820, 0x0820, 0x0820, 0x0820,
  0x0820, 0x0820, 0x0820, 0x0840, 0x0841, 0x0840, 0x0840, 0x0820, 0x0820, 0x0861, 0x18C2, 0x0861,
  0x0840, 0x0820, 0x0820, 0x0820, 0x0020, 0x0840, 0x0020, 0x0840, 0x0820, 0x0840, 0x0840, 0x0820,
  0x0840, 0x0820, 0x0841, 0x0840, 0x0020, 0x0840, 0x0020, 0x0020, 0x0020, 0x0020, 0x0820, 0x0840,
  0x0020, 0x0820, 0x0840, 0x0841, 0x0841, 0x0840, 0x0020, 0x0020, 0x0020, 0x0020, 0x0020, 0x0840,
  0x0820, 0x0841, 0x0840, 0x0020, 0x0020, 0x0020, 0x0020, 0x0820, 0x0840, 0x0820, 0x0840, 0x0840,
  0x0841, 0x0840, 0x0820, 0x0020, 0x0020, 0x0820, 0x0820, 0x0820, 0x0820, 0x0820, 0x0820, 0x0020,
  0x0020, 0x0820, 0x0820, 0x0840, 0x0840, 0x0820, 0x0820, 0x0020, 0x0020, 0x0820, 0x0020, 0x0820,
  0x0820, 0x0820, 0x0840, 0x0840, 0x0820, 0x0020, 0x0820, 0x0820, 0x0020, 0x0820, 0x0820, 0x0840,
  0x0020, 0x0020, 0x0820, 0x0820, 0x2103, 0x4207, 0x39E6, 0x39C6, 0x2123, 0x39E6, 0x39C5, 0x39C5,
  0x39C5, 0x39C5, 0x39C5, 0x39C5, 0x39C5, 0x39E5, 0x3184, 0x2964, 0x2964, 0x3164, 0x39A4, 0x2943,
  0x2943, 0x2943, 0x18A2, 0x0820, 0x0000, 0x0820, 0x0820, 0x0820, 0x0820, 0x0820, 0x0820, 0x0820,
  0x0820, 0x0820, 0x0820, 0x0820, 0x0820, 0x0820, 0x0820, 0x0020, 0x0820, 0x0820, 0x0820, 0x0820,
  0x0820, 0x0020, 0x0020, 0x0820, 0x0840, 0x0000, 0x2944, 0x4206, 0x4A27, 0x4A27, 0x4207, 0x4206,
  0x4206, 0x41E6, 0x41E6, 0x4207, 0x5248, 0x4A48, 0x4A48, 0x5248, 0x5268, 0x5268, 0x5289, 0x52A9,
  0x52A9, 0x5289, 0x52A9, 0x52AA, 0x52AA, 0x52AA, 0x52AA, 0x52AA, 0x52AA, 0x528A, 0x52AA, 0x39C6,
  0x0000, 0x0020, 0x0000, 0x0000, 0x0000, 0x0000, 0x0000, 0x0000, 0x0000, 0x0000, 0x0000, 0x0000,
  0x0000, 0x0000, 0x0000, 0x0000, 0x0000, 0x0000, 0x0000, 0x0000, 0x0000, 0x0000, 0x0000, 0x0000,
  0x0000, 0x0000, 0x0000, 0x0000, 0x0000, 0x0000, 0x0000, 0x0000, 0x0000, 0x0000, 0x0000, 0x0000,
  0x0000, 0x0000, 0x0000, 0x0000, 0x0000, 0x0000, 0x0000, 0x0000, 0x0000, 0x0000, 0x0000, 0x0020,
  0x0861, 0x1082, 0x0000, 0x0000, 0x0000, 0x0000, 0x0000, 0x0000, 0x0000, 0x0000, 0x0000, 0x0000,
  0x0000, 0x0000, 0x0000, 0x0020, 0x0000, 0x0000, 0x0000, 0x0841, 0x0020, 0x0020, 0x0000, 0x0020,
  0x0841, 0x0000, 0x0000, 0x0000, 0x0000, 0x0000, 0x0000, 0x0000, 0x0000, 0x0000, 0x0841, 0x0020,
  0x0000, 0x0020, 0x0841, 0x0000, 0x0000, 0x0000, 0x0000, 0x0000, 0x0000, 0x0000, 0x0000, 0x0000,
  0x0000, 0x0000, 0x0000, 0x0000, 0x0000, 0x0000, 0x0000, 0x0000, 0x0000, 0x0000, 0x0000, 0x0000,
  0x0000, 0x0000, 0x0000, 0x0000, 0x0000, 0x0000, 0x0000, 0x0000, 0x0000, 0x0000, 0x0000, 0x0000,
  0x0000, 0x0000, 0x0000, 0x0000, 0x0020, 0x0820, 0x0820, 0x0020, 0x0020, 0x0820, 0x0020, 0x0020,
  0x0820, 0x0020, 0x0820, 0x0820, 0x0840, 0x0840, 0x0820, 0x0020, 0x0841, 0x10A2, 0x0820, 0x0841,
  0x0840, 0x0841, 0x0840, 0x0861, 0x0840, 0x0840, 0x0020, 0x0820, 0x0820, 0x0820, 0x0020, 0x0020,
  0x0820, 0x0820, 0x0020, 0x0840, 0x0020, 0x0820, 0x0840, 0x0820, 0x0820, 0x0020, 0x0841, 0x0820,
  0x0820, 0x0820, 0x0020, 0x0020, 0x0020, 0x0020, 0x0820, 0x0840, 0x0820, 0x0841, 0x0841, 0x0841,
  0x0841, 0x0840, 0x0820, 0x0820, 0x0020, 0x0840, 0x0820, 0x0840, 0x0820, 0x0820, 0x0820, 0x0020,
  0x0820, 0x0020, 0x0020, 0x0840, 0x0840, 0x0841, 0x0861, 0x0841, 0x1082, 0x0841, 0x0820, 0x0820,
  0x0020, 0x0820, 0x0820, 0x0840, 0x0820, 0x0840, 0x0820, 0x0820, 0x0020, 0x0820, 0x0820, 0x0820,
  0x0840, 0x0820, 0x0820, 0x0020, 0x0020, 0x0820, 0x0820, 0x0820, 0x0820, 0x0020, 0x0840, 0x0840,
  0x0020, 0x0020, 0x0020, 0x0820, 0x0020, 0x0820, 0x0840, 0x0841, 0x0020, 0x0020, 0x0840, 0x0000,
  0x2124, 0x4207, 0x39E6, 0x39C5, 0x2943, 0x39E6, 0x39C5, 0x39C5, 0x39C5, 0x39C5, 0x39C5, 0x39C5,
  0x39C5, 0x39C5, 0x39C5, 0x3184, 0x2943, 0x39A5, 0x3984, 0x3184, 0x2123, 0x20E2, 0x0841, 0x0000,
  0x0020, 0x0820, 0x0820, 0x0820, 0x0820, 0x0820, 0x0820, 0x0820, 0x0820, 0x0820, 0x0820, 0x0820,
  0x0820, 0x0820, 0x0820, 0x0820, 0x0820, 0x0820, 0x0820, 0x0820, 0x0820, 0x0820, 0x0020, 0x0020,
  0x0020, 0x0020, 0x1061, 0x4206, 0x4A27, 0x4A27, 0x4206, 0x4206, 0x4A27, 0x4206, 0x4206, 0x4206,
  0x5268, 0x5248, 0x5248, 0x5248, 0x5268, 0x5268, 0x5268, 0x5289, 0x52A9, 0x5289, 0x5289, 0x52AA,
  0x52AA, 0x52AA, 0x52AA, 0x52AA, 0x52AA, 0x52AA, 0x528A, 0x528A, 0x10A2, 0x0000, 0x0020, 0x0000,
  0x0000, 0x0000, 0x0000, 0x0000, 0x0000, 0x0000, 0x0000, 0x0000, 0x0000, 0x0000, 0x0000, 0x0000,
  0x0000, 0x0000, 0x0000, 0x0000, 0x0000, 0x0000, 0x0000, 0x0000, 0x0000, 0x0000, 0x0000, 0x0000,
  0x0000, 0x0000, 0x0000, 0x0000, 0x0000, 0x0020, 0x0841, 0x0000, 0x0000, 0x0000, 0x0000, 0x0000,
  0x0000, 0x0000, 0x0000, 0x0020, 0x0000, 0x0000, 0x0000, 0x0020, 0x1082, 0x0000, 0x0000, 0x0000,
  0x0000, 0x0000, 0x0000, 0x0000, 0x0000, 0x0000, 0x0000, 0x0000, 0x0000, 0x0000, 0x0000, 0x0841,
  0x0020, 0x0000, 0x0000, 0x0000, 0x0000, 0x0000, 0x0000, 0x0000, 0x0000, 0x0000, 0x0000, 0x0000,
  0x0000, 0x0020, 0x0000, 0x0000, 0x0000, 0x0000, 0x0020, 0x0020, 0x0000, 0x0861, 0x0020, 0x0000,
  0x0000, 0x0000, 0x0000, 0x0000, 0x0000, 0x0000, 0x0000, 0x0000, 0x0000, 0x0000, 0x0020, 0x0020,
  0x0000, 0x0000, 0x0000, 0x0000, 0x0000, 0x0000, 0x0000, 0x0000, 0x0000, 0x0000, 0x0000, 0x0000,
  0x0000, 0x0000, 0x0000, 0x0000, 0x0000, 0x0000, 0x0000, 0x0000, 0x0000, 0x0000, 0x0000, 0x0020,
  0x0820, 0x0820, 0x0020, 0x0020, 0x0020, 0x0020, 0x0020, 0x0820, 0x0020, 0x0840, 0x0840, 0x0820,
  0x0840, 0x0820, 0x0820, 0x0820, 0x0840, 0x0840, 0x0840, 0x0841, 0x0841, 0x0841, 0x0820, 0x0861,
  0x0840, 0x0820, 0x0840, 0x0840, 0x0861, 0x0861, 0x0841, 0x0861, 0x0841, 0x0820, 0x0020, 0x0841,
  0x0861, 0x0841, 0x0820, 0x0820, 0x0820, 0x0020, 0x0840, 0x0841, 0x0841, 0x0841, 0x0820, 0x0820,
  0x0841, 0x1061, 0x0841, 0x0861, 0x0840, 0x0840, 0x0820, 0x0020, 0x0020, 0x0820, 0x0020, 0x0020,
  0x0820, 0x0820, 0x0820, 0x0820, 0x0820, 0x0841, 0x0820, 0x0820, 0x0820, 0x0820, 0x0020, 0x0020,
  0x0820, 0x0820, 0x0820, 0x0820, 0x0820, 0x0820, 0x0820, 0x0820, 0x0820, 0x0820, 0x0820, 0x0820,
  0x0840, 0x0840, 0x0820, 0x0020, 0x0020, 0x0820, 0x0820, 0x0840, 0x0840, 0x0820, 0x0820, 0x0020,
  0x0020, 0x0020, 0x0820, 0x0820, 0x0820, 0x0020, 0x0020, 0x0820, 0x0820, 0x0020, 0x0020, 0x0820,
  0x0020, 0x0820, 0x0820, 0x0841, 0x0020, 0x0020, 0x0840, 0x0020, 0x2124, 0x4207, 0x39E6, 0x31A5,
  0x2944, 0x39E6, 0x39C5, 0x39C5, 0x39C5, 0x39C5, 0x39C5, 0x39C5, 0x39C5, 0x39A5, 0x39A5, 0x39A4,
  0x39A4, 0x39A5, 0x39A4, 0x3184, 0x20E2, 0x1060, 0x0800, 0x0800, 0x0820, 0x0820, 0x0820, 0x0800,
  0x0820, 0x0820, 0x0820, 0x0820, 0x0820, 0x0020, 0x0020, 0x0820, 0x0820, 0x0820, 0x0820, 0x0820,
  0x0820, 0x0820, 0x0820, 0x0820, 0x0820, 0x0820, 0x0820, 0x0020, 0x0820, 0x0840, 0x0000, 0x3164,
  0x4A47, 0x4A27, 0x4206, 0x4206, 0x4206, 0x4206, 0x4206, 0x4206, 0x4A27, 0x5268, 0x5248, 0x4A48,
  0x5268, 0x5268, 0x5268, 0x5289, 0x52A9, 0x52A9, 0x5289, 0x52A9, 0x52A9, 0x52AA, 0x52AA, 0x52AA,
  0x52AA, 0x52AA, 0x528A, 0x52AA, 0x39C6, 0x0000, 0x0841, 0x0000, 0x0000, 0x0000, 0x0000, 0x0000,
  0x0000, 0x0000, 0x0000, 0x0000, 0x0000, 0x0000, 0x0000, 0x0000, 0x0000, 0x0000, 0x0000, 0x0000,
  0x0000, 0x0000, 0x0000, 0x0000, 0x0000, 0x0000, 0x0000, 0x0000, 0x0000, 0x0000, 0x0000, 0x0000,
  0x0000, 0x0000, 0x0000, 0x0000, 0x0000, 0x0000, 0x0000, 0x0000, 0x0000, 0x0000, 0x0000, 0x0841,
  0x0000, 0x0000, 0x0000, 0x0020, 0x0000, 0x0000, 0x0000, 0x0000, 0x0000, 0x0000, 0x0000, 0x0000,
  0x0000, 0x0000, 0x0000, 0x0000, 0x0020, 0x0000, 0x0020, 0x0000, 0x0020, 0x0841, 0x0861, 0x0020,
  0x0000, 0x0841, 0x0841, 0x0000, 0x0000, 0x0000, 0x0000, 0x0000, 0x0000, 0x0000, 0x0000, 0x0000,
  0x0000, 0x0020, 0x0000, 0x0000, 0x0020, 0x0841, 0x0020, 0x0000, 0x0000, 0x0000, 0x0000, 0x0000,
  0x0000, 0x0000, 0x0000, 0x0000, 0x0000, 0x0000, 0x0000, 0x0000, 0x0000, 0x0000, 0x0000, 0x0000,
  0x0000, 0x0000, 0x0000, 0x0000, 0x0000, 0x0000, 0x0000, 0x0000, 0x0000, 0x0000, 0x0000, 0x0000,
  0x0000, 0x0000, 0x0000, 0x0020, 0x0000, 0x0000, 0x0000, 0x0020, 0x0820, 0x0820, 0x0020, 0x0020,
  0x0020, 0x0020, 0x0820, 0x0820, 0x0820, 0x0840, 0x0820, 0x0020, 0x0020, 0x0820, 0x0820, 0x0820,
  0x0020, 0x0820, 0x0841, 0x0841, 0x0840, 0x0820, 0x0840, 0x0841, 0x0820, 0x0840, 0x0840, 0x0840,
  0x0841, 0x0841, 0x0840, 0x0840, 0x0841, 0x0020, 0x0020, 0x0841, 0x1061, 0x0861, 0x0840, 0x0820,
  0x0820, 0x0840, 0x0840, 0x0820, 0x0840, 0x0820, 0x0020, 0x0820, 0x0820, 0x0820, 0x0841, 0x0820,
  0x0020, 0x0820, 0x0820, 0x0820, 0x0820, 0x0820, 0x0020, 0x0820, 0x0820, 0x0841, 0x0841, 0x0840,
  0x0841, 0x0840, 0x0840, 0x0841, 0x0820, 0x0820, 0x0820, 0x0861, 0x0820, 0x0820, 0x0820, 0x0820,
  0x0820, 0x0840, 0x0020, 0x0820, 0x0820, 0x0820, 0x0820, 0x0820, 0x0820, 0x0820, 0x0820, 0x0020,
  0x0820, 0x0820, 0x0820, 0x0841, 0x0840, 0x0820, 0x0820, 0x0820, 0x0820, 0x0820, 0x0020, 0x0840,
  0x0841, 0x0841, 0x0820, 0x0820, 0x0820, 0x0020, 0x0020, 0x0820, 0x0020, 0x0820, 0x0820, 0x0820,
  0x0020, 0x0020, 0x0820, 0x0000, 0x2124, 0x4207, 0x39E6, 0x31A5, 0x2944, 0x39E6, 0x39C5, 0x39C5,
  0x39E5, 0x39E5, 0x39C5, 0x39C5, 0x39C5, 0x39C5, 0x39C5, 0x3184, 0x39A5, 0x39A5, 0x39C4, 0x3164,
  0x18C2, 0x0840, 0x1061, 0x1081, 0x1081, 0x1061, 0x1061, 0x0820, 0x0800, 0x0820, 0x0820, 0x0820,
  0x0020, 0x0000, 0x0020, 0x0020, 0x0820, 0x0820, 0x0820, 0x0820, 0x0820, 0x0820, 0x0820, 0x0820,
  0x0820, 0x0820, 0x0820, 0x0020, 0x0820, 0x0820, 0x0000, 0x18C2, 0x4A27, 0x4A27, 0x4A06, 0x4206,
  0x4206, 0x4206, 0x4206, 0x4207, 0x4207, 0x5268, 0x5268, 0x4A48, 0x5268, 0x5268, 0x5268, 0x5288,
  0x5269, 0x52A9, 0x5289, 0x5289, 0x5289, 0x52AA, 0x52AA, 0x52AA, 0x52AA, 0x52AA, 0x52AA, 0x528A,
  0x528A, 0x10A2, 0x0000, 0x0000, 0x0000, 0x0000, 0x0000, 0x0000, 0x0000, 0x0000, 0x0000, 0x0000,
  0x0000, 0x0000, 0x0000, 0x0000, 0x0000, 0x0000, 0x0000, 0x0000, 0x0000, 0x0000, 0x0000, 0x0000,
  0x0000, 0x0000, 0x0000, 0x0000, 0x0000, 0x0000, 0x0000, 0x0000, 0x0000, 0x0000, 0x0000, 0x0000,
  0x0020, 0x0000, 0x0000, 0x0000, 0x0000, 0x0000, 0x0000, 0x0000, 0x0000, 0x0000, 0x0000, 0x0841,
  0x0020, 0x0000, 0x0000, 0x0000, 0x0020, 0x0000, 0x0000, 0x0000, 0x0000, 0x0000, 0x0000, 0x0020,
  0x0020, 0x0000, 0x0020, 0x0000, 0x0000, 0x0000, 0x0020, 0x0020, 0x0841, 0x10A2, 0x0020, 0x0000,
  0x0000, 0x0000, 0x0000, 0x0000, 0x0000, 0x0000, 0x0000, 0x0000, 0x0000, 0x0000, 0x0000, 0x0000,
  0x0000, 0x0841, 0x0841, 0x0020, 0x0000, 0x0000, 0x0000, 0x0000, 0x0000, 0x0000, 0x0000, 0x0020,
  0x0020, 0x0000, 0x0000, 0x0000, 0x0000, 0x0000, 0x0000, 0x0000, 0x0000, 0x0000, 0x0000, 0x0000,
  0x0000, 0x0000, 0x0000, 0x0000, 0x0000, 0x0000, 0x0000, 0x0000, 0x0000, 0x0000, 0x0000, 0x0020,
  0x0000, 0x0000, 0x0000, 0x0820, 0x0820, 0x0020, 0x0020, 0x0020, 0x0820, 0x0020, 0x0820, 0x0020,
  0x0820, 0x0840, 0x0820, 0x0820, 0x0820, 0x0840, 0x0840, 0x0840, 0x0840, 0x0840, 0x0861, 0x0840,
  0x0840, 0x0840, 0x0841, 0x0840, 0x0840, 0x0840, 0x0840, 0x0840, 0x0820, 0x0820, 0x0820, 0x0820,
  0x0820, 0x0020, 0x0020, 0x0020, 0x0020, 0x0820, 0x0840, 0x0820, 0x0820, 0x0840, 0x0840, 0x0020,
  0x0820, 0x0020, 0x0820, 0x0820, 0x0820, 0x0020, 0x0840, 0x0020, 0x0820, 0x0820, 0x0820, 0x0820,
  0x0820, 0x0020, 0x0020, 0x0820, 0x0820, 0x0841, 0x0820, 0x0820, 0x0020, 0x0841, 0x0840, 0x0020,
  0x0820, 0x0820, 0x0820, 0x0820, 0x0840, 0x0820, 0x0820, 0x0820, 0x0820, 0x0840, 0x0840, 0x0820,
  0x0840, 0x0840, 0x0840, 0x0820, 0x0820, 0x0820, 0x0840, 0x0840, 0x0820, 0x0820, 0x0820, 0x0820,
  0x0840, 0x0820, 0x0820, 0x0820, 0x0840, 0x1061, 0x0000, 0x0841, 0x0861, 0x0841, 0x0020, 0x0820,
  0x0820, 0x0020, 0x0020, 0x0820, 0x0020, 0x0820, 0x0820, 0x0840, 0x0020, 0x0020, 0x0820, 0x0020,
  0x2123, 0x4207, 0x39E6, 0x31A5, 0x2944, 0x39E6, 0x39C5, 0x39C5, 0x39C5, 0x39C5, 0x39C5, 0x39C5,
  0x39C5, 0x39C5, 0x39C5, 0x39A4, 0x39C5, 0x39A5, 0x39A4, 0x2943, 0x1061, 0x18C2, 0x18C2, 0x18C1,
  0x18C1, 0x18A1, 0x18A1, 0x1081, 0x1041, 0x0820, 0x0820, 0x0820, 0x0000, 0x0000, 0x0020, 0x0020,
  0x0820, 0x0820, 0x0820, 0x0820, 0x0820, 0x0820, 0x0820, 0x0820, 0x0820, 0x0820, 0x0820, 0x0820,
  0x0820, 0x0820, 0x0820, 0x0820, 0x41E6, 0x4A47, 0x4A27, 0x4206, 0x4206, 0x4A07, 0x41E6, 0x4206,
  0x4206, 0x4A47, 0x5268, 0x5248, 0x5268, 0x5268, 0x5289, 0x5289, 0x4A48, 0x5289, 0x52A9, 0x5289,
  0x52A9, 0x52AA, 0x52AA, 0x52AA, 0x52AA, 0x52AA, 0x52AA, 0x528A, 0x52AA, 0x39C6, 0x0000, 0x0000,
  0x0000, 0x0020, 0x0000, 0x0000, 0x0000, 0x0000, 0x0000, 0x0000, 0x0020, 0x0000, 0x0000, 0x0000,
  0x0000, 0x0000, 0x0000, 0x0000, 0x0000, 0x0000, 0x0000, 0x0000, 0x0000, 0x0000, 0x0000, 0x0000,
  0x0000, 0x0000, 0x0000, 0x0000, 0x0000, 0x0000, 0x0000, 0x0020, 0x0841, 0x0000, 0x0000, 0x0000,
  0x0000, 0x0000, 0x0000, 0x0000, 0x0020, 0x0000, 0x0000, 0x0000, 0x0000, 0x0000, 0x0000, 0x0000,
  0x0000, 0x0000, 0x0000, 0x0000, 0x0000, 0x0000, 0x0000, 0x0861, 0x0000, 0x0000, 0x0000, 0x0000,
  0x0000, 0x0000, 0x0000, 0x0000, 0x0020, 0x0000, 0x0000, 0x0000, 0x0000, 0x0000, 0x0020, 0x0000,
  0x0000, 0x0000, 0x0000, 0x0000, 0x0000, 0x0000, 0x0000, 0x0000, 0x0000, 0x0000, 0x0000, 0x0000,
  0x0000, 0x0000, 0x0000, 0x0000, 0x0000, 0x0000, 0x0000, 0x0000, 0x0020, 0x0000, 0x0000, 0x0841,
  0x10A2, 0x0000, 0x0000, 0x0000, 0x0000, 0x0000, 0x0000, 0x0000, 0x0000, 0x0000, 0x0000, 0x0000,
  0x0000, 0x0000, 0x0000, 0x0000, 0x0000, 0x0000, 0x0000, 0x0000, 0x0000, 0x0000, 0x0020, 0x0820,
  0x0820, 0x0020, 0x0020, 0x0020, 0x0020, 0x0020, 0x0820, 0x0820, 0x0840, 0x0840, 0x0820, 0x0840,
  0x0840, 0x0840, 0x0840, 0x0840, 0x0840, 0x0840, 0x0861, 0x0840, 0x0840, 0x0840, 0x0841, 0x0840,
  0x0840, 0x0840, 0x0840, 0x0840, 0x0840, 0x0840, 0x0820, 0x0840, 0x0840, 0x0820, 0x0820, 0x0820,
  0x0840, 0x0840, 0x0840, 0x0840, 0x0840, 0x0840, 0x0840, 0x0820, 0x0820, 0x0020, 0x0820, 0x0820,
  0x0020, 0x0820, 0x0841, 0x0020, 0x0820, 0x0820, 0x0020, 0x0020, 0x0820, 0x0020, 0x0820, 0x0861,
  0x0820, 0x0020, 0x0020, 0x0000, 0x0020, 0x0820, 0x0820, 0x0820, 0x0820, 0x0820, 0x0820, 0x0020,
  0x0840, 0x0840, 0x0820, 0x0820, 0x0820, 0x0840, 0x0840, 0x0840, 0x0840, 0x0840, 0x0841, 0x0840,
  0x0840, 0x0820, 0x0820, 0x0840, 0x0820, 0x0840, 0x0820, 0x0840, 0x0840, 0x0820, 0x0840, 0x0020,
  0x0820, 0x0820, 0x0820, 0x0820, 0x0020, 0x0020, 0x0000, 0x0820, 0x0820, 0x0020, 0x0820, 0x0020,
  0x0020, 0x0820, 0x0820, 0x0020, 0x0020, 0x0020, 0x0840, 0x0020, 0x2103, 0x4227, 0x4206, 0x31A5,
  0x2123, 0x39C5, 0x39A5, 0x39C5, 0x39C5, 0x39C5, 0x39C5, 0x3184, 0x39A5, 0x39C5, 0x39A5, 0x39A5,
  0x41E5, 0x41C5, 0x3184, 0x20E2, 0x20E2, 0x2102, 0x18C1, 0x18C1, 0x18C2, 0x18C1, 0x18A1, 0x18A1,
  0x1081, 0x1061, 0x0820, 0x0000, 0x0020, 0x0020, 0x0020, 0x0820, 0x0020, 0x0820, 0x0820, 0x0820,
  0x0820, 0x0820, 0x0820, 0x0820, 0x0820, 0x0820, 0x0820, 0x0820, 0x0820, 0x0820, 0x0841, 0x0000,
  0x2944, 0x4A48, 0x4A27, 0x41E6, 0x4206, 0x4A07, 0x39E6, 0x41E6, 0x4206, 0x4A27, 0x5248, 0x5268,
  0x5268, 0x5248, 0x5268, 0x5288, 0x5288, 0x5289, 0x52AA, 0x5289, 0x52A9, 0x528A, 0x52AA, 0x52AA,
  0x52AA, 0x52AA, 0x52AA, 0x52AA, 0x52AA, 0x528A, 0x1082, 0x0000, 0x0000, 0x0000, 0x0000, 0x0000,
  0x0000, 0x0000, 0x0000, 0x0000, 0x0000, 0x0020, 0x0000, 0x0000, 0x0020, 0x0861, 0x0861, 0x0000,
  0x0000, 0x0000, 0x0000, 0x0000, 0x0000, 0x0000, 0x0020, 0x0020, 0x0000, 0x0000, 0x0000, 0x0020,
  0x0000, 0x0000, 0x0000, 0x0000, 0x0000, 0x0000, 0x0000, 0x0000, 0x0000, 0x0000, 0x0000, 0x0000,
  0x0000, 0x0020, 0x0000, 0x0000, 0x0000, 0x0000, 0x0000, 0x0000, 0x0000, 0x0000, 0x0000, 0x0000,
  0x0000, 0x0020, 0x0841, 0x0000, 0x0000, 0x0000, 0x0000, 0x0000, 0x0000, 0x0000, 0x0000, 0x0000,
  0x0000, 0x0000, 0x0020, 0x0000, 0x0000, 0x0000, 0x0020, 0x0000, 0x0000, 0x0000, 0x0020, 0x0841,
  0x0841, 0x0000, 0x0000, 0x0000, 0x0000, 0x0000, 0x0000, 0x0000, 0x0000, 0x0000, 0x0000, 0x0000,
  0x0000, 0x0000, 0x0861, 0x1082, 0x0000, 0x0000, 0x0000, 0x0000, 0x0000, 0x0000, 0x0000, 0x0000,
  0x0000, 0x0000, 0x0000, 0x0000, 0x0000, 0x0000, 0x0000, 0x0000, 0x0000, 0x0020, 0x0861, 0x0000,
  0x0000, 0x0000, 0x0000, 0x0000, 0x0000, 0x0000, 0x0020, 0x0840, 0x0820, 0x0820, 0x0820, 0x0020,
  0x0820, 0x0020, 0x0820, 0x0840, 0x0841, 0x0840, 0x0840, 0x0840, 0x0840, 0x0840, 0x0840, 0x0840,
  0x0840, 0x0841, 0x0841, 0x0840, 0x0840, 0x0840, 0x0841, 0x0840, 0x0840, 0x0840, 0x0840, 0x0840,
  0x0840, 0x0840, 0x0820, 0x0840, 0x0820, 0x0820, 0x0820, 0x0820, 0x0840, 0x0840, 0x0840, 0x0840,
  0x0840, 0x0841, 0x0840, 0x0840, 0x0840, 0x0820, 0x0820, 0x0820, 0x0020, 0x0861, 0x0861, 0x0020,
  0x0840, 0x0840, 0x0820, 0x0841, 0x0820, 0x0820, 0x0820, 0x0861, 0x0820, 0x0840, 0x0841, 0x0861,
  0x0840, 0x0020, 0x0840, 0x0820, 0x0841, 0x0820, 0x0840, 0x0841, 0x0840, 0x0820, 0x0820, 0x0820,
  0x0820, 0x0840, 0x0820, 0x0840, 0x0840, 0x0840, 0x0840, 0x0841, 0x0840, 0x0840, 0x0841, 0x0820,
  0x0820, 0x0840, 0x0840, 0x0840, 0x0861, 0x0820, 0x0820, 0x0820, 0x0840, 0x0820, 0x0820, 0x0820,
  0x0820, 0x0820, 0x0820, 0x0820, 0x0820, 0x0020, 0x0841, 0x0820, 0x0841, 0x0820, 0x0820, 0x0020,
  0x0020, 0x0020, 0x0820, 0x0020, 0x18C2, 0x4207, 0x4206, 0x39C5, 0x2944, 0x39E6, 0x39A5, 0x39A5,
  0x39A5, 0x39A5, 0x39A5, 0x3184, 0x39C5, 0x39A4, 0x3184, 0x39A5, 0x41E5, 0x41E5, 0x3184, 0x18A1,
  0x2923, 0x20E1, 0x18E2, 0x18C2, 0x18C2, 0x18C1, 0x18C1, 0x18C1, 0x18A1, 0x1081, 0x1061, 0x0000,
  0x0020, 0x0820, 0x0820, 0x0820, 0x0820, 0x0820, 0x0820, 0x0820, 0x0820, 0x0820, 0x0820, 0x0820,
  0x0820, 0x0820, 0x0820, 0x0820, 0x0020, 0x0820, 0x0840, 0x0020, 0x18A2, 0x4A47, 0x4A27, 0x4206,
  0x4206, 0x4207, 0x4207, 0x39C5, 0x4206, 0x4207, 0x5268, 0x5248, 0x5268, 0x5268, 0x5268, 0x5268,
  0x5289, 0x5269, 0x52A9, 0x52A9, 0x5289, 0x52A9, 0x52AA, 0x52AA, 0x52AA, 0x52AA, 0x52AA, 0x52AA,
  0x528A, 0x52AA, 0x3186, 0x0000, 0x0020, 0x0000, 0x0000, 0x0000, 0x0000, 0x0000, 0x1082, 0x0861,
  0x0000, 0x0020, 0x0000, 0x0000, 0x0020, 0x0861, 0x0020, 0x0000, 0x0000, 0x0000, 0x0000, 0x0000,
  0x0000, 0x0000, 0x0020, 0x0020, 0x0000, 0x0000, 0x0000, 0x0000, 0x0000, 0x0000, 0x0000, 0x0000,
  0x0000, 0x0000, 0x0000, 0x0000, 0x0000, 0x0000, 0x0000, 0x0000, 0x0841, 0x0000, 0x0000, 0x0000,
  0x0841, 0x0020, 0x0000, 0x0000, 0x0000, 0x0000, 0x0000, 0x0000, 0x0000, 0x0000, 0x0000, 0x0000,
  0x0000, 0x0000, 0x0020, 0x0020, 0x0020, 0x0000, 0x0000, 0x0000, 0x0000, 0x0020, 0x0020, 0x0000,
  0x0000, 0x0000, 0x0000, 0x0000, 0x0000, 0x0000, 0x0000, 0x0020, 0x0020, 0x0000, 0x0000, 0x0000,
  0x0000, 0x0000, 0x0000, 0x0000, 0x0000, 0x0000, 0x0000, 0x0000, 0x0000, 0x0000, 0x0020, 0x0020,
  0x0000, 0x0000, 0x0000, 0x0000, 0x0000, 0x0841, 0x0020, 0x0000, 0x0000, 0x0000, 0x0000, 0x0000,
  0x0000, 0x0000, 0x0000, 0x0000, 0x0000, 0x0841, 0x18C3, 0x0000, 0x0000, 0x0000, 0x0000, 0x0000,
  0x0000, 0x0020, 0x0840, 0x0840, 0x0020, 0x0820, 0x0020, 0x0020, 0x0020, 0x0820, 0x0820, 0x0840,
  0x0841, 0x0820, 0x0840, 0x0840, 0x0840, 0x0861, 0x0840, 0x0840, 0x0840, 0x0861, 0x0841, 0x0840,
  0x0840, 0x0841, 0x0841, 0x0841, 0x0841, 0x0840, 0x0840, 0x0841, 0x0861, 0x0820, 0x0840, 0x0841,
  0x0841, 0x1081, 0x0861, 0x0840, 0x0840, 0x0840, 0x0840, 0x0840, 0x0840, 0x0841, 0x0820, 0x0840,
  0x0861, 0x0841, 0x0820, 0x0820, 0x0020, 0x1082, 0x1061, 0x0020, 0x0841, 0x0841, 0x0840, 0x0841,
  0x0820, 0x0020, 0x0840, 0x0841, 0x0020, 0x0820, 0x0840, 0x0861, 0x0820, 0x0020, 0x0820, 0x0820,
  0x0841, 0x0020, 0x0820, 0x0840, 0x0840, 0x0820, 0x0820, 0x0840, 0x0840, 0x0840, 0x0840, 0x0840,
  0x0840, 0x0840, 0x0841, 0x0861, 0x0840, 0x0861, 0x0861, 0x0820, 0x0840, 0x0840, 0x0840, 0x0841,
  0x0841, 0x0820, 0x0820, 0x0841, 0x0820, 0x0820, 0x0840, 0x0820, 0x0820, 0x0841, 0x0841, 0x0840,
  0x0820, 0x0820, 0x0820, 0x0820, 0x0841, 0x0820, 0x0840, 0x0820, 0x0820, 0x0020, 0x0820, 0x0820,
  0x18A2, 0x4207, 0x39E6, 0x39C5, 0x2123, 0x39E6, 0x39C5, 0x39C5, 0x39C5, 0x39C5, 0x39A5, 0x39A5,
  0x39A5, 0x39A4, 0x3184, 0x39A5, 0x41C5, 0x41E5, 0x3184, 0x18C2, 0x2943, 0x18E1, 0x18E2, 0x18C2,
  0x18E2, 0x18C2, 0x18C2, 0x18C2, 0x18C1, 0x18A1, 0x1081, 0x0820, 0x0020, 0x0820, 0x0820, 0x0820,
  0x0820, 0x0820, 0x0820, 0x0820, 0x0820, 0x0820, 0x0820, 0x0820, 0x0820, 0x0820, 0x0820, 0x0820,
  0x0020, 0x0020, 0x0820, 0x0820, 0x0840, 0x41E6, 0x4A47, 0x4A27, 0x41E6, 0x4206, 0x4206, 0x41E6,
  0x41E6, 0x4206, 0x4A48, 0x4A48, 0x5248, 0x5248, 0x5268, 0x5289, 0x5289, 0x5268, 0x5289, 0x52A9,
  0x5289, 0x52A9, 0x52A9, 0x52AA, 0x52AA, 0x52AA, 0x52AA, 0x52AA, 0x52AA, 0x52AA, 0x4A69, 0x0861,
  0x0020, 0x0000, 0x0000, 0x0000, 0x0000, 0x0000, 0x0841, 0x0020, 0x0000, 0x0000, 0x0000, 0x0000,
  0x0000, 0x0000, 0x0000, 0x0000, 0x0000, 0x0000, 0x0000, 0x0000, 0x0000, 0x0000, 0x0000, 0x0000,
  0x0000, 0x0000, 0x0000, 0x0000, 0x0000, 0x0000, 0x0000, 0x0000, 0x0000, 0x0000, 0x0000, 0x0000,
  0x0000, 0x0000, 0x0000, 0x0000, 0x0020, 0x0000, 0x0000, 0x0000, 0x0020, 0x0020, 0x0000, 0x0000,
  0x0000, 0x0000, 0x0000, 0x0000, 0x0000, 0x0000, 0x0000, 0x0000, 0x0000, 0x0000, 0x0021, 0x0000,
  0x0000, 0x0021, 0x0000, 0x0000, 0x0000, 0x0000, 0x0000, 0x0000, 0x0000, 0x0000, 0x0000, 0x0000,
  0x0000, 0x0000, 0x0000, 0x0020, 0x0020, 0x0000, 0x0000, 0x0000, 0x0000, 0x0000, 0x0000, 0x0000,
  0x0000, 0x0000, 0x0000, 0x0000, 0x0000, 0x0000, 0x0000, 0x0000, 0x0000, 0x0020, 0x0000, 0x0000,
  0x0000, 0x0020, 0x0020, 0x0000, 0x0000, 0x0000, 0x0000, 0x0000, 0x0000, 0x0000, 0x0000, 0x0000,
  0x0000, 0x0000, 0x0000, 0x0000, 0x0000, 0x0000, 0x0000, 0x0000, 0x0000, 0x0840, 0x0840, 0x0820,
  0x0820, 0x0020, 0x0020, 0x0820, 0x0020, 0x0820, 0x0820, 0x0841, 0x0841, 0x0840, 0x0840, 0x0840,
  0x0840, 0x0841, 0x0840, 0x0840, 0x0840, 0x0861, 0x0840, 0x0840, 0x0840, 0x0861, 0x0840, 0x0841,
  0x0841, 0x0841, 0x0840, 0x0840, 0x0840, 0x0020, 0x0840, 0x0840, 0x0820, 0x0840, 0x0840, 0x0840,
  0x0840, 0x0841, 0x0841, 0x0840, 0x0841, 0x0840, 0x0820, 0x0840, 0x0820, 0x0840, 0x0820, 0x0820,
  0x0840, 0x1061, 0x0840, 0x0020, 0x0020, 0x0820, 0x0820, 0x0820, 0x0840, 0x0840, 0x0840, 0x0840,
  0x0820, 0x0820, 0x0020, 0x0020, 0x0020, 0x0820, 0x0020, 0x0820, 0x0820, 0x0840, 0x0020, 0x0820,
  0x0841, 0x0841, 0x0840, 0x0841, 0x0841, 0x0840, 0x0841, 0x0861, 0x0841, 0x0841, 0x0840, 0x0840,
  0x0840, 0x0820, 0x0840, 0x0841, 0x0840, 0x0840, 0x0820, 0x0841, 0x0841, 0x0820, 0x0840, 0x0820,
  0x0820, 0x0820, 0x0820, 0x0840, 0x0820, 0x0820, 0x0020, 0x0820, 0x0820, 0x0820, 0x0820, 0x0020,
  0x0000, 0x0020, 0x0820, 0x0000, 0x0020, 0x0020, 0x0820, 0x0820, 0x1061, 0x39E6, 0x39E6, 0x39E6,
  0x2103, 0x39E6, 0x39E5, 0x39C5, 0x39C5, 0x39C5, 0x39C5, 0x39C5, 0x39C5, 0x39A4, 0x3184, 0x39A5,
  0x39C5, 0x41E5, 0x3184, 0x20E2, 0x2964, 0x2102, 0x18E2, 0x18E2, 0x18C2, 0x18E2, 0x18E2, 0x18E2,
  0x18C2, 0x18A1, 0x1081, 0x0841, 0x0000, 0x0020, 0x0820, 0x0820, 0x0820, 0x0020, 0x0820, 0x0820,
  0x0820, 0x0820, 0x0820, 0x0820, 0x0820, 0x0820, 0x0820, 0x0820, 0x0820, 0x0020, 0x0820, 0x0840,
  0x0000, 0x3185, 0x4A47, 0x4A27, 0x4206, 0x4206, 0x4206, 0x41E6, 0x41E6, 0x41E6, 0x4A27, 0x4A48,
  0x4A48, 0x4A48, 0x5268, 0x5268, 0x5269, 0x5289, 0x5268, 0x52A9, 0x5289, 0x5289, 0x52A9, 0x52AA,
  0x52AA, 0x52AA, 0x52AA, 0x52AA, 0x52AA, 0x528A, 0x52AA, 0x2944, 0x0000, 0x0000, 0x0000, 0x0000,
  0x0000, 0x0000, 0x0000, 0x0000, 0x0000, 0x0020, 0x0000, 0x0000, 0x0000, 0x0000, 0x0000, 0x0000,
  0x0841, 0x0000, 0x0000, 0x0000, 0x0000, 0x0000, 0x0020, 0x0000, 0x0020, 0x0000, 0x0000, 0x10A2,
  0x1082, 0x0000, 0x0000, 0x0000, 0x0841, 0x0000, 0x0000, 0x0000, 0x0000, 0x0000, 0x0000, 0x0000,
  0x0000, 0x0000, 0x0020, 0x0861, 0x0000, 0x0000, 0x0000, 0x0000, 0x0000, 0x0000, 0x0000, 0x0000,
  0x0000, 0x0000, 0x0000, 0x0000, 0x0000, 0x0000, 0x0000, 0x0000, 0x0861, 0x18E3, 0x0020, 0x0000,
  0x0000, 0x0020, 0x0000, 0x0020, 0x0000, 0x0000, 0x0000, 0x0000, 0x0000, 0x0000, 0x0000, 0x0000,
  0x0000, 0x0000, 0x0020, 0x0000, 0x0000, 0x0000, 0x0000, 0x0000, 0x0000, 0x0000, 0x0020, 0x0000,
  0x0000, 0x0000, 0x0000, 0x0000, 0x0000, 0x0000, 0x0000, 0x0000, 0x0000, 0x0000, 0x0000, 0x0000,
  0x0000, 0x0000, 0x0000, 0x0000, 0x0000, 0x0000, 0x0000, 0x0000, 0x0000, 0x0000, 0x0000, 0x0000,
  0x0000, 0x0000, 0x0000, 0x0000, 0x0020, 0x0840, 0x0840, 0x0020, 0x0020, 0x0020, 0x0820, 0x0020,
  0x0820, 0x0820, 0x0840, 0x0841, 0x0861, 0x0840, 0x0861, 0x0840, 0x0861, 0x0861, 0x0840, 0x0840,
  0x0841, 0x0861, 0x0840, 0x0840, 0x0841, 0x0861, 0x0841, 0x0841, 0x0841, 0x0861, 0x0841, 0x0841,
  0x0841, 0x0841, 0x0861, 0x0861, 0x0841, 0x0861, 0x0841, 0x0861, 0x0861, 0x0861, 0x0861, 0x0841,
  0x0861, 0x1061, 0x0841, 0x0861, 0x1082, 0x1061, 0x1061, 0x0841, 0x0841, 0x0861, 0x0841, 0x0841,
  0x0840, 0x0861, 0x0841, 0x0861, 0x0840, 0x0841, 0x0841, 0x1061, 0x1061, 0x0841, 0x0840, 0x0841,
  0x0841, 0x0840, 0x0841, 0x0841, 0x0840, 0x0841, 0x0841, 0x0841, 0x0840, 0x0841, 0x0841, 0x0841,
  0x0861, 0x0840, 0x0840, 0x0861, 0x0840, 0x0841, 0x0840, 0x0841, 0x0840, 0x0840, 0x0861, 0x0841,
  0x0841, 0x0861, 0x0840, 0x1061, 0x0841, 0x0840, 0x0840, 0x0840, 0x0840, 0x0840, 0x0820, 0x0840,
  0x0840, 0x0840, 0x0840, 0x0840, 0x0840, 0x0840, 0x0820, 0x0820, 0x0861, 0x1061, 0x1061, 0x1061,
  0x0840, 0x0020, 0x0840, 0x0840, 0x0820, 0x31A6, 0x4207, 0x41E6, 0x2123, 0x31A5, 0x39E6, 0x39C5,
  0x39C5, 0x39C5, 0x39C5, 0x39C5, 0x39C5, 0x39C5, 0x39A5, 0x39A5, 0x41C5, 0x41E5, 0x39A5, 0x20E2,
  0x2964, 0x2102, 0x18E2, 0x18E2, 0x18C2, 0x1081, 0x18E2, 0x18E2, 0x18E2, 0x18C1, 0x18A1, 0x1061,
  0x0800, 0x0020, 0x0020, 0x0820, 0x0820, 0x0820, 0x0820, 0x0820, 0x0820, 0x0820, 0x0820, 0x0820,
  0x0820, 0x0820, 0x0820, 0x0820, 0x0820, 0x0020, 0x0820, 0x0840, 0x0000, 0x2944, 0x4A47, 0x4A27,
  0x4227, 0x4207, 0x4207, 0x4206, 0x41E6, 0x41E6, 0x4A27, 0x4A48, 0x5248, 0x4A48, 0x5268, 0x5268,
  0x5269, 0x5289, 0x5288, 0x52A9, 0x52A9, 0x5289, 0x52A9, 0x52AA, 0x52AA, 0x52AA, 0x52AA, 0x52AA,
  0x52AA, 0x528A, 0x52AA, 0x4228, 0x0020, 0x0000, 0x0020, 0x0000, 0x0000, 0x0000, 0x0000, 0x0000,
  0x0000, 0x0020, 0x0000, 0x0000, 0x0000, 0x0000, 0x0000, 0x0000, 0x0000, 0x0000, 0x0000, 0x0000,
  0x0020, 0x0000, 0x0000, 0x0000, 0x0000, 0x0000, 0x0000, 0x0020, 0x0000, 0x0000, 0x0000, 0x10A2,
  0x18C3, 0x0000, 0x0000, 0x0000, 0x0000, 0x0000, 0x10A2, 0x10A2, 0x0000, 0x0000, 0x0000, 0x0020,
  0x0000, 0x0000, 0x0000, 0x0000, 0x0000, 0x0000, 0x0000, 0x0000, 0x0000, 0x0000, 0x0000, 0x0000,
  0x0000, 0x0000, 0x0000, 0x0000, 0x0020, 0x0841, 0x0000, 0x0000, 0x0000, 0x0000, 0x0000, 0x0000,
  0x0000, 0x0000, 0x0000, 0x0000, 0x0000, 0x0000, 0x0000, 0x0000, 0x0000, 0x0000, 0x0000, 0x0000,
  0x0000, 0x0000, 0x0000, 0x0000, 0x0020, 0x0000, 0x0000, 0x0020, 0x0000, 0x0020, 0x0000, 0x0000,
  0x0000, 0x0000, 0x0000, 0x0000, 0x0000, 0x0000, 0x0000, 0x0000, 0x0000, 0x0000, 0x0000, 0x0000,
  0x0000, 0x0000, 0x0000, 0x0000, 0x0000, 0x0000, 0x0000, 0x0000, 0x0000, 0x0000, 0x0000, 0x0000,
  0x0820, 0x0840, 0x0020, 0x0020, 0x0840, 0x0820, 0x0020, 0x0840, 0x0820, 0x0840, 0x0841, 0x0861,
  0x0861, 0x0841, 0x0861, 0x0861, 0x0840, 0x0861, 0x0840, 0x0841, 0x0861, 0x0841, 0x0861, 0x0861,
  0x0861, 0x0861, 0x0861, 0x0861, 0x0841, 0x0841, 0x0841, 0x0840, 0x0840, 0x0840, 0x0840, 0x0861,
  0x0841, 0x0861, 0x0841, 0x0841, 0x0841, 0x0841, 0x0840, 0x0861, 0x1061, 0x0861, 0x0841, 0x0841,
  0x0840, 0x0820, 0x0820, 0x0820, 0x0841, 0x0841, 0x0820, 0x0820, 0x0820, 0x0820, 0x0020, 0x0840,
  0x0820, 0x0820, 0x0840, 0x0020, 0x0020, 0x0020, 0x0020, 0x0020, 0x0820, 0x0020, 0x0840, 0x0020,
  0x0020, 0x0840, 0x0841, 0x0820, 0x0820, 0x0840, 0x0840, 0x0840, 0x0020, 0x0820, 0x0820, 0x0820,
  0x0840, 0x0820, 0x0840, 0x0840, 0x0820, 0x0820, 0x0840, 0x0820, 0x0840, 0x0840, 0x0840, 0x0841,
  0x0840, 0x0840, 0x0840, 0x0820, 0x0820, 0x0820, 0x0840, 0x0020, 0x0020, 0x0820, 0x0020, 0x0840,
  0x0841, 0x0820, 0x0020, 0x0820, 0x0820, 0x0820, 0x0820, 0x0840, 0x0820, 0x0820, 0x0840, 0x0861,
  0x0020, 0x2924, 0x4207, 0x41E6, 0x2944, 0x2964, 0x39E6, 0x39C5, 0x39C5, 0x39C5, 0x39C5, 0x39C5,
  0x39C5, 0x39C5, 0x39C5, 0x39A4, 0x41C5, 0x39C5, 0x39E6, 0x2123, 0x2943, 0x2123, 0x18E2, 0x18C2,
  0x18C2, 0x1081, 0x18C2, 0x18E2, 0x18E2, 0x18C2, 0x18A1, 0x1081, 0x0820, 0x0820, 0x0820, 0x0820,
  0x0820, 0x0020, 0x0820, 0x0820, 0x0820, 0x0820, 0x0820, 0x0820, 0x0820, 0x0820, 0x0820, 0x0820,
  0x0820, 0x0020, 0x0820, 0x0840, 0x0000, 0x2103, 0x4A47, 0x4A27, 0x4207, 0x4207, 0x4207, 0x41E6,
  0x39E6, 0x41E6, 0x4A07, 0x4A48, 0x4A48, 0x5248, 0x4A48, 0x5268, 0x5269, 0x5269, 0x5288, 0x5289,
  0x52A9, 0x5289, 0x5289, 0x52AA, 0x52AA, 0x52AA, 0x52AA, 0x52AA, 0x52AA, 0x52AA, 0x528A, 0x52AA,
  0x18C3, 0x0000, 0x0020, 0x0000, 0x0000, 0x0000, 0x0000, 0x0000, 0x0000, 0x0000, 0x0000, 0x0000,
  0x0000, 0x0000, 0x0000, 0x0000, 0x0000, 0x0000, 0x0000, 0x0000, 0x0000, 0x0000, 0x0000, 0x0000,
  0x0000, 0x0000, 0x0000, 0x0000, 0x0020, 0x1082, 0x0000, 0x0861, 0x0020, 0x0000, 0x0000, 0x0000,
  0x0000, 0x0000, 0x0000, 0x0000, 0x0000, 0x0000, 0x0000, 0x0000, 0x0000, 0x0000, 0x0020, 0x0020,
  0x0000, 0x0000, 0x0000, 0x0000, 0x0000, 0x0000, 0x0000, 0x0000, 0x0000, 0x0000, 0x0000, 0x0000,
  0x0000, 0x0000, 0x0000, 0x0000, 0x0000, 0x0000, 0x0000, 0x0000, 0x0000, 0x0000, 0x0020, 0x0020,
  0x0000, 0x0000, 0x0000, 0x0000, 0x0000, 0x0000, 0x0000, 0x0000, 0x0000, 0x0000, 0x0000, 0x0000,
  0x0020, 0x0020, 0x0020, 0x0000, 0x0000, 0x0020, 0x0020, 0x0000, 0x0000, 0x0020, 0x0000, 0x0000,
  0x0000, 0x0000, 0x0000, 0x0000, 0x0000, 0x0000, 0x0000, 0x0000, 0x0000, 0x0000, 0x0000, 0x0000,
  0x0000, 0x0000, 0x0000, 0x0000, 0x0000, 0x0000, 0x0000, 0x0020, 0x0840, 0x0840, 0x0840, 0x0840,
  0x0840, 0x0840, 0x0841, 0x0840, 0x0840, 0x0840, 0x0840, 0x0840, 0x0820, 0x0840, 0x0820, 0x0840,
  0x0840, 0x0840, 0x0820, 0x0820, 0x0840, 0x0841, 0x0861, 0x0861, 0x0861, 0x0841, 0x0841, 0x0841,
  0x0841, 0x0840, 0x0020, 0x0020, 0x0020, 0x0820, 0x0820, 0x0820, 0x0840, 0x0841, 0x0840, 0x0841,
  0x0840, 0x0841, 0x0840, 0x0841, 0x1061, 0x0820, 0x0861, 0x0861, 0x0820, 0x0820, 0x0820, 0x0020,
  0x0841, 0x0840, 0x0020, 0x0820, 0x0820, 0x0820, 0x0820, 0x0820, 0x0020, 0x0820, 0x0840, 0x0820,
  0x0020, 0x0020, 0x0020, 0x0020, 0x0820, 0x0820, 0x0840, 0x0020, 0x0820, 0x0840, 0x0861, 0x0820,
  0x0820, 0x0841, 0x0840, 0x0841, 0x0820, 0x0820, 0x0820, 0x0840, 0x0840, 0x0820, 0x0840, 0x0840,
  0x0840, 0x0840, 0x0820, 0x0820, 0x0840, 0x0820, 0x0840, 0x0840, 0x0841, 0x0820, 0x0840, 0x0820,
  0x0820, 0x0820, 0x0840, 0x0020, 0x0820, 0x0840, 0x0820, 0x0840, 0x0841, 0x0820, 0x0020, 0x0820,
  0x0820, 0x0020, 0x0020, 0x0020, 0x0020, 0x0820, 0x0840, 0x0840, 0x0020, 0x18A2, 0x4207, 0x39E6,
  0x31A5, 0x2123, 0x39E6, 0x39A5, 0x39A5, 0x39C5, 0x39C5, 0x39C5, 0x39C5, 0x39C5, 0x39C5, 0x39A5,
  0x39C5, 0x41E5, 0x39E6, 0x2964, 0x1902, 0x2143, 0x18C2, 0x18E2, 0x18E2, 0x18C2, 0x18C2, 0x18E2,
  0x18C2, 0x18C1, 0x18C1, 0x1081, 0x0820, 0x0820, 0x0840, 0x0820, 0x0820, 0x0020, 0x0820, 0x0820,
  0x0820, 0x0820, 0x0820, 0x0820, 0x0820, 0x0820, 0x0820, 0x0820, 0x0820, 0x0020, 0x0820, 0x0840,
  0x0000, 0x18C2, 0x4A27, 0x4206, 0x4A27, 0x4A27, 0x4A27, 0x4A27, 0x4207, 0x4A47, 0x4A48, 0x4A48,
  0x5268, 0x5268, 0x5268, 0x5269, 0x5269, 0x5268, 0x5289, 0x5289, 0x52AA, 0x5289, 0x52AA, 0x52AA,
  0x52AA, 0x52AA, 0x52AA, 0x52AA, 0x52AA, 0x52AA, 0x528A, 0x52AA, 0x31A6, 0x0000, 0x0841, 0x0020,
  0x0000, 0x0000, 0x0000, 0x0000, 0x0000, 0x0000, 0x0000, 0x0020, 0x0020, 0x0000, 0x0000, 0x0000,
  0x0000, 0x0000, 0x0000, 0x0000, 0x0000, 0x0000, 0x0000, 0x0000, 0x0000, 0x0020, 0x0841, 0x0841,
  0x0000, 0x0841, 0x0000, 0x0000, 0x0000, 0x0000, 0x0000, 0x0000, 0x0000, 0x0000, 0x0000, 0x0000,
  0x0000, 0x0000, 0x0000, 0x0000, 0x0000, 0x0020, 0x10A2, 0x0841, 0x0000, 0x0020, 0x0000, 0x0000,
  0x0000, 0x0000, 0x0000, 0x0000, 0x0000, 0x0000, 0x0000, 0x0000, 0x0000, 0x0000, 0x0000, 0x0000,
  0x0020, 0x0000, 0x0000, 0x0000, 0x0000, 0x0000, 0x0020, 0x0020, 0x0000, 0x0020, 0x0000, 0x0020,
  0x0000, 0x0020, 0x0000, 0x0020, 0x0000, 0x0000, 0x0000, 0x0000, 0x0000, 0x0020, 0x0020, 0x0000,
  0x0000, 0x18C3, 0x18C3, 0x0000, 0x0000, 0x0000, 0x0000, 0x0000, 0x0020, 0x0020, 0x0000, 0x0000,
  0x0000, 0x0000, 0x0000, 0x0000, 0x0000, 0x0000, 0x0000, 0x0000, 0x0000, 0x0000, 0x0000, 0x0000,
  0x0000, 0x0000, 0x0020, 0x0840, 0x0840, 0x0841, 0x0840, 0x0820, 0x0820, 0x0820, 0x0820, 0x0820,
  0x0820, 0x0820, 0x0820, 0x0840, 0x0840, 0x0820, 0x0840, 0x0820, 0x0840, 0x0841, 0x0840, 0x0820,
  0x0840, 0x0861, 0x0861, 0x0861, 0x0861, 0x0840, 0x0841, 0x0841, 0x0841, 0x0840, 0x0840, 0x0840,
  0x0820, 0x0840, 0x0840, 0x0840, 0x0840, 0x0840, 0x0840, 0x0840, 0x0840, 0x0840, 0x0840, 0x0861,
  0x1061, 0x0840, 0x0861, 0x0841, 0x0820, 0x0820, 0x0020, 0x0841, 0x1081, 0x0861, 0x0020, 0x0820,
  0x0840, 0x0840, 0x0841, 0x0841, 0x0841, 0x0840, 0x0820, 0x0820, 0x0840, 0x0841, 0x0841, 0x0861,
  0x0020, 0x0840, 0x0861, 0x0861, 0x0820, 0x0841, 0x0840, 0x0841, 0x0820, 0x0861, 0x0841, 0x0840,
  0x0820, 0x0820, 0x0820, 0x0840, 0x0840, 0x0820, 0x0840, 0x0840, 0x0820, 0x0840, 0x0841, 0x0820,
  0x0840, 0x0840, 0x0840, 0x0840, 0x1081, 0x1082, 0x0820, 0x0820, 0x0820, 0x0820, 0x0820, 0x0820,
  0x0820, 0x0820, 0x0820, 0x0840, 0x0841, 0x0820, 0x0020, 0x0820, 0x0020, 0x0020, 0x0020, 0x0820,
  0x0820, 0x0840, 0x0841, 0x0840, 0x0840, 0x0840, 0x39A6, 0x39E6, 0x39E6, 0x2103, 0x31A5, 0x39C5,
  0x39A5, 0x39C5, 0x39C5, 0x39C5, 0x39C5, 0x39C5, 0x39C5, 0x39A5, 0x39A4, 0x41E5, 0x39C5, 0x39A5,
  0x2103, 0x2123, 0x2102, 0x18E2, 0x18E2, 0x18C2, 0x18C2, 0x18C2, 0x18C1, 0x18C1, 0x18A1, 0x1081,
  0x0000, 0x0820, 0x0820, 0x0820, 0x0820, 0x0020, 0x0020, 0x0820, 0x0820, 0x0820, 0x0020, 0x0020,
  0x0020, 0x0020, 0x0020, 0x0820, 0x0820, 0x0020, 0x0020, 0x0020, 0x0000, 0x1081, 0x4207, 0x4206,
  0x4A27, 0x4A27, 0x41E6, 0x4207, 0x4A27, 0x4A48, 0x4A48, 0x4A68, 0x5289, 0x5289, 0x5289, 0x5289,
  0x5289, 0x5289, 0x5289, 0x5289, 0x52AA, 0x52AA, 0x52AA, 0x52AA, 0x52AA, 0x52AA, 0x52AA, 0x52AA,
  0x52AA, 0x52AA, 0x52AA, 0x528A, 0x4A69, 0x0861, 0x0020, 0x0020, 0x0000, 0x0000, 0x0000, 0x0000,
  0x0000, 0x0000, 0x0000, 0x0000, 0x0000, 0x0000, 0x0000, 0x0000, 0x0000, 0x0000, 0x0000, 0x0000,
  0x0000, 0x0000, 0x0000, 0x0000, 0x0000, 0x0020, 0x0841, 0x0841, 0x0000, 0x0000, 0x0000, 0x0000,
  0x0000, 0x0000, 0x0000, 0x1082, 0x0841, 0x0841, 0x0841, 0x0000, 0x0000, 0x0000, 0x0000, 0x0000,
  0x0000, 0x0841, 0x0000, 0x0000, 0x0841, 0x0841, 0x0000, 0x0000, 0x0000, 0x0020, 0x0000, 0x0000,
  0x0000, 0x0000, 0x0000, 0x0000, 0x0000, 0x0000, 0x0000, 0x0000, 0x0020, 0x0000, 0x0000, 0x0000,
  0x0000, 0x0000, 0x0000, 0x0841, 0x0000, 0x0000, 0x0000, 0x0841, 0x0000, 0x0020, 0x0000, 0x0020,
  0x0020, 0x0000, 0x0000, 0x0000, 0x0000, 0x0000, 0x0000, 0x0000, 0x0020, 0x0020, 0x0000, 0x0000,
  0x0000, 0x0000, 0x0000, 0x0000, 0x0020, 0x0000, 0x0000, 0x0000, 0x0000, 0x0000, 0x0000, 0x0000,
  0x0000, 0x0000, 0x0000, 0x0841, 0x0861, 0x0000, 0x0000, 0x0000, 0x0000, 0x0000, 0x0020, 0x0840,
  0x0840, 0x0840, 0x0840, 0x0820, 0x0840, 0x0840, 0x0820, 0x0840, 0x0820, 0x0820, 0x0840, 0x0820,
  0x0840, 0x0840, 0x0820, 0x0840, 0x0840, 0x0841, 0x0841, 0x0820, 0x0840, 0x1061, 0x0861, 0x0861,
  0x0861, 0x0840, 0x0841, 0x0841, 0x0841, 0x0840, 0x0820, 0x0820, 0x0840, 0x0840, 0x0861, 0x0841,
  0x0840, 0x0840, 0x0840, 0x0840, 0x0840, 0x0840, 0x0861, 0x10A2, 0x0840, 0x0840, 0x0841, 0x0840,
  0x0840, 0x0820, 0x0820, 0x0840, 0x0861, 0x0840, 0x0020, 0x0820, 0x0820, 0x0820, 0x0820, 0x0820,
  0x0820, 0x0840, 0x0840, 0x0820, 0x0820, 0x0820, 0x0020, 0x0840, 0x0840, 0x0020, 0x0820, 0x0820,
  0x0820, 0x0841, 0x0840, 0x0840, 0x0840, 0x0840, 0x0840, 0x0840, 0x0820, 0x0820, 0x0820, 0x0820,
  0x0840, 0x0820, 0x0840, 0x0840, 0x0820, 0x0840, 0x0840, 0x0840, 0x0840, 0x0840, 0x0840, 0x0861,
  0x1061, 0x0820, 0x0840, 0x0820, 0x0820, 0x0820, 0x0820, 0x0820, 0x0820, 0x0820, 0x0820, 0x0840,
  0x0841, 0x0820, 0x0020, 0x0820, 0x0020, 0x0841, 0x0820, 0x0820, 0x0820, 0x0820, 0x0841, 0x0840,
  0x0840, 0x0820, 0x2924, 0x4207, 0x39E6, 0x2964, 0x2964, 0x39C5, 0x31A5, 0x31A5, 0x39C5, 0x39C5,
  0x39C5, 0x39C5, 0x39C5, 0x39C5, 0x3184, 0x39C5, 0x41E5, 0x39C6, 0x2944, 0x10C2, 0x2103, 0x18E2,
  0x18E2, 0x18E2, 0x18E2, 0x18C2, 0x18C1, 0x18C2, 0x18C2, 0x0841, 0x0000, 0x0820, 0x0820, 0x0820,
  0x0820, 0x0020, 0x0000, 0x0000, 0x0020, 0x0000, 0x0020, 0x0020, 0x0020, 0x0020, 0x0020, 0x0020,
  0x0020, 0x0020, 0x0020, 0x0820, 0x0020, 0x1061, 0x4A27, 0x4A27, 0x4A27, 0x4206, 0x41E6, 0x39C6,
  0x39C6, 0x41E6, 0x4207, 0x4207, 0x4A68, 0x5269, 0x4A48, 0x5269, 0x5289, 0x52AA, 0x52AA, 0x52AA,
  0x528A, 0x52AA, 0x52AA, 0x52AA, 0x52AA, 0x52AA, 0x52AA, 0x52AA, 0x52AA, 0x52AA, 0x52AA, 0x528A,
  0x52AA, 0x2124, 0x0000, 0x0000, 0x0000, 0x0000, 0x0000, 0x0000, 0x0000, 0x0000, 0x0000, 0x0000,
  0x0000, 0x0000, 0x0000, 0x0000, 0x0000, 0x0000, 0x0000, 0x0000, 0x0000, 0x0020, 0x0020, 0x0000,
  0x0000, 0x0000, 0x0000, 0x0000, 0x0020, 0x0020, 0x0000, 0x0000, 0x0000, 0x0000, 0x0000, 0x0020,
  0x0020, 0x0020, 0x0861, 0x0000, 0x0000, 0x0000, 0x0000, 0x0000, 0x0000, 0x0000, 0x0000, 0x0000,
  0x0000, 0x0000, 0x0000, 0x0000, 0x0000, 0x0020, 0x0000, 0x0000, 0x0000, 0x0000, 0x0000, 0x0000,
  0x0000, 0x0000, 0x0000, 0x0020, 0x0000, 0x0000, 0x0020, 0x0000, 0x0020, 0x0841, 0x0000, 0x0000,
  0x0000, 0x0000, 0x0000, 0x0000, 0x0000, 0x0000, 0x0000, 0x0000, 0x0000, 0x0000, 0x0000, 0x0020,
  0x0000, 0x0000, 0x1082, 0x0841, 0x0841, 0x0020, 0x0000, 0x0000, 0x0000, 0x0000, 0x0000, 0x0000,
  0x0000, 0x0000, 0x0000, 0x0000, 0x0000, 0x0000, 0x0000, 0x0000, 0x0000, 0x0000, 0x0000, 0x0020,
  0x0020, 0x0000, 0x0000, 0x0000, 0x0000, 0x0000, 0x0020, 0x0840, 0x0820, 0x0840, 0x0820, 0x0820,
  0x0841, 0x0840, 0x0820, 0x0840, 0x0820, 0x0820, 0x0820, 0x0840, 0x0840, 0x0840, 0x0840, 0x0840,
  0x0820, 0x0841, 0x0861, 0x0820, 0x0841, 0x0861, 0x0861, 0x0861, 0x0841, 0x0841, 0x0841, 0x0841,
  0x0840, 0x0840, 0x0840, 0x0841, 0x0840, 0x0840, 0x0840, 0x0820, 0x0841, 0x0840, 0x0840, 0x0840,
  0x0840, 0x0840, 0x0861, 0x1061, 0x0841, 0x0840, 0x0020, 0x0840, 0x0820, 0x0820, 0x0820, 0x0840,
  0x0861, 0x0820, 0x0020, 0x0820, 0x0840, 0x0820, 0x0820, 0x0820, 0x0820, 0x0820, 0x0820, 0x0020,
  0x0020, 0x0820, 0x0820, 0x0000, 0x0020, 0x0020, 0x0820, 0x0820, 0x0820, 0x0841, 0x0820, 0x0820,
  0x0820, 0x0840, 0x0840, 0x0840, 0x0820, 0x0820, 0x0820, 0x0840, 0x0820, 0x0820, 0x0840, 0x0840,
  0x0820, 0x0820, 0x0840, 0x0820, 0x0840, 0x0840, 0x0820, 0x1061, 0x1061, 0x0820, 0x0820, 0x0820,
  0x0820, 0x0820, 0x0840, 0x0820, 0x0820, 0x0820, 0x0820, 0x0840, 0x0840, 0x0820, 0x0861, 0x0820,
  0x0020, 0x0841, 0x0820, 0x0020, 0x0020, 0x0820, 0x0840, 0x0820, 0x0820, 0x0820, 0x1082, 0x39E6,
  0x39E6, 0x39C6, 0x2103, 0x31A5, 0x31A5, 0x31A5, 0x39C5, 0x39C5, 0x39C5, 0x39C5, 0x39C5, 0x39A5,
  0x31A4, 0x3184, 0x39C5, 0x39E6, 0x3185, 0x18E3, 0x10A2, 0x18E2, 0x18E2, 0x18E2, 0x18E2, 0x18E2,
  0x18C2, 0x18C2, 0x1081, 0x0020, 0x0020, 0x0820, 0x0820, 0x0820, 0x0820, 0x0020, 0x0000, 0x0000,
  0x0000, 0x0000, 0x0020, 0x0020, 0x0020, 0x0020, 0x0020, 0x0020, 0x0020, 0x0020, 0x0020, 0x0820,
  0x0020, 0x1061, 0x4A27, 0x4A27, 0x4A27, 0x4A27, 0x41E6, 0x39E6, 0x41E6, 0x41E6, 0x41E6, 0x4227,
  0x4A48, 0x5289, 0x4A27, 0x4A48, 0x5268, 0x528A, 0x52AA, 0x52AA, 0x5289, 0x5289, 0x5289, 0x52AA,
  0x52AA, 0x52AA, 0x52AA, 0x52AA, 0x52AA, 0x52AA, 0x52AA, 0x528A, 0x52AA, 0x39E7, 0x0000, 0x0000,
  0x0000, 0x0020, 0x0000, 0x0000, 0x0000, 0x0020, 0x0000, 0x0000, 0x0000, 0x0020, 0x0000, 0x0000,
  0x0000, 0x0000, 0x0000, 0x0000, 0x0000, 0x0000, 0x0000, 0x0000, 0x0000, 0x0000, 0x0000, 0x0000,
  0x0000, 0x0000, 0x0000, 0x0000, 0x0000, 0x0000, 0x0000, 0x0000, 0x0000, 0x0000, 0x0000, 0x0841,
  0x0020, 0x0861, 0x0000, 0x0000, 0x0000, 0x0000, 0x0000, 0x0000, 0x0000, 0x0000, 0x0000, 0x0000,
  0x0000, 0x0000, 0x0000, 0x0000, 0x0000, 0x0000, 0x0000, 0x0000, 0x0000, 0x0000, 0x0000, 0x0000,
  0x0000, 0x0000, 0x0000, 0x0020, 0x0020, 0x0000, 0x0000, 0x0000, 0x0000, 0x0000, 0x0000, 0x0000,
  0x0000, 0x0000, 0x0000, 0x0000, 0x0020, 0x0020, 0x0000, 0x0000, 0x0000, 0x0000, 0x0861, 0x0020,
  0x0020, 0x0000, 0x0000, 0x0000, 0x0000, 0x0000, 0x0000, 0x0000, 0x0000, 0x0000, 0x0000, 0x0000,
  0x0000, 0x0000, 0x0000, 0x0000, 0x0000, 0x0000, 0x0000, 0x0000, 0x0000, 0x0000, 0x0000, 0x0000,
  0x0000, 0x0000, 0x0820, 0x0840, 0x0840, 0x0841, 0x0840, 0x0820, 0x0820, 0x0820, 0x0840, 0x0840,
  0x0840, 0x0840, 0x0840, 0x0840, 0x0840, 0x0820, 0x0841, 0x0841, 0x0840, 0x0840, 0x0840, 0x0840,
  0x0841, 0x0861, 0x1061, 0x0861, 0x0841, 0x0841, 0x0841, 0x0841, 0x0841, 0x0840, 0x0840, 0x0840,
  0x0840, 0x0840, 0x0840, 0x0840, 0x0841, 0x0840, 0x0840, 0x0820, 0x0840, 0x0820, 0x1081, 0x1081,
  0x0840, 0x1061, 0x1081, 0x1061, 0x1082, 0x0841, 0x0840, 0x0861, 0x0841, 0x0820, 0x0820, 0x0820,
  0x0820, 0x0840, 0x0840, 0x0820, 0x0820, 0x0841, 0x0840, 0x0020, 0x0841, 0x0840, 0x0840, 0x0841,
  0x0820, 0x0820, 0x0841, 0x0820, 0x0840, 0x1061, 0x0820, 0x0840, 0x0841, 0x0840, 0x0841, 0x0840,
  0x0820, 0x0840, 0x0820, 0x0840, 0x0820, 0x0820, 0x0861, 0x0840, 0x0840, 0x0841, 0x0840, 0x0841,
  0x0840, 0x0840, 0x0840, 0x1081, 0x1081, 0x0841, 0x0840, 0x0820, 0x0820, 0x0820, 0x0820, 0x0820,
  0x0841, 0x0841, 0x0820, 0x0840, 0x0861, 0x0820, 0x0841, 0x0820, 0x0820, 0x0861, 0x0820, 0x0840,
  0x0840, 0x0820, 0x0840, 0x0820, 0x0840, 0x0840, 0x0820, 0x3185, 0x39E6, 0x39E6, 0x2123, 0x2964,
  0x39C5, 0x31A5, 0x31A5, 0x39A5, 0x39C5, 0x39A5, 0x39A5, 0x39A4, 0x39C5, 0x3184, 0x39A5, 0x39C5,
  0x31A5, 0x2944, 0x10A2, 0x0861, 0x10A2, 0x18C2, 0x18C2, 0x18C2, 0x10A2, 0x1081, 0x0820, 0x0000,
  0x0000, 0x0020, 0x0820, 0x0820, 0x0020, 0x0000, 0x0000, 0x0000, 0x0000, 0x0000, 0x0020, 0x0020,
  0x0020, 0x0020, 0x0020, 0x0020, 0x0020, 0x0020, 0x0820, 0x0820, 0x0020, 0x1081, 0x4A27, 0x4A27,
  0x4A27, 0x4A27, 0x4207, 0x39C6, 0x41E6, 0x41E6, 0x41E6, 0x4206, 0x4A27, 0x5289, 0x4A48, 0x5248,
  0x5268, 0x5289, 0x52AA, 0x52AA, 0x5289, 0x5289, 0x5289, 0x52AA, 0x52AA, 0x528A, 0x52AA, 0x52AA,
  0x52AA, 0x52AA, 0x52AA, 0x52AA, 0x528A, 0x4A89, 0x1081, 0x0000, 0x0000, 0x0841, 0x0000, 0x0020,
  0x0000, 0x0000, 0x0000, 0x0000, 0x0000, 0x0000, 0x0000, 0x0000, 0x0000, 0x0000, 0x0000, 0x0000,
  0x0000, 0x0000, 0x0000, 0x0020, 0x0000, 0x0000, 0x0000, 0x0000, 0x0000, 0x0000, 0x0000, 0x0000,
  0x0000, 0x0000, 0x0841, 0x0020, 0x0000, 0x0000, 0x0020, 0x0020, 0x0861, 0x2945, 0x0000, 0x0000,
  0x0000, 0x0000, 0x0020, 0x0000, 0x0000, 0x0000, 0x0000, 0x0000, 0x0000, 0x0000, 0x0000, 0x0020,
  0x0000, 0x0000, 0x0000, 0x0000, 0x0000, 0x0000, 0x0000, 0x0000, 0x0000, 0x0000, 0x0000, 0x0000,
  0x0000, 0x0000, 0x0000, 0x0000, 0x0000, 0x0000, 0x0000, 0x0000, 0x0000, 0x0000, 0x0000, 0x0000,
  0x0000, 0x0020, 0x0000, 0x0000, 0x0000, 0x0000, 0x0000, 0x0000, 0x0000, 0x0000, 0x0000, 0x0000,
  0x0000, 0x0000, 0x0000, 0x0000, 0x0000, 0x0000, 0x0000, 0x0000, 0x0000, 0x0000, 0x0000, 0x0000,
  0x0000, 0x0000, 0x0000, 0x0000, 0x0000, 0x0000, 0x0000, 0x0000, 0x0000, 0x0020, 0x0840, 0x0840,
  0x0841, 0x0840, 0x0840, 0x0840, 0x0820, 0x0840, 0x0841, 0x0820, 0x0840, 0x0820, 0x0820, 0x0840,
  0x0840, 0x0840, 0x0840, 0x0840, 0x0840, 0x0840, 0x0840, 0x0840, 0x0861, 0x0861, 0x0861, 0x0861,
  0x0841, 0x0841, 0x0841, 0x0841, 0x0840, 0x0840, 0x0840, 0x0840, 0x0840, 0x0840, 0x0820, 0x0840,
  0x0841, 0x0840, 0x0840, 0x0840, 0x0841, 0x0840, 0x0861, 0x0861, 0x0841, 0x0841, 0x0820, 0x0840,
  0x0840, 0x0820, 0x0820, 0x0841, 0x0841, 0x0820, 0x0820, 0x0820, 0x0840, 0x0840, 0x0820, 0x0820,
  0x0820, 0x0841, 0x0840, 0x0820, 0x0820, 0x0820, 0x0861, 0x0840, 0x0841, 0x0861, 0x0820, 0x0840,
  0x0840, 0x0841, 0x0841, 0x0861, 0x0861, 0x0841, 0x0861, 0x0841, 0x0840, 0x0841, 0x0820, 0x0840,
  0x0820, 0x0820, 0x0861, 0x0820, 0x0820, 0x0840, 0x0841, 0x0841, 0x1061, 0x0841, 0x0841, 0x0841,
  0x1082, 0x1081, 0x0841, 0x0820, 0x0820, 0x0820, 0x0820, 0x0820, 0x0861, 0x0861, 0x0820, 0x0840,
  0x0841, 0x0820, 0x0820, 0x0840, 0x0840, 0x0841, 0x0820, 0x0841, 0x0841, 0x0820, 0x0841, 0x0820,
  0x0820, 0x0820, 0x0020, 0x18A2, 0x39E6, 0x39C6, 0x39C6, 0x2103, 0x39C6, 0x31A5, 0x31A5, 0x39A5,
  0x39A5, 0x39C5, 0x31A5, 0x39A5, 0x39A5, 0x39C5, 0x39A5, 0x3184, 0x31A5, 0x31A5, 0x2103, 0x0841,
  0x0841, 0x0861, 0x0881, 0x0861, 0x0841, 0x0020, 0x0020, 0x0020, 0x0020, 0x0820, 0x0820, 0x0820,
  0x0820, 0x0820, 0x0820, 0x0820, 0x0000, 0x0020, 0x0020, 0x0020, 0x0020, 0x0020, 0x0020, 0x0020,
  0x0020, 0x0020, 0x0820, 0x0820, 0x0020, 0x18A2, 0x4A47, 0x4A27, 0x4A27, 0x4A27, 0x4207, 0x39E6,
  0x39C6, 0x41E6, 0x41E6, 0x4207, 0x4227, 0x5289, 0x5268, 0x4A48, 0x5268, 0x5269, 0x52AA, 0x52AA,
  0x5289, 0x5289, 0x5289, 0x52AA, 0x52AA, 0x52AA, 0x52AA, 0x52AA, 0x52AA, 0x52AA, 0x52AA, 0x52AA,
  0x528A, 0x52AA, 0x2924, 0x0020, 0x0861, 0x0000, 0x0000, 0x0020, 0x0000, 0x0000, 0x0000, 0x0000,
  0x0000, 0x0000, 0x0000, 0x0000, 0x0020, 0x0841, 0x0000, 0x0000, 0x0000, 0x0000, 0x0000, 0x0861,
  0x0841, 0x0000, 0x0000, 0x0000, 0x0000, 0x0000, 0x0000, 0x0000, 0x0000, 0x0000, 0x0841, 0x0020,
  0x0000, 0x0000, 0x0000, 0x0000, 0x0000, 0x0000, 0x0000, 0x0000, 0x0020, 0x0000, 0x0000, 0x0000,
  0x0000, 0x0020, 0x0000, 0x0000, 0x0020, 0x0841, 0x0000, 0x0020, 0x0000, 0x0000, 0x0000, 0x0000,
  0x0000, 0x0000, 0x0000, 0x0000, 0x0000, 0x0000, 0x0020, 0x0000, 0x0020, 0x0000, 0x0000, 0x0000,
  0x0000, 0x0000, 0x0000, 0x0000, 0x0000, 0x0000, 0x0000, 0x0000, 0x0000, 0x0861, 0x0841, 0x0020,
  0x0000, 0x0000, 0x0000, 0x0000, 0x0000, 0x0000, 0x0000, 0x0000, 0x0000, 0x0000, 0x0000, 0x0000,
  0x0000, 0x0000, 0x0000, 0x0000, 0x0000, 0x0000, 0x0000, 0x0000, 0x0000, 0x0000, 0x0000, 0x0020,
  0x0000, 0x0000, 0x0000, 0x0000, 0x0000, 0x0020, 0x0841, 0x0840, 0x0841, 0x0840, 0x0020, 0x0841,
  0x0820, 0x0820, 0x0841, 0x0840, 0x0840, 0x0020, 0x0840, 0x0840, 0x0841, 0x0840, 0x0820, 0x0840,
  0x0840, 0x1081, 0x0861, 0x0840, 0x0861, 0x0861, 0x0861, 0x0861, 0x0841, 0x0841, 0x0841, 0x0841,
  0x0841, 0x0840, 0x0840, 0x0840, 0x0840, 0x0840, 0x0020, 0x0840, 0x0840, 0x0841, 0x0861, 0x0840,
  0x0841, 0x0841, 0x1061, 0x0861, 0x0841, 0x0840, 0x0820, 0x0840, 0x0820, 0x0820, 0x0820, 0x0841,
  0x0841, 0x0020, 0x0020, 0x0820, 0x0840, 0x0820, 0x0840, 0x0820, 0x0820, 0x0841, 0x0841, 0x0861,
  0x0820, 0x0820, 0x0840, 0x0820, 0x0840, 0x0840, 0x0820, 0x0020, 0x0840, 0x0841, 0x0840, 0x0820,
  0x0840, 0x0820, 0x0820, 0x0820, 0x0820, 0x0820, 0x0820, 0x0820, 0x0820, 0x0820, 0x0820, 0x0820,
  0x0820, 0x0820, 0x0820, 0x0820, 0x0841, 0x0840, 0x0841, 0x0840, 0x0840, 0x0840, 0x0840, 0x0820,
  0x0820, 0x0820, 0x0820, 0x0820, 0x0820, 0x0820, 0x0820, 0x0840, 0x0840, 0x0820, 0x0820, 0x0820,
  0x0820, 0x0820, 0x0820, 0x0820, 0x0820, 0x0820, 0x0840, 0x0840, 0x0020, 0x0820, 0x0840, 0x0000,
  0x2965, 0x3A07, 0x39E6, 0x2124, 0x2944, 0x39C6, 0x31A5, 0x39C5, 0x39C5, 0x31A5, 0x39A5, 0x31A5,
  0x39A5, 0x39C5, 0x39A5, 0x31A5, 0x3184, 0x3185, 0x2944, 0x18E2, 0x0820, 0x0020, 0x0021, 0x0020,
  0x0020, 0x0020, 0x0020, 0x0020, 0x0020, 0x0820, 0x0820, 0x0820, 0x0820, 0x0820, 0x0820, 0x0820,
  0x0820, 0x0020, 0x0020, 0x0020, 0x0020, 0x0020, 0x0020, 0x0020, 0x0020, 0x0020, 0x0820, 0x0840,
  0x0000, 0x18C2, 0x4A27, 0x4A27, 0x4A27, 0x4A27, 0x4227, 0x41E6, 0x41E6, 0x4206, 0x41E6, 0x4207,
  0x4207, 0x5268, 0x5268, 0x4A27, 0x4A48, 0x5268, 0x5289, 0x52AA, 0x5289, 0x5269, 0x5289, 0x5289,
  0x52AA, 0x52AA, 0x52AA, 0x52AA, 0x52AA, 0x52AA, 0x52AA, 0x52AA, 0x528A, 0x52AA, 0x39E7, 0x0020,
  0x0841, 0x0000, 0x0000, 0x0000, 0x0000, 0x0000, 0x0000, 0x0000, 0x0000, 0x0000, 0x0000, 0x0000,
  0x0000, 0x0000, 0x0000, 0x0000, 0x0020, 0x0841, 0x0020, 0x0000, 0x0000, 0x0000, 0x0020, 0x0861,
  0x0000, 0x0000, 0x0000, 0x0020, 0x0000, 0x0000, 0x0000, 0x0000, 0x0000, 0x0000, 0x0000, 0x0000,
  0x0000, 0x0020, 0x0841, 0x0000, 0x0841, 0x0000, 0x0000, 0x0020, 0x0000, 0x0000, 0x0000, 0x0000,
  0x0020, 0x0861, 0x0000, 0x0000, 0x0000, 0x0000, 0x0000, 0x0000, 0x0000, 0x0000, 0x0000, 0x0000,
  0x0000, 0x0000, 0x0000, 0x0000, 0x0000, 0x0000, 0x0000, 0x0000, 0x0000, 0x0000, 0x0000, 0x0020,
  0x0000, 0x0000, 0x0000, 0x0841, 0x0000, 0x0000, 0x0020, 0x0020, 0x0000, 0x0000, 0x0000, 0x0000,
  0x0000, 0x0000, 0x0000, 0x0000, 0x0000, 0x0000, 0x0000, 0x0000, 0x0000, 0x0000, 0x0000, 0x0000,
  0x0000, 0x0000, 0x0020, 0x0841, 0x0000, 0x0020, 0x0020, 0x0000, 0x0000, 0x0020, 0x0000, 0x0000,
  0x0020, 0x0820, 0x0841, 0x0841, 0x0861, 0x0020, 0x0820, 0x0840, 0x0820, 0x0840, 0x0841, 0x0840,
  0x0840, 0x0820, 0x0840, 0x0840, 0x0840, 0x0820, 0x0840, 0x0840, 0x0840, 0x0820, 0x0840, 0x0841,
  0x0861, 0x0861, 0x0861, 0x0841, 0x0841, 0x0841, 0x0861, 0x0861, 0x0840, 0x0840, 0x0840, 0x0840,
  0x0841, 0x0840, 0x0841, 0x0841, 0x0840, 0x0861, 0x0841, 0x0840, 0x0840, 0x0841, 0x1061, 0x0841,
  0x0841, 0x0840, 0x0840, 0x0840, 0x0820, 0x0820, 0x0820, 0x0861, 0x0840, 0x0820, 0x0020, 0x0820,
  0x0840, 0x0840, 0x0840, 0x0820, 0x0840, 0x0840, 0x0000, 0x0020, 0x0020, 0x0820, 0x0020, 0x0820,
  0x0820, 0x0820, 0x0820, 0x0020, 0x0840, 0x0841, 0x0820, 0x0820, 0x0820, 0x0820, 0x0861, 0x0840,
  0x0020, 0x0020, 0x0820, 0x0820, 0x0820, 0x0820, 0x0820, 0x0820, 0x0820, 0x0840, 0x0820, 0x0840,
  0x0840, 0x0840, 0x0841, 0x0840, 0x0861, 0x0841, 0x0840, 0x0820, 0x0820, 0x0820, 0x0820, 0x0820,
  0x0840, 0x0840, 0x0820, 0x0840, 0x0841, 0x0820, 0x0820, 0x0820, 0x0820, 0x0820, 0x0020, 0x0841,
  0x0840, 0x0820, 0x0840, 0x0820, 0x0820, 0x0820, 0x0840, 0x0020, 0x1081, 0x39E6, 0x39E6, 0x39C6,
  0x18E3, 0x31A5, 0x39C5, 0x31A5, 0x31A5, 0x39C5, 0x39C5, 0x39A5, 0x3184, 0x31A5, 0x39C5, 0x39A5,
  0x3184, 0x2923, 0x3164, 0x2944, 0x10A1, 0x0820, 0x0000, 0x0820, 0x0020, 0x0020, 0x0020, 0x0820,
  0x0820, 0x0820, 0x0820, 0x0820, 0x0820, 0x0820, 0x0820, 0x0820, 0x0820, 0x0820, 0x0020, 0x0020,
  0x0020, 0x0020, 0x0020, 0x0020, 0x0020, 0x0020, 0x0820, 0x0840, 0x0000, 0x2924, 0x4A27, 0x4A27,
  0x4A27, 0x4A27, 0x4227, 0x41E6, 0x4206, 0x4206, 0x4206, 0x4207, 0x4207, 0x4A48, 0x5289, 0x4A27,
  0x4A48, 0x5268, 0x5289, 0x52AA, 0x528A, 0x5289, 0x5269, 0x5289, 0x5289, 0x52AA, 0x52AA, 0x52AA,
  0x52AA, 0x52AA, 0x52AA, 0x52AA, 0x52AA, 0x52AA, 0x4A69, 0x0861, 0x0000, 0x0000, 0x0000, 0x0000,
  0x0000, 0x0000, 0x0000, 0x0000, 0x0000, 0x0000, 0x0000, 0x0000, 0x0000, 0x0000, 0x0000, 0x0000,
  0x0000, 0x0020, 0x0841, 0x0000, 0x0000, 0x0000, 0x0000, 0x0841, 0x0000, 0x0000, 0x0020, 0x0861,
  0x0000, 0x0000, 0x0000, 0x0000, 0x0000, 0x0000, 0x0000, 0x0000, 0x0000, 0x0020, 0x0841, 0x0000,
  0x0000, 0x0000, 0x0000, 0x0000, 0x0000, 0x0000, 0x0000, 0x0000, 0x0000, 0x0000, 0x0000, 0x0000,
  0x0000, 0x0000, 0x0000, 0x0000, 0x0000, 0x0000, 0x0000, 0x0000, 0x0000, 0x0000, 0x0000, 0x0020,
  0x0000, 0x0841, 0x0020, 0x0000, 0x0000, 0x0000, 0x0020, 0x18C3, 0x0020, 0x0020, 0x0000, 0x0000,
  0x0000, 0x0000, 0x0000, 0x0000, 0x0000, 0x0000, 0x0020, 0x0020, 0x0000, 0x0000, 0x0000, 0x0000,
  0x0000, 0x0000, 0x0000, 0x0000, 0x0000, 0x0020, 0x0020, 0x0000, 0x0000, 0x0000, 0x0000, 0x0000,
  0x0000, 0x0020, 0x0841, 0x0000, 0x0000, 0x0841, 0x0000, 0x0000, 0x0020, 0x0840, 0x0841, 0x0841,
  0x0841, 0x0820, 0x0820, 0x0840, 0x0840, 0x0841, 0x0840, 0x0840, 0x0840, 0x0840, 0x0840, 0x0840,
  0x0840, 0x0820, 0x0840, 0x0841, 0x0861, 0x0861, 0x0841, 0x0861, 0x0861, 0x1081, 0x1081, 0x0841,
  0x0861, 0x0861, 0x0841, 0x0841, 0x0840, 0x0840, 0x0840, 0x0840, 0x0861, 0x0840, 0x1061, 0x0861,
  0x0840, 0x0841, 0x0841, 0x0840, 0x0840, 0x0841, 0x1061, 0x0841, 0x0841, 0x0820, 0x0840, 0x0840,
  0x0820, 0x0020, 0x0820, 0x0861, 0x0820, 0x0820, 0x0820, 0x0820, 0x0820, 0x0840, 0x0840, 0x0820,
  0x0820, 0x0840, 0x0020, 0x0020, 0x0820, 0x0820, 0x0020, 0x0020, 0x0820, 0x0820, 0x0820, 0x0020,
  0x0840, 0x0840, 0x0820, 0x0020, 0x0820, 0x0820, 0x0820, 0x0840, 0x0820, 0x0020, 0x0020, 0x0820,
  0x0820, 0x0020, 0x0820, 0x0820, 0x0820, 0x0820, 0x0840, 0x0840, 0x0841, 0x0840, 0x0861, 0x0840,
  0x0841, 0x0841, 0x0840, 0x0840, 0x0820, 0x0820, 0x0820, 0x0820, 0x0840, 0x0820, 0x0820, 0x0840,
  0x0841, 0x0820, 0x0820, 0x0820, 0x0820, 0x0820, 0x0820, 0x0820, 0x0820, 0x0841, 0x0820, 0x0820,
  0x0820, 0x0820, 0x0820, 0x0840, 0x0000, 0x2124, 0x3A07, 0x39E6, 0x3165, 0x2103, 0x39C6, 0x3185,
  0x39C5, 0x39C5, 0x39A5, 0x39A5, 0x31A5, 0x31A5, 0x39C5, 0x31A4, 0x31A5, 0x3164, 0x2964, 0x2964,
  0x2103, 0x10A1, 0x0820, 0x0000, 0x0020, 0x0020, 0x0020, 0x0820, 0x0820, 0x0020, 0x0820, 0x0820,
  0x0820, 0x0820, 0x0820, 0x0820, 0x0820, 0x0820, 0x0820, 0x0820, 0x0020, 0x0020, 0x0020, 0x0020,
  0x0020, 0x0020, 0x0820, 0x0840, 0x0000, 0x3185, 0x4A47, 0x4206, 0x4A27, 0x4A27, 0x4207, 0x41E6,
  0x41E6, 0x41E6, 0x41E6, 0x4206, 0x4207, 0x4A27, 0x5289, 0x4A48, 0x4A48, 0x5268, 0x5289, 0x52AA,
  0x52AA, 0x5289, 0x5289, 0x5289, 0x528A, 0x52AA, 0x52AA, 0x52AA, 0x52AA, 0x52AA, 0x52AA, 0x52AA,
  0x52AA, 0x528A, 0x52AA, 0x18E3, 0x0000, 0x0000, 0x0000, 0x0841, 0x0020, 0x0000, 0x0000, 0x0000,
  0x0000, 0x0000, 0x0000, 0x0000, 0x0000, 0x0000, 0x0000, 0x1082, 0x0020, 0x0000, 0x0000, 0x0000,
  0x0000, 0x0000, 0x0000, 0x0000, 0x0000, 0x0000, 0x0000, 0x0000, 0x0000, 0x0000, 0x0000, 0x0000,
  0x0000, 0x0000, 0x0000, 0x0000, 0x0000, 0x0000, 0x0000, 0x0000, 0x0000, 0x0000, 0x0000, 0x0000,
  0x0000, 0x0000, 0x0000, 0x0000, 0x0000, 0x0000, 0x0000, 0x0000, 0x0000, 0x0000, 0x0000, 0x0000,
  0x0000, 0x0020, 0x0000, 0x0000, 0x0000, 0x0000, 0x0020, 0x0841, 0x0000, 0x0000, 0x0000, 0x0000,
  0x0000, 0x0000, 0x0020, 0x0020, 0x0020, 0x0020, 0x0000, 0x0000, 0x0861, 0x0020, 0x0000, 0x0000,
  0x0000, 0x0000, 0x0020, 0x0020, 0x0000, 0x0000, 0x0000, 0x0000, 0x0000, 0x0000, 0x0000, 0x0000,
  0x0000, 0x0000, 0x0000, 0x0000, 0x0000, 0x0000, 0x0000, 0x0000, 0x0000, 0x0000, 0x0000, 0x0000,
  0x0000, 0x0020, 0x0000, 0x0000, 0x0020, 0x0841, 0x0840, 0x0841, 0x0840, 0x0820, 0x0820, 0x0820,
  0x0820, 0x0841, 0x0840, 0x0840, 0x0840, 0x0840, 0x0820, 0x0840, 0x0840, 0x0841, 0x1061, 0x0861,
  0x1081, 0x1081, 0x1061, 0x0861, 0x1061, 0x1061, 0x0861, 0x0841, 0x1081, 0x0841, 0x0840, 0x0841,
  0x0840, 0x0840, 0x0840, 0x0820, 0x0820, 0x0820, 0x0820, 0x0840, 0x0840, 0x0820, 0x0840, 0x0840,
  0x0840, 0x0861, 0x1061, 0x0841, 0x0841, 0x0820, 0x0840, 0x0840, 0x0820, 0x0020, 0x0840, 0x0861,
  0x0820, 0x0820, 0x0820, 0x0840, 0x0840, 0x0840, 0x0840, 0x0840, 0x0820, 0x0840, 0x0020, 0x0820,
  0x0020, 0x0820, 0x0020, 0x0820, 0x0840, 0x0820, 0x0820, 0x0820, 0x0840, 0x0841, 0x0841, 0x0841,
  0x0820, 0x0820, 0x0861, 0x0841, 0x0820, 0x0841, 0x0840, 0x0841, 0x0840, 0x0840, 0x0820, 0x0820,
  0x0841, 0x0861, 0x0840, 0x0820, 0x0861, 0x0841, 0x0861, 0x1081, 0x0861, 0x1081, 0x1081, 0x0820,
  0x0820, 0x0820, 0x0840, 0x0820, 0x0820, 0x0820, 0x0820, 0x0820, 0x0841, 0x0820, 0x0820, 0x0820,
  0x0820, 0x0820, 0x0820, 0x0840, 0x0840, 0x0820, 0x0840, 0x0820, 0x0820, 0x0820, 0x0820, 0x0841,
  0x0820, 0x0020, 0x31A5, 0x39C6, 0x39E6, 0x2103, 0x2123, 0x39C6, 0x3185, 0x31A5, 0x31A5, 0x31A5,
  0x31A5, 0x31A5, 0x31A5, 0x31A4, 0x3184, 0x3164, 0x2964, 0x2943, 0x2123, 0x20E2, 0x18A1, 0x0820,
  0x0000, 0x0000, 0x0020, 0x0820, 0x0020, 0x0820, 0x0820, 0x0820, 0x0820, 0x0820, 0x0820, 0x0820,
  0x0820, 0x0820, 0x0820, 0x0820, 0x0820, 0x0820, 0x0020, 0x0020, 0x0020, 0x0020, 0x0820, 0x0820,
  0x0840, 0x41E6, 0x4A27, 0x4206, 0x4A27, 0x4A27, 0x4A27, 0x4206, 0x41E6, 0x41E6, 0x41E6, 0x41E6,
  0x4207, 0x4A27, 0x5269, 0x4A48, 0x4A48, 0x5268, 0x5289, 0x52AA, 0x52AA, 0x528A, 0x5289, 0x5269,
  0x5289, 0x52AA, 0x52AA, 0x5289, 0x52AA, 0x52AA, 0x52AA, 0x52AA, 0x52AA, 0x528A, 0x52AA, 0x31A6,
  0x0000, 0x0000, 0x0000, 0x0020, 0x0000, 0x0000, 0x0000, 0x0000, 0x0000, 0x0000, 0x0000, 0x0000,
  0x0000, 0x0000, 0x0000, 0x0000, 0x0000, 0x0000, 0x0000, 0x0000, 0x0000, 0x0000, 0x0020, 0x0020,
  0x0000, 0x0000, 0x0000, 0x0000, 0x0000, 0x0000, 0x0000, 0x0000, 0x0841, 0x0000, 0x0000, 0x0000,
  0x0020, 0x0000, 0x0000, 0x0000, 0x0000, 0x0000, 0x0000, 0x0000, 0x0000, 0x0000, 0x0000, 0x0000,
  0x0000, 0x0000, 0x0000, 0x0000, 0x0000, 0x0000, 0x0000, 0x0000, 0x0000, 0x0000, 0x0000, 0x0000,
  0x0000, 0x0000, 0x0000, 0x0020, 0x0000, 0x0000, 0x0000, 0x0000, 0x0000, 0x0000, 0x0000, 0x0000,
  0x0000, 0x0000, 0x0000, 0x0000, 0x0000, 0x0000, 0x0000, 0x0020, 0x0000, 0x0000, 0x0000, 0x0000,
  0x0000, 0x0000, 0x0000, 0x0000, 0x0000, 0x0000, 0x0000, 0x0000, 0x0000, 0x0000, 0x0000, 0x0000,
  0x0000, 0x0000, 0x0000, 0x0000, 0x0000, 0x0020, 0x0000, 0x0000, 0x0000, 0x0841, 0x0000, 0x0000,
  0x0820, 0x0841, 0x0840, 0x0841, 0x0840, 0x0840, 0x0840, 0x0840, 0x0840, 0x0841, 0x0820, 0x0840,
  0x0840, 0x0840, 0x0840, 0x0840, 0x0840, 0x0861, 0x1061, 0x0841, 0x0840, 0x0861, 0x0861, 0x1061,
  0x0861, 0x1081, 0x1061, 0x0841, 0x0861, 0x0841, 0x0841, 0x0841, 0x0841, 0x0840, 0x0840, 0x0840,
  0x0840, 0x0840, 0x0820, 0x0841, 0x0840, 0x0840, 0x0840, 0x0840, 0x0840, 0x0861, 0x1061, 0x0841,
  0x0841, 0x0020, 0x0840, 0x0820, 0x0020, 0x0020, 0x0840, 0x0861, 0x0820, 0x0820, 0x0020, 0x0820,
  0x0820, 0x0840, 0x0840, 0x0820, 0x0840, 0x0820, 0x0020, 0x0820, 0x0020, 0x0820, 0x0820, 0x0820,
  0x0820, 0x0820, 0x0820, 0x0820, 0x0840, 0x0840, 0x0841, 0x0820, 0x0820, 0x0820, 0x0841, 0x0840,
  0x0820, 0x0820, 0x0840, 0x0820, 0x0840, 0x0820, 0x0820, 0x0820, 0x0820, 0x0840, 0x0820, 0x0840,
  0x0840, 0x0840, 0x0840, 0x0841, 0x0841, 0x0841, 0x0840, 0x0820, 0x0820, 0x0820, 0x0820, 0x0840,
  0x0820, 0x0840, 0x0820, 0x0840, 0x0841, 0x0820, 0x0820, 0x0820, 0x0820, 0x0820, 0x0820, 0x0820,
  0x0020, 0x0820, 0x0840, 0x0820, 0x0820, 0x0820, 0x0820, 0x0841, 0x0820, 0x0820, 0x1081, 0x39C6,
  0x31C5, 0x39C6, 0x18C2, 0x2964, 0x31A5, 0x31A5, 0x31A5, 0x31A5, 0x31A5, 0x3184, 0x31A5, 0x3184,
  0x2964, 0x2964, 0x2964, 0x2943, 0x2923, 0x2923, 0x20E2, 0x1061, 0x0840, 0x0000, 0x0000, 0x0820,
  0x0820, 0x0820, 0x0820, 0x0820, 0x0820, 0x0820, 0x0820, 0x0020, 0x0820, 0x0820, 0x0820, 0x0820,
  0x0820, 0x0820, 0x0820, 0x0020, 0x0000, 0x0820, 0x0840, 0x0000, 0x18C2, 0x4A27, 0x4206, 0x4207,
  0x4A27, 0x4A27, 0x4A27, 0x4207, 0x41E6, 0x41E6, 0x4207, 0x4206, 0x4207, 0x4207, 0x5269, 0x4A48,
  0x4A48, 0x5268, 0x5269, 0x52AA, 0x52AA, 0x528A, 0x5289, 0x5289, 0x528A, 0x52AA, 0x52AA, 0x52AA,
  0x52AA, 0x52AA, 0x52AA, 0x52AA, 0x52AA, 0x52AA, 0x52AA, 0x4228, 0x0000, 0x0000, 0x0020, 0x0861,
  0x0000, 0x0000, 0x0000, 0x0000, 0x0000, 0x0000, 0x0000, 0x0000, 0x0000, 0x0000, 0x0000, 0x0000,
  0x0000, 0x0000, 0x0000, 0x0000, 0x0000, 0x0020, 0x0020, 0x0000, 0x0000, 0x0000, 0x0000, 0x0020,
  0x0020, 0x0000, 0x0000, 0x0000, 0x0020, 0x0000, 0x0000, 0x0000, 0x0020, 0x0000, 0x0000, 0x0000,
  0x0841, 0x0861, 0x0020, 0x0000, 0x0020, 0x0841, 0x0000, 0x0000, 0x0000, 0x0000, 0x0000, 0x0841,
  0x0000, 0x0000, 0x0000, 0x0000, 0x0000, 0x0000, 0x0000, 0x0000, 0x0000, 0x0000, 0x0000, 0x0000,
  0x0000, 0x0000, 0x0000, 0x0020, 0x0000, 0x0000, 0x0000, 0x0000, 0x0000, 0x0000, 0x0020, 0x0000,
  0x0000, 0x0000, 0x0020, 0x0861, 0x0000, 0x0000, 0x0000, 0x0000, 0x0000, 0x0000, 0x0000, 0x0000,
  0x0000, 0x0000, 0x0000, 0x0000, 0x0000, 0x0000, 0x0000, 0x0000, 0x0000, 0x0000, 0x0000, 0x0000,
  0x0000, 0x0000, 0x0000, 0x0000, 0x0000, 0x0000, 0x0000, 0x0020, 0x0840, 0x0861, 0x0861, 0x0841,
  0x0820, 0x0840, 0x0840, 0x0841, 0x1081, 0x0841, 0x0840, 0x0841, 0x0840, 0x0840, 0x0840, 0x0841,
  0x0840, 0x0861, 0x1061, 0x0840, 0x0840, 0x0840, 0x0841, 0x0861, 0x0861, 0x0861, 0x0861, 0x0841,
  0x0861, 0x0841, 0x0840, 0x0841, 0x0841, 0x0840, 0x0840, 0x0840, 0x0840, 0x0841, 0x0861, 0x0841,
  0x0841, 0x0841, 0x0840, 0x0840, 0x0840, 0x0861, 0x0861, 0x0841, 0x0840, 0x0841, 0x0861, 0x0841,
  0x0841, 0x0820, 0x0841, 0x0841, 0x0820, 0x0820, 0x0820, 0x0820, 0x0820, 0x0840, 0x0840, 0x0820,
  0x0840, 0x0820, 0x0820, 0x0820, 0x0020, 0x0820, 0x0820, 0x0020, 0x0820, 0x0820, 0x0820, 0x0820,
  0x0841, 0x0840, 0x0840, 0x0020, 0x0820, 0x0840, 0x0840, 0x0820, 0x0820, 0x0820, 0x0820, 0x0820,
  0x0840, 0x0820, 0x0820, 0x0820, 0x0820, 0x0820, 0x0840, 0x0841, 0x0840, 0x0840, 0x0841, 0x0840,
  0x0861, 0x0841, 0x0840, 0x0840, 0x0840, 0x0840, 0x0861, 0x0840, 0x0840, 0x0841, 0x0820, 0x0820,
  0x0841, 0x0820, 0x0820, 0x0020, 0x0820, 0x0840, 0x0820, 0x0840, 0x0820, 0x0820, 0x0841, 0x0820,
  0x0820, 0x0820, 0x0820, 0x0840, 0x0820, 0x0840, 0x0020, 0x18E3, 0x39C6, 0x31A5, 0x31A5, 0x18A2,
  0x2985, 0x31A5, 0x3185, 0x31A5, 0x3185, 0x3185, 0x3184, 0x2963, 0x2964, 0x3164, 0x2964, 0x2943,
  0x2943, 0x2943, 0x2923, 0x18C2, 0x1081, 0x0841, 0x0000, 0x0000, 0x0820, 0x0820, 0x0820, 0x0820,
  0x0820, 0x0820, 0x0820, 0x0820, 0x0020, 0x0020, 0x0820, 0x0820, 0x0820, 0x0820, 0x0820, 0x0020,
  0x0020, 0x0020, 0x0840, 0x0000, 0x3165, 0x4227, 0x4206, 0x4207, 0x4207, 0x4A27, 0x4A27, 0x4207,
  0x41E6, 0x4206, 0x41E6, 0x4207, 0x4207, 0x4207, 0x5268, 0x5248, 0x4A48, 0x4A48, 0x5269, 0x52AA,
  0x52AA, 0x52AA, 0x5289, 0x5289, 0x5289, 0x528A, 0x528A, 0x52AA, 0x52AA, 0x52AA, 0x52AA, 0x52AA,
  0x52AA, 0x52AA, 0x52AA, 0x528A, 0x1081, 0x0000, 0x0000, 0x0000, 0x0000, 0x0000, 0x0000, 0x0000,
  0x0000, 0x0000, 0x0000, 0x0000, 0x0000, 0x0000, 0x0000, 0x0000, 0x0000, 0x0000, 0x0000, 0x0000,
  0x0000, 0x0000, 0x0000, 0x0000, 0x0000, 0x0000, 0x0000, 0x0020, 0x0861, 0x0000, 0x0000, 0x0000,
  0x0000, 0x0000, 0x0000, 0x0000, 0x0000, 0x0000, 0x0000, 0x0000, 0x0020, 0x0841, 0x0020, 0x0000,
  0x0020, 0x0841, 0x0000, 0x0000, 0x0000, 0x0020, 0x0020, 0x0000, 0x0000, 0x0000, 0x0000, 0x0000,
  0x0000, 0x0000, 0x0000, 0x0000, 0x0000, 0x0000, 0x0000, 0x0000, 0x0000, 0x0000, 0x0000, 0x0000,
  0x0000, 0x0000, 0x0000, 0x0841, 0x0020, 0x0000, 0x0000, 0x0000, 0x0000, 0x0000, 0x0000, 0x0000,
  0x0000, 0x0000, 0x0000, 0x0000, 0x0000, 0x0000, 0x0000, 0x0000, 0x0000, 0x0000, 0x0000, 0x0000,
  0x0000, 0x0000, 0x0000, 0x0000, 0x0000, 0x0000, 0x0000, 0x0000, 0x0000, 0x0000, 0x0000, 0x0000,
  0x0000, 0x0000, 0x0000, 0x0020, 0x0841, 0x0861, 0x0861, 0x0861, 0x0840, 0x0840, 0x0820, 0x0841,
  0x0861, 0x0840, 0x0840, 0x0841, 0x0840, 0x0840, 0x0841, 0x0840, 0x0840, 0x1061, 0x0861, 0x0840,
  0x0840, 0x0840, 0x0841, 0x0861, 0x0861, 0x0861, 0x0861, 0x0861, 0x0861, 0x0841, 0x0841, 0x0861,
  0x0841, 0x0840, 0x0840, 0x0840, 0x0840, 0x0841, 0x0841, 0x0841, 0x0841, 0x0841, 0x0840, 0x0840,
  0x0841, 0x0861, 0x0861, 0x0841, 0x0840, 0x0841, 0x0841, 0x0840, 0x0841, 0x0820, 0x0841, 0x0841,
  0x0020, 0x0820, 0x0020, 0x0840, 0x0820, 0x0840, 0x0820, 0x0820, 0x0840, 0x0820, 0x0820, 0x0820,
  0x0820, 0x0820, 0x0020, 0x0820, 0x0840, 0x0820, 0x0820, 0x0820, 0x0841, 0x0820, 0x0020, 0x0840,
  0x0841, 0x0820, 0x0840, 0x0820, 0x0020, 0x0820, 0x0820, 0x0820, 0x0841, 0x0820, 0x0820, 0x0820,
  0x0820, 0x0820, 0x0820, 0x0841, 0x0840, 0x0840, 0x0840, 0x0840, 0x0840, 0x0840, 0x0820, 0x1061,
  0x0861, 0x0840, 0x1061, 0x1061, 0x0840, 0x0840, 0x0840, 0x0840, 0x0841, 0x0820, 0x0820, 0x0820,
  0x0820, 0x0820, 0x0820, 0x0841, 0x0820, 0x0020, 0x0820, 0x0840, 0x0820, 0x0820, 0x0820, 0x0840,
  0x0820, 0x0820, 0x0840, 0x0020, 0x2124, 0x31A6, 0x31A5, 0x3185, 0x10A2, 0x2965, 0x31A5, 0x3185,
  0x3185, 0x31A5, 0x2964, 0x2943, 0x3164, 0x2964, 0x2964, 0x2943, 0x2943, 0x2923, 0x2943, 0x2103,
  0x18A2, 0x18A2, 0x0820, 0x0820, 0x0820, 0x0820, 0x0820, 0x0820, 0x0820, 0x0020, 0x0820, 0x0820,
  0x0820, 0x0020, 0x0020, 0x0820, 0x0820, 0x0820, 0x0820, 0x0020, 0x0820, 0x0820, 0x0020, 0x0840,
  0x4206, 0x39E6, 0x4206, 0x4207, 0x4207, 0x4A27, 0x4A27, 0x4206, 0x41E6, 0x41E6, 0x39E6, 0x41E7,
  0x4207, 0x4207, 0x4A48, 0x5269, 0x4A28, 0x5248, 0x4A48, 0x5289, 0x52AA, 0x52AA, 0x5289, 0x528A,
  0x5289, 0x528A, 0x52AA, 0x52AA, 0x52AA, 0x52AA, 0x52AA, 0x52AA, 0x52AA, 0x52AA, 0x528A, 0x52AA,
  0x2124, 0x0000, 0x0000, 0x0000, 0x0000, 0x0000, 0x0000, 0x0000, 0x0000, 0x0000, 0x0000, 0x0000,
  0x0000, 0x0000, 0x0000, 0x0020, 0x0020, 0x0000, 0x0000, 0x0000, 0x0000, 0x0000, 0x0000, 0x0000,
  0x0000, 0x0000, 0x0000, 0x0000, 0x0000, 0x0000, 0x0020, 0x0000, 0x0000, 0x0000, 0x0000, 0x0000,
  0x0000, 0x0000, 0x0000, 0x0000, 0x0841, 0x0000, 0x0000, 0x0000, 0x0000, 0x0000, 0x0000, 0x0020,
  0x0020, 0x0020, 0x0841, 0x0000, 0x0000, 0x0000, 0x0000, 0x0000, 0x0000, 0x0000, 0x0000, 0x0000,
  0x0000, 0x0000, 0x0000, 0x0000, 0x0000, 0x0000, 0x0020, 0x0000, 0x0000, 0x0000, 0x0020, 0x0841,
  0x0020, 0x0020, 0x0000, 0x0000, 0x0020, 0x0020, 0x0000, 0x0000, 0x0000, 0x0000, 0x0000, 0x0000,
  0x0000, 0x0000, 0x0000, 0x0000, 0x0000, 0x0000, 0x0000, 0x0000, 0x0000, 0x0000, 0x0000, 0x0000,
  0x0000, 0x0000, 0x0020, 0x0861, 0x0000, 0x0000, 0x0000, 0x0000, 0x0000, 0x0000, 0x0000, 0x0820,
  0x0841, 0x0841, 0x0861, 0x0840, 0x0840, 0x0840, 0x0840, 0x0840, 0x0841, 0x0840, 0x0840, 0x0841,
  0x0840, 0x0840, 0x0840, 0x0840, 0x0841, 0x1081, 0x0861, 0x0820, 0x0840, 0x0840, 0x0841, 0x0861,
  0x0861, 0x0861, 0x0840, 0x0841, 0x0861, 0x0841, 0x0841, 0x0861, 0x0840, 0x0841, 0x0840, 0x0840,
  0x0840, 0x0841, 0x0841, 0x0841, 0x0841, 0x0841, 0x0840, 0x0840, 0x0841, 0x0861, 0x0861, 0x0841,
  0x0840, 0x0820, 0x0020, 0x0020, 0x0000, 0x0000, 0x0841, 0x0840, 0x0020, 0x0020, 0x0020, 0x0820,
  0x0820, 0x0840, 0x0820, 0x0820, 0x0840, 0x0820, 0x0820, 0x0820, 0x0820, 0x0820, 0x0020, 0x0820,
  0x0840, 0x0820, 0x0820, 0x0820, 0x0841, 0x0840, 0x0820, 0x0820, 0x0840, 0x0840, 0x0840, 0x0820,
  0x0820, 0x0820, 0x0820, 0x0820, 0x0840, 0x0820, 0x0820, 0x0820, 0x0820, 0x0820, 0x0840, 0x0861,
  0x0840, 0x0840, 0x0840, 0x1081, 0x0861, 0x0861, 0x1061, 0x1081, 0x0841, 0x0840, 0x0840, 0x0840,
  0x0841, 0x0841, 0x0840, 0x0841, 0x0840, 0x0840, 0x0820, 0x0840, 0x0820, 0x0820, 0x0820, 0x0820,
  0x0020, 0x0820, 0x0820, 0x0840, 0x0841, 0x0841, 0x0820, 0x0841, 0x0840, 0x0820, 0x0820, 0x0840,
  0x0840, 0x2944, 0x31A5, 0x31A5, 0x3185, 0x18C2, 0x2964, 0x3185, 0x3185, 0x3185, 0x2964, 0x2943,
  0x2964, 0x2943, 0x2964, 0x2963, 0x2943, 0x2123, 0x2943, 0x2123, 0x18C2, 0x20E3, 0x1081, 0x1061,
  0x0840, 0x0820, 0x0820, 0x0820, 0x0820, 0x0820, 0x0020, 0x0820, 0x0820, 0x0820, 0x0020, 0x0020,
  0x0020, 0x0820, 0x0020, 0x0020, 0x0820, 0x0841, 0x0000, 0x2944, 0x4207, 0x39E6, 0x4206, 0x4207,
  0x4207, 0x4A27, 0x4207, 0x41E6, 0x41E6, 0x39E6, 0x39E6, 0x41E6, 0x4207, 0x4207, 0x4A48, 0x5269,
  0x4A48, 0x5248, 0x4A48, 0x5289, 0x52AA, 0x52AA, 0x5289, 0x5289, 0x528A, 0x52AA, 0x52AA, 0x52AA,
  0x52AA, 0x52AA, 0x52AA, 0x52AA, 0x52AA, 0x52AA, 0x52AA, 0x52AA, 0x31A6, 0x0000, 0x0841, 0x0000,
  0x0000, 0x0000, 0x0000, 0x0000, 0x0000, 0x0020, 0x0020, 0x0000, 0x0000, 0x0000, 0x0000, 0x0020,
  0x0000, 0x0000, 0x0000, 0x0000, 0x0000, 0x0000, 0x0000, 0x0000, 0x0000, 0x0020, 0x0020, 0x0000,
  0x0000, 0x0000, 0x0020, 0x0000, 0x0020, 0x0000, 0x0000, 0x0000, 0x0000, 0x0000, 0x0000, 0x0000,
  0x0841, 0x0020, 0x0000, 0x0000, 0x0000, 0x0000, 0x0000, 0x18E3, 0x18E3, 0x0000, 0x0000, 0x0000,
  0x0000, 0x0000, 0x0000, 0x0000, 0x0000, 0x0000, 0x0000, 0x0000, 0x0000, 0x0000, 0x0000, 0x0000,
  0x0000, 0x0000, 0x0020, 0x0020, 0x0000, 0x0841, 0x0020, 0x0000, 0x0000, 0x0020, 0x0000, 0x0000,
  0x0020, 0x0020, 0x0000, 0x0000, 0x0000, 0x0000, 0x0000, 0x0000, 0x0000, 0x0000, 0x0000, 0x0000,
  0x0000, 0x0000, 0x0000, 0x0000, 0x0000, 0x0000, 0x0000, 0x0000, 0x0000, 0x0000, 0x0020, 0x0861,
  0x0000, 0x0000, 0x0000, 0x0000, 0x0000, 0x0000, 0x0000, 0x0820, 0x0841, 0x0841, 0x0861, 0x0840,
  0x0840, 0x0840, 0x0840, 0x0840, 0x0841, 0x0840, 0x0840, 0x0840, 0x0840, 0x0840, 0x0841, 0x0840,
  0x0841, 0x1061, 0x1061, 0x0840, 0x0840, 0x0840, 0x0861, 0x1081, 0x0861, 0x0861, 0x0861, 0x0841,
  0x0861, 0x0841, 0x0841, 0x0841, 0x0841, 0x0841, 0x0840, 0x0840, 0x0841, 0x0841, 0x0861, 0x0841,
  0x0841, 0x0841, 0x1081, 0x0840, 0x0841, 0x1061, 0x0861, 0x0841, 0x0840, 0x0820, 0x0861, 0x0841,
  0x0861, 0x1061, 0x0841, 0x0861, 0x1061, 0x0861, 0x0861, 0x0841, 0x0820, 0x0840, 0x0820, 0x0820,
  0x0840, 0x0820, 0x0840, 0x0820, 0x0820, 0x0841, 0x0820, 0x0820, 0x0840, 0x0820, 0x0820, 0x0820,
  0x0841, 0x0840, 0x0820, 0x0820, 0x0020, 0x0820, 0x0840, 0x0840, 0x0820, 0x0020, 0x0820, 0x0820,
  0x0840, 0x0820, 0x0820, 0x0820, 0x0840, 0x0820, 0x0841, 0x1061, 0x0840, 0x0841, 0x0840, 0x0841,
  0x0841, 0x0840, 0x0840, 0x0820, 0x0820, 0x0840, 0x0840, 0x0840, 0x0840, 0x0840, 0x0840, 0x0840,
  0x0840, 0x0840, 0x0820, 0x0820, 0x0820, 0x0820, 0x0820, 0x0820, 0x0820, 0x0820, 0x0841, 0x0840,
  0x0820, 0x0820, 0x0820, 0x0840, 0x0840, 0x0841, 0x0820, 0x0840, 0x1061, 0x0841, 0x2944, 0x31A5,
  0x3185, 0x2965, 0x18C2, 0x2124, 0x3185, 0x2964, 0x2964, 0x2964, 0x2964, 0x2943, 0x2964, 0x2943,
  0x2943, 0x2943, 0x2123, 0x2123, 0x18E2, 0x2103, 0x2102, 0x10A1, 0x10A1, 0x0841, 0x0820, 0x0820,
  0x0820, 0x0820, 0x0820, 0x0020, 0x0820, 0x0820, 0x0820, 0x0020, 0x0020, 0x0020, 0x0020, 0x0820,
  0x0820, 0x0020, 0x0861, 0x4207, 0x4206, 0x39E6, 0x4206, 0x4207, 0x4207, 0x4A27, 0x4207, 0x4207,
  0x41E6, 0x41E6, 0x41E6, 0x39E6, 0x4207, 0x4207, 0x4A28, 0x5289, 0x4A28, 0x4A48, 0x4A48, 0x5289,
  0x52AA, 0x52AA, 0x528A, 0x5289, 0x528A, 0x528A, 0x52AA, 0x52AA, 0x52AA, 0x52AA, 0x52AA, 0x52AA,
  0x52AA, 0x52AA, 0x52AA, 0x52AA, 0x4228, 0x0020, 0x0020, 0x0000, 0x0000, 0x0000, 0x0000, 0x0000,
  0x0000, 0x0020, 0x0020, 0x0000, 0x0000, 0x0000, 0x0000, 0x0000, 0x0000, 0x0000, 0x0000, 0x0000,
  0x0000, 0x0000, 0x0000, 0x0000, 0x0000, 0x0861, 0x0020, 0x0000, 0x0000, 0x0000, 0x0000, 0x0861,
  0x0020, 0x0000, 0x0000, 0x0841, 0x0020, 0x0000, 0x0000, 0x0000, 0x0000, 0x0000, 0x0000, 0x0000,
  0x0000, 0x0000, 0x0000, 0x0000, 0x0020, 0x0020, 0x0000, 0x0000, 0x0000, 0x0000, 0x0000, 0x0000,
  0x0000, 0x0000, 0x0000, 0x0000, 0x0000, 0x0000, 0x0000, 0x0000, 0x0000, 0x0000, 0x0020, 0x0000,
  0x0000, 0x0020, 0x0000, 0x0000, 0x0000, 0x0000, 0x0000, 0x0000, 0x0000, 0x0000, 0x0000, 0x0000,
  0x0000, 0x0000, 0x0000, 0x0000, 0x0000, 0x0000, 0x0000, 0x0000, 0x0000, 0x0000, 0x0000, 0x0000,
  0x0000, 0x0000, 0x0000, 0x0000, 0x0000, 0x0020, 0x0000, 0x0000, 0x0000, 0x0000, 0x0000, 0x0000,
  0x0000, 0x0000, 0x0020, 0x0840, 0x0841, 0x0841, 0x0841, 0x0840, 0x0840, 0x0840, 0x0840, 0x0840,
  0x0841, 0x0820, 0x0840, 0x0840, 0x0840, 0x0840, 0x0841, 0x0840, 0x0840, 0x0840, 0x0841, 0x0840,
  0x0840, 0x0840, 0x0861, 0x0861, 0x0861, 0x0861, 0x0861, 0x0861, 0x0861, 0x0841, 0x0841, 0x0841,
  0x0841, 0x0841, 0x0840, 0x0841, 0x0861, 0x0841, 0x0861, 0x0841, 0x0841, 0x0840, 0x0840, 0x0840,
  0x0861, 0x0861, 0x0841, 0x0841, 0x0820, 0x0820, 0x0861, 0x0841, 0x0841, 0x0861, 0x0841, 0x0841,
  0x0841, 0x0841, 0x0840, 0x0840, 0x0820, 0x0840, 0x0820, 0x0840, 0x0840, 0x0820, 0x0820, 0x0820,
  0x0820, 0x0820, 0x0820, 0x0820, 0x0840, 0x0820, 0x0820, 0x0840, 0x0840, 0x0841, 0x0841, 0x0840,
  0x0841, 0x0820, 0x0841, 0x0820, 0x0820, 0x0840, 0x0840, 0x0820, 0x0841, 0x0820, 0x0820, 0x0820,
  0x0840, 0x0840, 0x0820, 0x0840, 0x0841, 0x0840, 0x0861, 0x0861, 0x0840, 0x0841, 0x0820, 0x0820,
  0x0840, 0x0840, 0x0840, 0x0820, 0x0840, 0x0820, 0x0840, 0x0840, 0x0840, 0x0840, 0x0840, 0x0820,
  0x0840, 0x0841, 0x0820, 0x0820, 0x0820, 0x0840, 0x0840, 0x0840, 0x0840, 0x0820, 0x0820, 0x0840,
  0x0841, 0x0820, 0x0820, 0x0820, 0x0861, 0x0820, 0x0840, 0x2944, 0x3185, 0x2985, 0x3185, 0x2103,
  0x2103, 0x2964, 0x2964, 0x2964, 0x2964, 0x2964, 0x2964, 0x2944, 0x2943, 0x2943, 0x2123, 0x2943,
  0x2102, 0x2103, 0x2103, 0x18C2, 0x18C2, 0x10A2, 0x1061, 0x0861, 0x0840, 0x0820, 0x0820, 0x0020,
  0x0020, 0x0020, 0x0820, 0x0020, 0x0020, 0x0020, 0x0020, 0x0020, 0x0840, 0x0000, 0x2965, 0x4207,
  0x39E6, 0x39E6, 0x41E6, 0x4207, 0x4207, 0x4A27, 0x4A27, 0x4A07, 0x41E6, 0x39E6, 0x41E6, 0x41E7,
  0x4207, 0x4207, 0x4207, 0x5289, 0x4A48, 0x4A48, 0x4A48, 0x5269, 0x52AA, 0x52AA, 0x528A, 0x5289,
  0x528A, 0x528A, 0x52AA, 0x52AA, 0x52AA, 0x52AA, 0x52AA, 0x52AA, 0x52AA, 0x52AA, 0x52AA, 0x52AA,
  0x4A69, 0x0861, 0x0000, 0x0000, 0x0000, 0x0000, 0x0000, 0x0000, 0x0000, 0x0000, 0x0000, 0x0000,
  0x0000, 0x0000, 0x0000, 0x0000, 0x0000, 0x0000, 0x0000, 0x0841, 0x0861, 0x0000, 0x0020, 0x0000,
  0x0000, 0x0000, 0x0000, 0x0000, 0x0000, 0x0000, 0x0000, 0x0020, 0x0000, 0x0000, 0x0000, 0x0841,
  0x0020, 0x0000, 0x0000, 0x0000, 0x0000, 0x0000, 0x0000, 0x0000, 0x0000, 0x0000, 0x0000, 0x0000,
  0x0000, 0x0000, 0x0000, 0x0000, 0x0000, 0x0000, 0x0000, 0x0000, 0x0000, 0x0000, 0x0000, 0x0000,
  0x0000, 0x0000, 0x0000, 0x0000, 0x0000, 0x0000, 0x0000, 0x0000, 0x0000, 0x0020, 0x0000, 0x0000,
  0x0000, 0x0000, 0x0000, 0x0000, 0x0020, 0x0000, 0x0000, 0x0000, 0x0000, 0x0000, 0x0020, 0x0020,
  0x0000, 0x0000, 0x0000, 0x0000, 0x0000, 0x0000, 0x0000, 0x0000, 0x0000, 0x0000, 0x0000, 0x0000,
  0x0000, 0x0861, 0x0861, 0x0000, 0x0000, 0x0000, 0x0000, 0x0000, 0x0000, 0x0000, 0x0020, 0x0841,
  0x0841, 0x0861, 0x0841, 0x0840, 0x0841, 0x0840, 0x0840, 0x0840, 0x0841, 0x0840, 0x0841, 0x0841,
  0x0840, 0x0840, 0x0840, 0x0840, 0x0840, 0x0840, 0x0840, 0x0840, 0x0840, 0x0841, 0x0861, 0x0861,
  0x0861, 0x0861, 0x0861, 0x0861, 0x0841, 0x0841, 0x0841, 0x0841, 0x0861, 0x0861, 0x0861, 0x0841,
  0x0861, 0x0841, 0x0861, 0x0861, 0x0841, 0x0840, 0x0840, 0x0840, 0x0861, 0x1061, 0x0841, 0x0841,
  0x0820, 0x0820, 0x0020, 0x0020, 0x0000, 0x0820, 0x0861, 0x0820, 0x0020, 0x0020, 0x0020, 0x0820,
  0x0820, 0x0840, 0x0840, 0x0820, 0x0840, 0x0820, 0x0820, 0x0820, 0x0820, 0x0820, 0x0020, 0x0820,
  0x0840, 0x0820, 0x0820, 0x0820, 0x0840, 0x0840, 0x0861, 0x0841, 0x0820, 0x0841, 0x0841, 0x0820,
  0x0840, 0x0861, 0x0841, 0x0840, 0x0840, 0x0820, 0x0820, 0x0840, 0x0840, 0x0840, 0x0820, 0x0841,
  0x0841, 0x0841, 0x0840, 0x0841, 0x0840, 0x0841, 0x0840, 0x0820, 0x0820, 0x0820, 0x0840, 0x0840,
  0x0840, 0x0840, 0x0820, 0x0820, 0x0840, 0x0840, 0x0840, 0x0820, 0x0840, 0x0841, 0x0820, 0x0840,
  0x0840, 0x0840, 0x0840, 0x0840, 0x0820, 0x0820, 0x0840, 0x0820, 0x0820, 0x0820, 0x0820, 0x0820,
  0x0820, 0x0840, 0x0840, 0x0840, 0x2123, 0x2985, 0x2965, 0x2985, 0x2944, 0x18E2, 0x2123, 0x2984,
  0x2964, 0x2964, 0x2944, 0x2944, 0x2943, 0x2123, 0x2123, 0x2143, 0x2103, 0x20E2, 0x2103, 0x18E2,
  0x18C2, 0x18E2, 0x10A2, 0x1081, 0x0861, 0x0861, 0x0820, 0x0020, 0x0820, 0x0820, 0x0020, 0x0840,
  0x0020, 0x0820, 0x0820, 0x0820, 0x0000, 0x10A2, 0x4227, 0x39E6, 0x39E6, 0x39E6, 0x41E6, 0x4207,
  0x4207, 0x4A27, 0x4A27, 0x4207, 0x41E7, 0x39C6, 0x41E6, 0x41E6, 0x4207, 0x4207, 0x4207, 0x5269,
  0x4A48, 0x4A48, 0x4A48, 0x4A68, 0x52AA, 0x52AA, 0x528A, 0x5289, 0x528A, 0x528A, 0x52AA, 0x52AA,
  0x52AA, 0x528A, 0x52AA, 0x52AA, 0x52AA, 0x52AA, 0x52AA, 0x528A, 0x52AA, 0x18C2, 0x0000, 0x0000,
  0x0020, 0x0000, 0x0000, 0x0000, 0x0000, 0x0000, 0x0000, 0x0020, 0x0020, 0x0000, 0x0000, 0x0000,
  0x0000, 0x0000, 0x0000, 0x0020, 0x0861, 0x0000, 0x0020, 0x0021, 0x0861, 0x0021, 0x0000, 0x0000,
  0x0000, 0x0000, 0x0000, 0x0000, 0x0000, 0x0000, 0x0000, 0x0000, 0x0000, 0x0020, 0x0020, 0x0000,
  0x0000, 0x0000, 0x0000, 0x0000, 0x0000, 0x0000, 0x0000, 0x0000, 0x0000, 0x0000, 0x0000, 0x0000,
  0x0000, 0x0000, 0x0000, 0x0000, 0x0000, 0x0000, 0x0000, 0x0000, 0x0000, 0x0000, 0x0000, 0x0000,
  0x0000, 0x0000, 0x0000, 0x0000, 0x0000, 0x0020, 0x0000, 0x0000, 0x0000, 0x0841, 0x0841, 0x0000,
  0x0000, 0x0000, 0x0000, 0x0000, 0x0000, 0x0000, 0x0000, 0x0000, 0x0000, 0x0000, 0x0000, 0x0000,
  0x0000, 0x0000, 0x0000, 0x0000, 0x0000, 0x0000, 0x0000, 0x0000, 0x0000, 0x0000, 0x0000, 0x0000,
  0x0000, 0x0000, 0x1082, 0x18C3, 0x0000, 0x0000, 0x0820, 0x0841, 0x0841, 0x0861, 0x0841, 0x0840,
  0x0841, 0x0840, 0x0840, 0x0841, 0x0841, 0x0840, 0x0840, 0x0841, 0x0841, 0x0840, 0x0841, 0x0840,
  0x0840, 0x0841, 0x0840, 0x0840, 0x0840, 0x0841, 0x0861, 0x0861, 0x0861, 0x0861, 0x0841, 0x0861,
  0x0841, 0x0861, 0x0841, 0x0841, 0x0841, 0x0841, 0x0841, 0x0861, 0x0840, 0x0841, 0x1061, 0x0820,
  0x0861, 0x0841, 0x0840, 0x0840, 0x0861, 0x1061, 0x0841, 0x0841, 0x0820, 0x0861, 0x0841, 0x0840,
  0x0841, 0x0820, 0x0841, 0x0840, 0x0820, 0x0020, 0x0820, 0x0820, 0x0820, 0x0840, 0x0840, 0x0820,
  0x0840, 0x0820, 0x0840, 0x0820, 0x0820, 0x0820, 0x0020, 0x0820, 0x0840, 0x0820, 0x0820, 0x0840,
  0x0841, 0x0820, 0x0020, 0x0820, 0x0820, 0x0840, 0x0820, 0x0820, 0x0820, 0x0820, 0x0820, 0x0820,
  0x0820, 0x0820, 0x0840, 0x0820, 0x0840, 0x0840, 0x0840, 0x0841, 0x0840, 0x0841, 0x0840, 0x0840,
  0x0840, 0x0840, 0x0840, 0x0820, 0x0820, 0x0840, 0x0840, 0x0840, 0x0840, 0x0840, 0x0861, 0x1061,
  0x0820, 0x0840, 0x0840, 0x0820, 0x0840, 0x0840, 0x0820, 0x0840, 0x0861, 0x0840, 0x0840, 0x0820,
  0x0840, 0x0861, 0x0820, 0x0840, 0x0840, 0x0841, 0x0820, 0x0840, 0x0820, 0x0820, 0x0820, 0x0861,
  0x0820, 0x18E3, 0x2965, 0x2964, 0x2965, 0x2964, 0x2103, 0x2103, 0x2944, 0x2964, 0x2964, 0x2944,
  0x2143, 0x2123, 0x2123, 0x2123, 0x2103, 0x18E2, 0x2103, 0x20E3, 0x18C2, 0x18E2, 0x18C2, 0x10A2,
  0x1081, 0x1081, 0x0841, 0x0840, 0x0020, 0x0861, 0x1061, 0x0820, 0x0820, 0x0820, 0x0840, 0x0020,
  0x1081, 0x39C6, 0x39E6, 0x39C6, 0x39E6, 0x39E6, 0x41E6, 0x4207, 0x4207, 0x4207, 0x4A27, 0x4207,
  0x41E7, 0x39C6, 0x41E6, 0x39E6, 0x41E7, 0x4207, 0x4207, 0x5269, 0x4A48, 0x4A48, 0x4A48, 0x4A48,
  0x52AA, 0x52AA, 0x528A, 0x5269, 0x528A, 0x528A, 0x52AA, 0x52AA, 0x52AA, 0x528A, 0x52AA, 0x52AA,
  0x52AA, 0x52AA, 0x52AA, 0x528A, 0x52AA, 0x2124, 0x0000, 0x0000, 0x0000, 0x0000, 0x0000, 0x0020,
  0x0020, 0x0000, 0x0000, 0x0000, 0x0000, 0x0000, 0x0000, 0x0000, 0x0000, 0x0000, 0x0020, 0x0000,
  0x0841, 0x0000, 0x0020, 0x0841, 0x0020, 0x0000, 0x0000, 0x0000, 0x0000, 0x0000, 0x0000, 0x0000,
  0x0000, 0x0000, 0x0000, 0x0000, 0x0020, 0x0861, 0x0000, 0x0000, 0x0000, 0x0000, 0x0000, 0x0000,
  0x0000, 0x0000, 0x0000, 0x0000, 0x0000, 0x0000, 0x0841, 0x0020, 0x0000, 0x0000, 0x0000, 0x0841,
  0x0841, 0x0000, 0x0000, 0x0000, 0x0000, 0x0000, 0x0000, 0x0000, 0x0000, 0x0000, 0x0000, 0x0000,
  0x0000, 0x0000, 0x0000, 0x0000, 0x0020, 0x0841, 0x0020, 0x0000, 0x0000, 0x0000, 0x0000, 0x0000,
  0x0000, 0x0000, 0x0020, 0x0841, 0x0000, 0x0000, 0x0000, 0x0000, 0x0000, 0x0000, 0x0000, 0x0000,
  0x0000, 0x0000, 0x0000, 0x0000, 0x0000, 0x0000, 0x0000, 0x0000, 0x0000, 0x0000, 0x2965, 0x2945,
  0x0000, 0x0000, 0x0820, 0x0841, 0x0841, 0x0861, 0x0841, 0x0840, 0x0841, 0x0840, 0x0840, 0x0861,
  0x0841, 0x0840, 0x0841, 0x0840, 0x0840, 0x0841, 0x0840, 0x0841, 0x0841, 0x0840, 0x0840, 0x0841,
  0x0840, 0x0861, 0x0861, 0x0861, 0x0861, 0x0861, 0x0861, 0x0861, 0x0841, 0x0841, 0x0841, 0x0841,
  0x0841, 0x0841, 0x0841, 0x0861, 0x0841, 0x0861, 0x0861, 0x0861, 0x0841, 0x0841, 0x0840, 0x0841,
  0x0861, 0x0861, 0x0841, 0x0841, 0x0820, 0x0820, 0x0840, 0x0820, 0x0020, 0x0840, 0x0861, 0x0840,
  0x0820, 0x0020, 0x0820, 0x0820, 0x0820, 0x0820, 0x0820, 0x0840, 0x0840, 0x0820, 0x0820, 0x0820,
  0x0820, 0x0820, 0x0820, 0x0840, 0x0840, 0x0820, 0x0820, 0x0840, 0x0841, 0x0820, 0x0820, 0x0820,
  0x0820, 0x0840, 0x0840, 0x0820, 0x0841, 0x0840, 0x0840, 0x0820, 0x0820, 0x0820, 0x0820, 0x0820,
  0x0820, 0x0820, 0x0840, 0x0841, 0x0840, 0x0841, 0x0840, 0x0841, 0x0840, 0x0840, 0x0840, 0x0820,
  0x0820, 0x0840, 0x0840, 0x0820, 0x0840, 0x0840, 0x0841, 0x0841, 0x0840, 0x0841, 0x0820, 0x0820,
  0x0840, 0x0841, 0x0820, 0x0820, 0x0820, 0x0841, 0x0840, 0x0820, 0x0840, 0x0861, 0x0820, 0x0840,
  0x0820, 0x0840, 0x0820, 0x0841, 0x0820, 0x0841, 0x0841, 0x0820, 0x0840, 0x0861, 0x1082, 0x2944,
  0x2965, 0x2944, 0x2964, 0x2144, 0x2103, 0x2123, 0x2144, 0x2944, 0x2944, 0x2123, 0x2123, 0x2123,
  0x2103, 0x18E2, 0x2103, 0x2103, 0x18C2, 0x18C2, 0x18E2, 0x10A2, 0x10A2, 0x1081, 0x0861, 0x0861,
  0x1081, 0x10A2, 0x0840, 0x0020, 0x0820, 0x0820, 0x0020, 0x0861, 0x39C6, 0x39C6, 0x31A5, 0x39E6,
  0x39E6, 0x39E6, 0x39E6, 0x4207, 0x4207, 0x4207, 0x4A27, 0x4207, 0x4207, 0x39C6, 0x39E6, 0x41E6,
  0x41E6, 0x4207, 0x41E7, 0x5269, 0x4A48, 0x4A28, 0x4A48, 0x4A48, 0x528A, 0x52AA, 0x528A, 0x5269,
  0x528A, 0x528A, 0x52AA, 0x528A, 0x52AA, 0x528A, 0x52AA, 0x52AA, 0x52AA, 0x52AA, 0x52AA, 0x528A,
  0x52AA, 0x3165, 0x0000, 0x0000, 0x0000, 0x0000, 0x0020, 0x0020, 0x0000, 0x0000, 0x0000, 0x0000,
  0x0000, 0x0000, 0x0000, 0x0000, 0x0000, 0x0020, 0x0020, 0x0000, 0x0000, 0x0000, 0x0000, 0x0000,
  0x0020, 0x0841, 0x0000, 0x0000, 0x0000, 0x0000, 0x0000, 0x0000, 0x0000, 0x0000, 0x0000, 0x0000,
  0x0000, 0x0841, 0x0000, 0x0000, 0x0000, 0x0000, 0x0000, 0x0000, 0x0000, 0x0020, 0x0000, 0x0000,
  0x0000, 0x0000, 0x0000, 0x0000, 0x0000, 0x0000, 0x0000, 0x0841, 0x0861, 0x0020, 0x0000, 0x0000,
  0x0000, 0x0000, 0x0000, 0x0000, 0x0000, 0x0000, 0x0000, 0x0000, 0x0000, 0x0000, 0x0000, 0x0000,
  0x0841, 0x10A2, 0x0000, 0x0000, 0x0841, 0x0000, 0x0000, 0x0000, 0x0000, 0x0000, 0x0000, 0x0000,
  0x0000, 0x0000, 0x0000, 0x0000, 0x0000, 0x0000, 0x0000, 0x0000, 0x0000, 0x0000, 0x0000, 0x0000,
  0x0000, 0x0000, 0x0000, 0x0000, 0x0000, 0x0000, 0x0841, 0x0020, 0x0000, 0x0020, 0x0820, 0x0841,
  0x0841, 0x0861, 0x0841, 0x0840, 0x0841, 0x0840, 0x0840, 0x0841, 0x0840, 0x0840, 0x0841, 0x0840,
  0x0840, 0x0841, 0x0841, 0x0861, 0x0841, 0x0840, 0x0840, 0x0840, 0x0840, 0x0861, 0x1081, 0x0861,
  0x0861, 0x0861, 0x0861, 0x0861, 0x0861, 0x0841, 0x0861, 0x0841, 0x0841, 0x0841, 0x0861, 0x0841,
  0x0841, 0x0841, 0x0861, 0x1061, 0x0841, 0x0841, 0x0840, 0x0841, 0x0861, 0x0861, 0x0841, 0x0841,
  0x0820, 0x0820, 0x0820, 0x0820, 0x0020, 0x0841, 0x0841, 0x0840, 0x0820, 0x0820, 0x0820, 0x0820,
  0x0820, 0x0840, 0x0820, 0x0840, 0x0840, 0x0840, 0x0840, 0x0840, 0x0840, 0x0820, 0x0820, 0x0840,
  0x0840, 0x0820, 0x0820, 0x0840, 0x0841, 0x0820, 0x0840, 0x0820, 0x0820, 0x0820, 0x0820, 0x0820,
  0x0861, 0x0820, 0x0820, 0x0820, 0x0840, 0x0820, 0x0820, 0x0820, 0x0840, 0x0840, 0x0820, 0x0841,
  0x0840, 0x0841, 0x0840, 0x0840, 0x0840, 0x0840, 0x0820, 0x0840, 0x0820, 0x0820, 0x0840, 0x0840,
  0x0820, 0x0840, 0x0820, 0x0820, 0x0840, 0x0840, 0x0820, 0x0820, 0x0820, 0x0861, 0x0820, 0x0820,
  0x0820, 0x0820, 0x0840, 0x0840, 0x0840, 0x0840, 0x0820, 0x0841, 0x0841, 0x0820, 0x0840, 0x0820,
  0x0000, 0x0821, 0x0840, 0x0020, 0x0841, 0x1061, 0x0841, 0x0840, 0x18E3, 0x2965, 0x2124, 0x2944,
  0x2964, 0x2124, 0x2103, 0x2103, 0x2123, 0x2123, 0x2123, 0x2123, 0x2103, 0x18E2, 0x1903, 0x18E3,
  0x18E3, 0x10A1, 0x18C2, 0x10A2, 0x10A1, 0x10A1, 0x18C2, 0x10A2, 0x1082, 0x0840, 0x0820, 0x0820,
  0x0820, 0x0000, 0x0840, 0x39C6, 0x39C6, 0x2964, 0x3185, 0x39E6, 0x39E6, 0x39E6, 0x39E6, 0x4207,
  0x4207, 0x4207, 0x4227, 0x4207, 0x4207, 0x39C6, 0x39E6, 0x39C6, 0x41E6, 0x4207, 0x41E7, 0x4A48,
  0x4A48, 0x4A28, 0x4A48, 0x5249, 0x528A, 0x52AA, 0x528A, 0x4A69, 0x5289, 0x528A, 0x528A, 0x528A,
  0x528A, 0x528A, 0x52AA, 0x52AA, 0x52AA, 0x52AA, 0x52AA, 0x528A, 0x52AA, 0x31A6, 0x2124, 0x18C3,
  0x0000, 0x0000, 0x0000, 0x0841, 0x0861, 0x0020, 0x0000, 0x0000, 0x0000, 0x0000, 0x0000, 0x0000,
  0x0000, 0x0000, 0x0000, 0x0000, 0x0000, 0x0000, 0x0000, 0x0000, 0x0020, 0x0841, 0x0000, 0x0000,
  0x0000, 0x0000, 0x0000, 0x0000, 0x0000, 0x0000, 0x10A2, 0x0020, 0x0000, 0x0000, 0x0020, 0x0000,
  0x0000, 0x0000, 0x0000, 0x0841, 0x10A2, 0x0000, 0x0000, 0x0020, 0x0020, 0x0000, 0x0841, 0x0861,
  0x0000, 0x0000, 0x0000, 0x0000, 0x0000, 0x0000, 0x0000, 0x0000, 0x0000, 0x0000, 0x0000, 0x0000,
  0x0000, 0x0000, 0x0000, 0x0000, 0x0000, 0x0000, 0x0000, 0x0020, 0x0020, 0x0020, 0x0000, 0x0000,
  0x0841, 0x0000, 0x0000, 0x0000, 0x0000, 0x0000, 0x0000, 0x0000, 0x0000, 0x0000, 0x0841, 0x0000,
  0x0000, 0x0000, 0x0000, 0x0000, 0x0000, 0x0020, 0x0000, 0x0000, 0x0000, 0x0000, 0x0000, 0x0000,
  0x0000, 0x0000, 0x0000, 0x0000, 0x0000, 0x0020, 0x0840, 0x0841, 0x0841, 0x0861, 0x0841, 0x0841,
  0x0840, 0x0840, 0x0840, 0x0841, 0x0840, 0x0840, 0x0840, 0x0840, 0x0840, 0x0841, 0x0840, 0x0860,
  0x0840, 0x0841, 0x0840, 0x0840, 0x0840, 0x0861, 0x1082, 0x0861, 0x1061, 0x0841, 0x0861, 0x0861,
  0x0861, 0x0841, 0x0841, 0x0841, 0x0841, 0x0861, 0x0861, 0x0861, 0x0841, 0x0841, 0x0861, 0x0841,
  0x0861, 0x0840, 0x0840, 0x0840, 0x0861, 0x0861, 0x0841, 0x0841, 0x0820, 0x0820, 0x0820, 0x0020,
  0x0820, 0x0841, 0x0861, 0x0840, 0x0020, 0x0020, 0x0820, 0x0820, 0x1061, 0x0861, 0x0820, 0x0840,
  0x0840, 0x0820, 0x0820, 0x0820, 0x0820, 0x0820, 0x0020, 0x0840, 0x0840, 0x0820, 0x0840, 0x0841,
  0x0841, 0x0820, 0x0820, 0x0820, 0x0840, 0x0840, 0x0820, 0x0840, 0x0820, 0x0840, 0x0840, 0x0820,
  0x0840, 0x0820, 0x0840, 0x0820, 0x0820, 0x0840, 0x0820, 0x0840, 0x0841, 0x0840, 0x0840, 0x0840,
  0x0840, 0x0840, 0x0820, 0x0820, 0x0820, 0x0820, 0x0840, 0x0820, 0x0840, 0x0820, 0x0840, 0x0840,
  0x0840, 0x0841, 0x0820, 0x0820, 0x0820, 0x0841, 0x0840, 0x0840, 0x0820, 0x0820, 0x0840, 0x0840,
  0x0840, 0x0841, 0x0840, 0x0820, 0x0820, 0x0820, 0x0820, 0x0820, 0x0000, 0x0820, 0x0820, 0x0020,
  0x0840, 0x1061, 0x1041, 0x0840, 0x0820, 0x1081, 0x2103, 0x2944, 0x2144, 0x2144, 0x2944, 0x2944,
  0x2103, 0x2103, 0x2103, 0x18E2, 0x18E3, 0x18C2, 0x18E2, 0x18E2, 0x18E3, 0x18C2, 0x18E2, 0x18E2,
  0x18E3, 0x18E2, 0x18C2, 0x1061, 0x0841, 0x1061, 0x0840, 0x0820, 0x0020, 0x18C2, 0x3185, 0x39E6,
  0x2985, 0x2964, 0x2985, 0x39C6, 0x39E6, 0x39E6, 0x39E6, 0x4207, 0x4207, 0x4207, 0x4207, 0x4207,
  0x4207, 0x39C6, 0x39C6, 0x41E6, 0x4207, 0x41E7, 0x41E7, 0x4A48, 0x5268, 0x4A27, 0x4A48, 0x5249,
  0x528A, 0x52AA, 0x52AA, 0x5269, 0x528A, 0x528A, 0x528A, 0x528A, 0x528A, 0x528A, 0x52AA, 0x52AA,
  0x52AA, 0x52AA, 0x52AA, 0x52AA, 0x52AA, 0x39E7, 0x0861, 0x0841, 0x0000, 0x0000, 0x0000, 0x0861,
  0x18C3, 0x0000, 0x0000, 0x0000, 0x0000, 0x0000, 0x0020, 0x0020, 0x0000, 0x0000, 0x0000, 0x0020,
  0x0020, 0x0000, 0x0000, 0x0000, 0x0000, 0x0000, 0x0000, 0x0861, 0x1082, 0x0020, 0x0000, 0x0020,
  0x0000, 0x0000, 0x0841, 0x0000, 0x0861, 0x0841, 0x0841, 0x0000, 0x0000, 0x0000, 0x0000, 0x0020,
  0x0020, 0x0000, 0x0000, 0x0020, 0x0020, 0x0000, 0x0020, 0x0020, 0x0000, 0x0000, 0x0000, 0x0000,
  0x0000, 0x0000, 0x0000, 0x0000, 0x0000, 0x0000, 0x0000, 0x0000, 0x0000, 0x0000, 0x0000, 0x0000,
  0x0000, 0x0000, 0x0000, 0x0861, 0x1082, 0x0841, 0x0000, 0x0000, 0x0000, 0x0000, 0x0000, 0x0000,
  0x0000, 0x0000, 0x0000, 0x0000, 0x0000, 0x0020, 0x0861, 0x0000, 0x0000, 0x0000, 0x0000, 0x0000,
  0x0000, 0x0000, 0x0000, 0x0000, 0x0841, 0x0000, 0x0000, 0x0000, 0x0000, 0x0000, 0x0000, 0x0000,
  0x0000, 0x0020, 0x0841, 0x0841, 0x0861, 0x0861, 0x0841, 0x0841, 0x0840, 0x0840, 0x0840, 0x0841,
  0x0840, 0x0841, 0x0841, 0x0841, 0x0840, 0x0840, 0x0860, 0x0861, 0x0860, 0x0840, 0x0840, 0x0840,
  0x0840, 0x0861, 0x0861, 0x0861, 0x0861, 0x0861, 0x0861, 0x0861, 0x0841, 0x0841, 0x0861, 0x0841,
  0x0861, 0x0841, 0x0861, 0x0841, 0x0841, 0x0841, 0x0841, 0x0841, 0x0841, 0x0841, 0x0841, 0x0841,
  0x0861, 0x0861, 0x0841, 0x0840, 0x0820, 0x0820, 0x0820, 0x0020, 0x0820, 0x0841, 0x0841, 0x0820,
  0x0820, 0x0820, 0x0840, 0x0820, 0x0840, 0x0840, 0x0840, 0x0840, 0x0840, 0x0820, 0x0820, 0x0820,
  0x0820, 0x0820, 0x0820, 0x0840, 0x0820, 0x0820, 0x0840, 0x0841, 0x0840, 0x0820, 0x0820, 0x0820,
  0x0820, 0x0840, 0x0840, 0x0820, 0x0840, 0x0820, 0x0820, 0x0820, 0x0840, 0x0820, 0x0820, 0x0820,
  0x0820, 0x0820, 0x0841, 0x0841, 0x0820, 0x0840, 0x0840, 0x0861, 0x0820, 0x0820, 0x0820, 0x0820,
  0x0020, 0x0820, 0x0820, 0x0820, 0x0820, 0x0820, 0x0820, 0x0840, 0x0840, 0x0840, 0x0820, 0x0820,
  0x0820, 0x0820, 0x0820, 0x0820, 0x0820, 0x0840, 0x0841, 0x0841, 0x0820, 0x0841, 0x0820, 0x0841,
  0x0840, 0x0840, 0x0840, 0x0820, 0x0000, 0x0020, 0x0820, 0x0820, 0x0820, 0x0000, 0x0000, 0x0840,
  0x0841, 0x0820, 0x0840, 0x10A2, 0x2124, 0x2144, 0x2144, 0x2144, 0x2124, 0x2124, 0x2123, 0x2123,
  0x1903, 0x18E2, 0x18E2, 0x18E2, 0x18E3, 0x18E2, 0x18C2, 0x18E2, 0x18E2, 0x10A2, 0x10A2, 0x10A2,
  0x0861, 0x0841, 0x0840, 0x0840, 0x2124, 0x39C6, 0x3185, 0x2944, 0x2985, 0x2964, 0x2965, 0x39C6,
  0x39E6, 0x39E6, 0x39E6, 0x4207, 0x4207, 0x4207, 0x4227, 0x4227, 0x4227, 0x39E6, 0x39E6, 0x41E6,
  0x4207, 0x41E7, 0x41E7, 0x4A48, 0x4A48, 0x4A28, 0x4A48, 0x4A48, 0x5269, 0x52AA, 0x52AA, 0x5269,
  0x528A, 0x528A, 0x528A, 0x528A, 0x528A, 0x52AA, 0x52AA, 0x52AA, 0x52AA, 0x52AA, 0x52AA, 0x52AA,
  0x528A, 0x4A49, 0x0020, 0x0000, 0x0000, 0x0000, 0x0000, 0x0000, 0x0000, 0x0000, 0x0000, 0x0000,
  0x0000, 0x0000, 0x0000, 0x0020, 0x0000, 0x0000, 0x0000, 0x0841, 0x10A2, 0x0000, 0x0020, 0x0861,
  0x0000, 0x0000, 0x0000, 0x0020, 0x0020, 0x0000, 0x0020, 0x0020, 0x0000, 0x0000, 0x0000, 0x0000,
  0x0861, 0x0020, 0x0000, 0x0000, 0x0000, 0x0000, 0x0000, 0x0000, 0x0000, 0x0000, 0x0000, 0x0000,
  0x0000, 0x0000, 0x0000, 0x0000, 0x0000, 0x0000, 0x0000, 0x0000, 0x0000, 0x0000, 0x0000, 0x18C3,
  0x1082, 0x0000, 0x0000, 0x0000, 0x0000, 0x0000, 0x0000, 0x0000, 0x0000, 0x0000, 0x0000, 0x0000,
  0x0000, 0x0000, 0x0000, 0x18E3, 0x0841, 0x0000, 0x0020, 0x0020, 0x0000, 0x0000, 0x0000, 0x0000,
  0x0000, 0x0020, 0x0020, 0x0000, 0x0000, 0x0000, 0x0000, 0x0000, 0x0000, 0x0000, 0x0000, 0x0000,
  0x0841, 0x0000, 0x0000, 0x0000, 0x0000, 0x0000, 0x0000, 0x0000, 0x0000, 0x0020, 0x0840, 0x0841,
  0x0861, 0x0841, 0x0841, 0x0840, 0x0840, 0x0841, 0x0841, 0x0841, 0x0840, 0x0841, 0x0840, 0x0840,
  0x0840, 0x0840, 0x0861, 0x1081, 0x0861, 0x0840, 0x0840, 0x0840, 0x0840, 0x0861, 0x1061, 0x0861,
  0x0861, 0x0840, 0x0861, 0x0861, 0x0841, 0x0841, 0x0841, 0x0841, 0x0861, 0x0841, 0x0861, 0x0841,
  0x0841, 0x0841, 0x0861, 0x0841, 0x0841, 0x0841, 0x0841, 0x0861, 0x1061, 0x0861, 0x0841, 0x0840,
  0x0820, 0x0020, 0x0840, 0x0820, 0x0820, 0x0841, 0x0841, 0x0820, 0x0840, 0x0820, 0x0840, 0x0840,
  0x0841, 0x0841, 0x0840, 0x0840, 0x0840, 0x0820, 0x0820, 0x0820, 0x0820, 0x0820, 0x0820, 0x0840,
  0x0840, 0x0840, 0x0841, 0x0840, 0x0840, 0x0020, 0x0820, 0x0841, 0x0840, 0x0861, 0x0841, 0x0841,
  0x0841, 0x0861, 0x0861, 0x0820, 0x0840, 0x0841, 0x0861, 0x0840, 0x0840, 0x0840, 0x0840, 0x0841,
  0x0841, 0x0840, 0x0840, 0x1061, 0x1061, 0x0861, 0x0841, 0x0841, 0x0820, 0x0861, 0x0841, 0x0840,
  0x0820, 0x0820, 0x0840, 0x0840, 0x0840, 0x0841, 0x0841, 0x0840, 0x0820, 0x0841, 0x0861, 0x0840,
  0x0820, 0x0820, 0x0841, 0x0840, 0x0820, 0x0841, 0x0840, 0x0840, 0x0820, 0x0841, 0x0841, 0x0820,
  0x0020, 0x0820, 0x0020, 0x0020, 0x1061, 0x0840, 0x0861, 0x0820, 0x0000, 0x0020, 0x0820, 0x0020,
  0x0841, 0x10A2, 0x18E3, 0x2123, 0x2124, 0x2123, 0x2123, 0x2123, 0x2103, 0x18E2, 0x18E3, 0x18E2,
  0x18E2, 0x18E2, 0x10C2, 0x18E2, 0x18E2, 0x18C2, 0x10A2, 0x10A2, 0x1081, 0x1081, 0x1081, 0x31A5,
  0x39C6, 0x2944, 0x2144, 0x2944, 0x2985, 0x2144, 0x2965, 0x39C6, 0x39C6, 0x39E6, 0x39E6, 0x4207,
  0x4207, 0x4207, 0x4207, 0x4207, 0x4207, 0x39C6, 0x39C6, 0x41E6, 0x41E7, 0x4207, 0x41E7, 0x4A48,
  0x5268, 0x4A28, 0x4A48, 0x5249, 0x4A49, 0x52AA, 0x52AA, 0x5269, 0x526A, 0x528A, 0x528A, 0x528A,
  0x528A, 0x52AA, 0x528A, 0x52AA, 0x52AA, 0x52AA, 0x52AA, 0x52AA, 0x528A, 0x5269, 0x1082, 0x0000,
  0x0841, 0x0000, 0x0000, 0x0000, 0x0000, 0x0000, 0x0000, 0x0000, 0x0000, 0x0000, 0x0000, 0x0000,
  0x0000, 0x0000, 0x0000, 0x0000, 0x0000, 0x0841, 0x0841, 0x0841, 0x0000, 0x0000, 0x0000, 0x0000,
  0x0000, 0x0000, 0x0020, 0x0000, 0x0000, 0x0000, 0x0000, 0x0000, 0x0000, 0x0000, 0x0000, 0x0000,
  0x0000, 0x0000, 0x0020, 0x0020, 0x0000, 0x0000, 0x0000, 0x0000, 0x0000, 0x0000, 0x0000, 0x0000,
  0x0000, 0x0000, 0x0841, 0x0841, 0x0000, 0x0000, 0x0000, 0x0020, 0x0020, 0x0000, 0x0000, 0x0000,
  0x0000, 0x0000, 0x0000, 0x0000, 0x0000, 0x0000, 0x0000, 0x0000, 0x0000, 0x0000, 0x0000, 0x0020,
  0x0020, 0x0000, 0x0020, 0x0020, 0x0000, 0x0000, 0x0000, 0x0000, 0x0000, 0x0000, 0x0020, 0x0000,
  0x0000, 0x0000, 0x0000, 0x0000, 0x0000, 0x0000, 0x0000, 0x0000, 0x0000, 0x0000, 0x0000, 0x0000,
  0x0000, 0x0000, 0x0000, 0x0000, 0x0020, 0x0820, 0x0840, 0x0841, 0x0861, 0x0841, 0x0840, 0x0840,
  0x0841, 0x0841, 0x0841, 0x0841, 0x0840, 0x0841, 0x0841, 0x0840, 0x0840, 0x0841, 0x0840, 0x0840,
  0x0840, 0x0841, 0x0841, 0x0840, 0x0841, 0x0861, 0x1081, 0x0861, 0x0861, 0x0840, 0x1081, 0x0861,
  0x0841, 0x0841, 0x0841, 0x0861, 0x0861, 0x0841, 0x0841, 0x0840, 0x0841, 0x0841, 0x0841, 0x0841,
  0x0841, 0x0841, 0x0841, 0x0861, 0x1061, 0x0861, 0x0840, 0x0861, 0x0841, 0x0020, 0x0820, 0x0820,
  0x0820, 0x0841, 0x0841, 0x0820, 0x0820, 0x0820, 0x0840, 0x0840, 0x0840, 0x0840, 0x0840, 0x0840,
  0x0820, 0x0820, 0x0820, 0x0820, 0x0820, 0x0820, 0x0820, 0x0840, 0x0840, 0x0840, 0x0841, 0x0841,
  0x0840, 0x0820, 0x0840, 0x0840, 0x0840, 0x0840, 0x0840, 0x0840, 0x0841, 0x0820, 0x0820, 0x0840,
  0x0820, 0x0820, 0x0840, 0x0820, 0x0820, 0x0820, 0x0841, 0x0841, 0x0840, 0x0840, 0x0840, 0x0840,
  0x0841, 0x0841, 0x0841, 0x0840, 0x0840, 0x0841, 0x0841, 0x0840, 0x0841, 0x0840, 0x0840, 0x0840,
  0x0840, 0x0840, 0x0841, 0x0841, 0x0840, 0x0841, 0x0841, 0x0840, 0x0820, 0x0840, 0x0840, 0x0840,
  0x0820, 0x0820, 0x0840, 0x0840, 0x0820, 0x0840, 0x0840, 0x0820, 0x0000, 0x0820, 0x0841, 0x0000,
  0x0861, 0x0841, 0x0861, 0x0840, 0x0000, 0x0000, 0x0000, 0x0820, 0x0820, 0x0000, 0x0820, 0x0861,
  0x10A2, 0x18E3, 0x1903, 0x2103, 0x2103, 0x1903, 0x18E3, 0x18E3, 0x18E3, 0x18E3, 0x18E2, 0x18C2,
  0x18E3, 0x18C2, 0x10C2, 0x10A2, 0x2103, 0x2965, 0x2964, 0x2964, 0x2964, 0x2964, 0x2144, 0x2944,
  0x2985, 0x2964, 0x2965, 0x31C6, 0x39C6, 0x39E6, 0x39E6, 0x4207, 0x4207, 0x4207, 0x4207, 0x4207,
  0x41E6, 0x39C6, 0x39C6, 0x39C6, 0x4207, 0x4207, 0x39C6, 0x4227, 0x5268, 0x4207, 0x4A48, 0x5249,
  0x5269, 0x52AA, 0x52AA, 0x4A69, 0x526A, 0x528A, 0x528A, 0x528A, 0x528A, 0x52AA, 0x528A, 0x52AA,
  0x52AA, 0x52AA, 0x52AA, 0x52AA, 0x528A, 0x528A, 0x18C3, 0x0000, 0x0020, 0x0020, 0x0020, 0x0000,
  0x0000, 0x0000, 0x0000, 0x0000, 0x0000, 0x0000, 0x0000, 0x0000, 0x0000, 0x0000, 0x0000, 0x0000,
  0x0000, 0x0000, 0x0000, 0x0000, 0x0000, 0x0000, 0x0000, 0x0000, 0x0000, 0x0000, 0x0020, 0x0000,
  0x0000, 0x0000, 0x0000, 0x0000, 0x0000, 0x0861, 0x0861, 0x0000, 0x0000, 0x0000, 0x0000, 0x0000,
  0x0000, 0x0000, 0x0000, 0x0000, 0x0000, 0x0000, 0x0000, 0x0000, 0x0000, 0x0000, 0x0000, 0x0000,
  0x0000, 0x0020, 0x1082, 0x0000, 0x0000, 0x0000, 0x0000, 0x0000, 0x0000, 0x0000, 0x0000, 0x0000,
  0x0000, 0x0000, 0x0000, 0x0000, 0x0000, 0x0000, 0x0000, 0x0000, 0x0000, 0x0000, 0x0000, 0x0000,
  0x0000, 0x0000, 0x0000, 0x0000, 0x0000, 0x0000, 0x0000, 0x0000, 0x0000, 0x0000, 0x0000, 0x0000,
  0x0000, 0x0000, 0x0000, 0x0000, 0x0000, 0x0000, 0x0000, 0x0000, 0x0000, 0x0000, 0x0000, 0x0000,
  0x0000, 0x0820, 0x0841, 0x0841, 0x0861, 0x0841, 0x0840, 0x0840, 0x0840, 0x0840, 0x0861, 0x0841,
  0x0840, 0x0841, 0x0840, 0x0840, 0x0840, 0x0861, 0x0841, 0x0840, 0x0840, 0x0841, 0x0840, 0x0840,
  0x0841, 0x0861, 0x1061, 0x1061, 0x1081, 0x0841, 0x0861, 0x0861, 0x0841, 0x0861, 0x0861, 0x0841,
  0x0861, 0x0841, 0x0840, 0x0841, 0x0841, 0x0861, 0x0841, 0x0841, 0x0841, 0x0840, 0x0840, 0x0861,
  0x1061, 0x0841, 0x0841, 0x1061, 0x0840, 0x0840, 0x0820, 0x0820, 0x0820, 0x0841, 0x0841, 0x0840,
  0x0820, 0x0820, 0x0840, 0x0840, 0x0841, 0x0840, 0x0840, 0x0840, 0x0820, 0x0840, 0x0840, 0x0840,
  0x0840, 0x0820, 0x0820, 0x0841, 0x0840, 0x0840, 0x0840, 0x0841, 0x0840, 0x0840, 0x0841, 0x0020,
  0x0820, 0x0820, 0x0820, 0x0820, 0x0840, 0x0820, 0x0820, 0x0820, 0x0820, 0x0820, 0x0820, 0x0820,
  0x0840, 0x0820, 0x0841, 0x0840, 0x0840, 0x0840, 0x0840, 0x0820, 0x0820, 0x0820, 0x0820, 0x0820,
  0x0820, 0x0820, 0x0820, 0x0820, 0x0840, 0x0820, 0x0820, 0x0840, 0x0840, 0x0840, 0x0840, 0x0841,
  0x0840, 0x0820, 0x0841, 0x0820, 0x0820, 0x0820, 0x0840, 0x0840, 0x0840, 0x0840, 0x0840, 0x0840,
  0x0840, 0x0840, 0x0840, 0x0840, 0x0020, 0x0020, 0x0820, 0x0820, 0x0000, 0x0000, 0x0000, 0x0020,
  0x0000, 0x0841, 0x0840, 0x0000, 0x0000, 0x0000, 0x0820, 0x0820, 0x0000, 0x0020, 0x0840, 0x0861,
  0x1081, 0x10A2, 0x10A2, 0x10A2, 0x10C2, 0x18C2, 0x18C2, 0x10C2, 0x18E3, 0x2103, 0x2124, 0x2964,
  0x2964, 0x2124, 0x2123, 0x2123, 0x2964, 0x2944, 0x2124, 0x2144, 0x2965, 0x2964, 0x2964, 0x31A5,
  0x39C6, 0x39E6, 0x39C6, 0x4206, 0x4207, 0x4206, 0x4207, 0x4207, 0x39C6, 0x39C6, 0x39C6, 0x39C6,
  0x4207, 0x41E7, 0x39C6, 0x4207, 0x5268, 0x4207, 0x4A28, 0x4A28, 0x4A48, 0x52AA, 0x52AA, 0x526A,
  0x5269, 0x5269, 0x528A, 0x528A, 0x528A, 0x52AA, 0x528A, 0x52AA, 0x52AA, 0x52AA, 0x52AA, 0x52AA,
  0x528A, 0x52AA, 0x2104, 0x0000, 0x0000, 0x0000, 0x0000, 0x0000, 0x0000, 0x0000, 0x0000, 0x0000,
  0x0000, 0x0000, 0x0000, 0x0000, 0x0000, 0x0000, 0x0000, 0x0000, 0x0000, 0x0000, 0x0000, 0x0000,
  0x0000, 0x0000, 0x0000, 0x0000, 0x0000, 0x0000, 0x0000, 0x0020, 0x0000, 0x0000, 0x0000, 0x0000,
  0x0000, 0x0000, 0x0000, 0x0000, 0x0000, 0x0000, 0x0000, 0x0000, 0x0000, 0x0000, 0x0000, 0x0000,
  0x0000, 0x0000, 0x0000, 0x0000, 0x0000, 0x0000, 0x0000, 0x0000, 0x0000, 0x0000, 0x0841, 0x0000,
  0x0000, 0x0000, 0x0000, 0x0000, 0x0000, 0x0000, 0x0000, 0x0000, 0x0000, 0x0000, 0x0000, 0x0000,
  0x0000, 0x0000, 0x0000, 0x0000, 0x0000, 0x0000, 0x0000, 0x0000, 0x0000, 0x0000, 0x0000, 0x0000,
  0x0000, 0x0000, 0x0000, 0x0000, 0x0000, 0x0000, 0x0000, 0x0000, 0x0000, 0x0000, 0x0000, 0x0000,
  0x0000, 0x0000, 0x0000, 0x0000, 0x0000, 0x0000, 0x0000, 0x0000, 0x0000, 0x0820, 0x0841, 0x0841,
  0x0861, 0x0841, 0x0841, 0x0840, 0x0840, 0x0840, 0x0841, 0x0840, 0x0840, 0x0840, 0x0840, 0x0840,
  0x0840, 0x0840, 0x0840, 0x0840, 0x0840, 0x0840, 0x0840, 0x0840, 0x0841, 0x1081, 0x1061, 0x1081,
  0x0861, 0x0841, 0x0840, 0x0841, 0x0841, 0x0841, 0x0841, 0x0841, 0x0861, 0x0841, 0x0840, 0x0861,
  0x0861, 0x0861, 0x0841, 0x0841, 0x0841, 0x0841, 0x0841, 0x0861, 0x1061, 0x0861, 0x0841, 0x0861,
  0x0840, 0x0820, 0x0820, 0x0820, 0x0840, 0x0861, 0x0841, 0x0840, 0x0840, 0x0840, 0x0841, 0x0840,
  0x0840, 0x0840, 0x0840, 0x0840, 0x0840, 0x0840, 0x0840, 0x0840, 0x0841, 0x0820, 0x0820, 0x0841,
  0x0820, 0x0840, 0x0841, 0x0841, 0x0840, 0x0820, 0x0840, 0x0820, 0x0820, 0x0820, 0x0820, 0x0820,
  0x0840, 0x0820, 0x0820, 0x0820, 0x0820, 0x0820, 0x0820, 0x0820, 0x0820, 0x0820, 0x0841, 0x0840,
  0x0840, 0x0841, 0x0820, 0x0820, 0x0840, 0x0820, 0x0840, 0x0820, 0x0820, 0x0840, 0x0820, 0x0820,
  0x0820, 0x0840, 0x0820, 0x0840, 0x0840, 0x0841, 0x0841, 0x0841, 0x0840, 0x0840, 0x0841, 0x0820,
  0x0820, 0x0840, 0x0840, 0x0840, 0x0841, 0x0840, 0x0840, 0x0840, 0x0840, 0x0820, 0x0840, 0x0840,
  0x0820, 0x0820, 0x0020, 0x0020, 0x0020, 0x0020, 0x0000, 0x0000, 0x0820, 0x0820, 0x0000, 0x0020,
  0x0000, 0x0000, 0x0000, 0x0000, 0x0820, 0x0840, 0x0841, 0x0861, 0x1061, 0x1081, 0x1081, 0x1081,
  0x10C2, 0x18E3, 0x1903, 0x18E3, 0x2103, 0x2124, 0x2103, 0x2103, 0x2103, 0x18E3, 0x1903, 0x2124,
  0x2144, 0x2964, 0x2124, 0x2144, 0x2965, 0x2944, 0x2944, 0x31A5, 0x39C6, 0x39E6, 0x39E6, 0x4206,
  0x4206, 0x41E6, 0x4207, 0x4207, 0x39C6, 0x3185, 0x39C6, 0x39E6, 0x39C6, 0x39C6, 0x39C6, 0x39E7,
  0x5269, 0x4A28, 0x4A48, 0x4A48, 0x4A48, 0x52AA, 0x52AA, 0x5269, 0x5269, 0x5269, 0x5269, 0x528A,
  0x5289, 0x52AA, 0x528A, 0x52AA, 0x52AA, 0x52AA, 0x52AA, 0x52AA, 0x528A, 0x528A, 0x2944, 0x0000,
  0x0000, 0x0000, 0x0000, 0x0000, 0x0000, 0x0000, 0x0000, 0x0000, 0x0000, 0x0000, 0x0000, 0x0000,
  0x0000, 0x0000, 0x0000, 0x0000, 0x0000, 0x0000, 0x0000, 0x0000, 0x0000, 0x0000, 0x0000, 0x0020,
  0x1082, 0x0000, 0x0000, 0x0000, 0x0000, 0x0000, 0x0000, 0x0000, 0x0000, 0x0000, 0x0000, 0x0000,
  0x0000, 0x0000, 0x0000, 0x0000, 0x0000, 0x0000, 0x0000, 0x0000, 0x0000, 0x0000, 0x0000, 0x0000,
  0x0000, 0x0000, 0x0020, 0x0000, 0x0000, 0x0000, 0x0000, 0x0000, 0x0000, 0x0000, 0x0000, 0x0000,
  0x0000, 0x0000, 0x0000, 0x0000, 0x0000, 0x10A2, 0x1082, 0x0000, 0x0000, 0x0000, 0x0000, 0x0000,
  0x0000, 0x0000, 0x0000, 0x0000, 0x0000, 0x0000, 0x0000, 0x0000, 0x0020, 0x0020, 0x0000, 0x0000,
  0x0000, 0x0000, 0x0000, 0x0841, 0x0841, 0x0000, 0x0000, 0x0000, 0x0000, 0x0000, 0x0000, 0x0000,
  0x0000, 0x0000, 0x0000, 0x0000, 0x0020, 0x0841, 0x0841, 0x0841, 0x0861, 0x0861, 0x0861, 0x0861,
  0x0841, 0x0841, 0x0861, 0x0841, 0x0841, 0x0841, 0x0841, 0x0841, 0x0841, 0x0861, 0x0861, 0x0861,
  0x0841, 0x0841, 0x0841, 0x0841, 0x0861, 0x1061, 0x1081, 0x1081, 0x0861, 0x0861, 0x0861, 0x0861,
  0x0841, 0x0841, 0x0861, 0x0841, 0x0861, 0x0861, 0x0841, 0x0840, 0x0840, 0x0861, 0x0840, 0x0841,
  0x0841, 0x0840, 0x0840, 0x0861, 0x1061, 0x0841, 0x0841, 0x1061, 0x0840, 0x0820, 0x0820, 0x0020,
  0x0820, 0x0841, 0x0841, 0x0820, 0x0820, 0x0840, 0x0840, 0x0840, 0x0840, 0x0840, 0x0840, 0x0840,
  0x0840, 0x0840, 0x0841, 0x0841, 0x0840, 0x0820, 0x0820, 0x0840, 0x0840, 0x0840, 0x0841, 0x0841,
  0x0840, 0x0820, 0x0820, 0x0820, 0x0820, 0x0820, 0x0840, 0x0841, 0x0841, 0x0840, 0x0840, 0x0841,
  0x0820, 0x0840, 0x0861, 0x0820, 0x0840, 0x0820, 0x0840, 0x0840, 0x0840, 0x0840, 0x0820, 0x0820,
  0x0841, 0x0820, 0x0840, 0x0820, 0x0820, 0x0820, 0x0820, 0x0820, 0x0820, 0x0820, 0x0820, 0x0840,
  0x0840, 0x0840, 0x0841, 0x0840, 0x0840, 0x0820, 0x0841, 0x0820, 0x0820, 0x0841, 0x0841, 0x0840,
  0x0820, 0x0840, 0x0840, 0x0820, 0x0820, 0x0841, 0x0840, 0x0820, 0x0020, 0x0820, 0x0000, 0x0020,
  0x0000, 0x0020, 0x0000, 0x0020, 0x0020, 0x0000, 0x0000, 0x0820, 0x0020, 0x0020, 0x0820, 0x0820,
  0x0820, 0x0020, 0x0841, 0x0861, 0x1082, 0x1081, 0x1081, 0x18C2, 0x10A2, 0x18C2, 0x18C2, 0x18C2,
  0x18E3, 0x18E3, 0x18C2, 0x18E3, 0x18E3, 0x18E3, 0x1903, 0x2103, 0x2944, 0x2944, 0x2124, 0x2944,
  0x2964, 0x2144, 0x2144, 0x31A6, 0x39C6, 0x39E6, 0x39E6, 0x39E6, 0x4207, 0x41E6, 0x4207, 0x4207,
  0x41E6, 0x39A5, 0x39C6, 0x39E6, 0x39C6, 0x39C6, 0x41E7, 0x41E7, 0x5269, 0x4207, 0x4A28, 0x4A48,
  0x4A48, 0x528A, 0x52AA, 0x528A, 0x5269, 0x5269, 0x5269, 0x526A, 0x528A, 0x528A, 0x528A, 0x52AA,
  0x52AA, 0x52AA, 0x52AA, 0x52AA, 0x528A, 0x528A, 0x2965, 0x0000, 0x0000, 0x0020, 0x0000, 0x0861,
  0x0861, 0x0000, 0x0000, 0x0000, 0x0000, 0x0000, 0x0020, 0x0000, 0x0000, 0x0000, 0x0000, 0x0000,
  0x0000, 0x0000, 0x0000, 0x0000, 0x0000, 0x0000, 0x0000, 0x0020, 0x1082, 0x0000, 0x0000, 0x0000,
  0x0000, 0x0000, 0x0000, 0x0000, 0x0000, 0x0000, 0x0000, 0x0000, 0x0000, 0x0000, 0x0000, 0x0000,
  0x0000, 0x0000, 0x0000, 0x0000, 0x0020, 0x0000, 0x0000, 0x0000, 0x0000, 0x0000, 0x0841, 0x0020,
  0x0000, 0x0020, 0x0000, 0x0000, 0x0000, 0x0000, 0x0000, 0x0000, 0x0000, 0x0000, 0x0000, 0x0000,
  0x0000, 0x0020, 0x0020, 0x0000, 0x0000, 0x0000, 0x0000, 0x0000, 0x0000, 0x0000, 0x0000, 0x0000,
  0x0000, 0x0000, 0x0000, 0x0000, 0x0841, 0x0020, 0x0000, 0x0000, 0x0000, 0x0000, 0x0000, 0x0020,
  0x0020, 0x0000, 0x0000, 0x0000, 0x0020, 0x0000, 0x0000, 0x0000, 0x0000, 0x0000, 0x0000, 0x0000,
  0x0020, 0x0841, 0x0841, 0x0841, 0x0861, 0x0861, 0x1061, 0x0861, 0x0861, 0x0861, 0x0861, 0x0861,
  0x0861, 0x0861, 0x0861, 0x1061, 0x1061, 0x1061, 0x1081, 0x1061, 0x1061, 0x1061, 0x1061, 0x1081,
  0x1081, 0x1081, 0x1081, 0x1081, 0x1081, 0x1081, 0x1081, 0x1081, 0x0861, 0x10A2, 0x1081, 0x0861,
  0x1061, 0x1081, 0x1081, 0x1061, 0x1061, 0x1061, 0x1061, 0x1061, 0x0861, 0x0861, 0x0861, 0x1061,
  0x0861, 0x0861, 0x0861, 0x1061, 0x0841, 0x0841, 0x0841, 0x0841, 0x0841, 0x0861, 0x0861, 0x0841,
  0x1081, 0x0841, 0x0841, 0x0841, 0x0861, 0x0841, 0x0841, 0x0840, 0x0840, 0x0841, 0x0861, 0x0841,
  0x0840, 0x0841, 0x0840, 0x0841, 0x1061, 0x0841, 0x0861, 0x0861, 0x0841, 0x0841, 0x0841, 0x0840,
  0x0841, 0x0840, 0x0841, 0x0841, 0x0841, 0x0841, 0x0841, 0x0841, 0x0841, 0x0841, 0x0861, 0x0841,
  0x0841, 0x0841, 0x0840, 0x0841, 0x0841, 0x0840, 0x0820, 0x0840, 0x0820, 0x0840, 0x0840, 0x0820,
  0x0820, 0x0820, 0x0820, 0x0840, 0x0820, 0x0820, 0x0840, 0x0840, 0x0840, 0x0820, 0x0820, 0x0840,
  0x0820, 0x0840, 0x0820, 0x0820, 0x0820, 0x0840, 0x0840, 0x0840, 0x0840, 0x0840, 0x0840, 0x0841,
  0x1061, 0x0861, 0x0840, 0x0840, 0x0820, 0x0820, 0x0000, 0x0861, 0x0840, 0x0000, 0x0000, 0x0820,
  0x0020, 0x0820, 0x0820, 0x0000, 0x0000, 0x0000, 0x0020, 0x0840, 0x0820, 0x0020, 0x0841, 0x0841,
  0x0861, 0x0861, 0x1082, 0x10A2, 0x10A2, 0x18C2, 0x18C2, 0x18E3, 0x1903, 0x18E3, 0x18E3, 0x18E3,
  0x1903, 0x1903, 0x1903, 0x2103, 0x2144, 0x2944, 0x2124, 0x2944, 0x2964, 0x2964, 0x2964, 0x31A5,
  0x39C6, 0x39E6, 0x39E6, 0x39E6, 0x4206, 0x41E6, 0x4207, 0x4207, 0x39E6, 0x39A5, 0x39C6, 0x41E7,
  0x41E7, 0x41E7, 0x41E7, 0x41E7, 0x5269, 0x4208, 0x4A28, 0x4A48, 0x4A48, 0x528A, 0x52AA, 0x528A,
  0x4A49, 0x5269, 0x526A, 0x528A, 0x528A, 0x528A, 0x528A, 0x52AA, 0x52AA, 0x52AA, 0x52AA, 0x52AA,
  0x528A, 0x528A, 0x31A6, 0x0000, 0x0020, 0x0841, 0x0000, 0x0020, 0x0020, 0x0000, 0x0000, 0x0000,
  0x0000, 0x0000, 0x0000, 0x0000, 0x0000, 0x0000, 0x0000, 0x0000, 0x0000, 0x0000, 0x0000, 0x0000,
  0x0000, 0x0000, 0x0000, 0x0000, 0x0000, 0x0000, 0x0000, 0x0000, 0x0000, 0x0000, 0x0000, 0x0000,
  0x0000, 0x0000, 0x0020, 0x0000, 0x0000, 0x0000, 0x0000, 0x0000, 0x0000, 0x0000, 0x0000, 0x0000,
  0x0841, 0x0841, 0x0000, 0x0000, 0x0000, 0x0000, 0x0000, 0x0000, 0x0000, 0x0000, 0x0000, 0x0000,
  0x0000, 0x0000, 0x0000, 0x0020, 0x0000, 0x0020, 0x0000, 0x0000, 0x0000, 0x0000, 0x0000, 0x0000,
  0x0000, 0x0000, 0x0000, 0x0000, 0x0000, 0x0000, 0x0000, 0x0000, 0x0000, 0x0020, 0x0020, 0x0000,
  0x0000, 0x0000, 0x0000, 0x0000, 0x0000, 0x0000, 0x0000, 0x0000, 0x0000, 0x0000, 0x0000, 0x0000,
  0x0000, 0x0841, 0x0020, 0x0000, 0x0000, 0x0000, 0x0000, 0x0000, 0x0020, 0x0841, 0x0841, 0x0841,
  0x0861, 0x1061, 0x1061, 0x1061, 0x0861, 0x0861, 0x1061, 0x0861, 0x0861, 0x0861, 0x0861, 0x0861,
  0x1061, 0x1081, 0x1081, 0x1061, 0x1061, 0x1081, 0x1081, 0x1061, 0x1081, 0x1081, 0x1081, 0x1081,
  0x1081, 0x1081, 0x1061, 0x1081, 0x1081, 0x1081, 0x1081, 0x1081, 0x1081, 0x1061, 0x1081, 0x1081,
  0x1081, 0x1081, 0x1081, 0x1081, 0x1081, 0x1061, 0x1061, 0x1061, 0x1061, 0x1061, 0x0861, 0x1061,
  0x1061, 0x0861, 0x1061, 0x0861, 0x0861, 0x0861, 0x0861, 0x0861, 0x1082, 0x1061, 0x0861, 0x0861,
  0x0861, 0x0861, 0x0861, 0x0861, 0x0861, 0x0861, 0x0861, 0x0861, 0x0861, 0x0861, 0x0861, 0x0841,
  0x0841, 0x0841, 0x0861, 0x0861, 0x0861, 0x0861, 0x0861, 0x0861, 0x1061, 0x0861, 0x0861, 0x0861,
  0x0861, 0x0861, 0x0861, 0x0841, 0x0861, 0x0861, 0x0841, 0x0861, 0x0861, 0x0861, 0x0841, 0x0861,
  0x0861, 0x0841, 0x0861, 0x0841, 0x0841, 0x0861, 0x0861, 0x0841, 0x0861, 0x0841, 0x0861, 0x0841,
  0x0841, 0x0861, 0x0841, 0x0841, 0x0841, 0x0841, 0x0841, 0x0840, 0x0841, 0x0841, 0x0840, 0x0841,
  0x0841, 0x0840, 0x0841, 0x0840, 0x0840, 0x1061, 0x1061, 0x0840, 0x0840, 0x0820, 0x0820, 0x0840,
  0x0820, 0x0820, 0x0820, 0x0841, 0x0840, 0x0820, 0x0820, 0x0820, 0x0820, 0x0820, 0x0820, 0x0020,
  0x0840, 0x0841, 0x0020, 0x0841, 0x0841, 0x0841, 0x0861, 0x0861, 0x1081, 0x1082, 0x10A2, 0x10A2,
  0x18C2, 0x18C2, 0x18C2, 0x18E3, 0x18E3, 0x1903, 0x2103, 0x2123, 0x2144, 0x2124, 0x2144, 0x2944,
  0x2965, 0x2985, 0x2965, 0x2985, 0x3185, 0x31A5, 0x31A5, 0x31C6, 0x39C6, 0x39E6, 0x39E6, 0x39C6,
  0x39C6, 0x39E6, 0x4207, 0x4A27, 0x4207, 0x4207, 0x4A28, 0x4A28, 0x4A28, 0x4A48, 0x4A48, 0x5269,
  0x5289, 0x5269, 0x5289, 0x5289, 0x528A, 0x52AA, 0x52AA, 0x52AA, 0x528A, 0x528A, 0x528A, 0x52AA,
  0x52AA, 0x52AA, 0x52AA, 0x52AA, 0x52AA, 0x52AA, 0x52AA, 0x52AA, 0x528A, 0x528A, 0x39C6, 0x0000,
  0x0000, 0x0000, 0x0000, 0x0000, 0x0000, 0x0000, 0x0000, 0x0000, 0x0000, 0x0000, 0x0000, 0x0000,
  0x0020, 0x0000, 0x0000, 0x0000, 0x0000, 0x0000, 0x0000, 0x0000, 0x0000, 0x0000, 0x0000, 0x0000,
  0x0000, 0x0000, 0x0000, 0x0000, 0x0000, 0x0000, 0x0000, 0x0020, 0x0000, 0x0000, 0x0000, 0x0000,
  0x0020, 0x0841, 0x0000, 0x0000, 0x0000, 0x0000, 0x0000, 0x0000, 0x0000, 0x0000, 0x0000, 0x0000,
  0x0000, 0x0000, 0x0000, 0x0000, 0x0000, 0x0000, 0x0000, 0x0000, 0x0000, 0x0000, 0x0000, 0x0020,
  0x0000, 0x0841, 0x0000, 0x0000, 0x0000, 0x0000, 0x0000, 0x0000, 0x0000, 0x0000, 0x0000, 0x0000,
  0x0000, 0x0000, 0x0000, 0x0000, 0x0020, 0x0020, 0x0000, 0x0000, 0x0020, 0x0020, 0x0000, 0x0000,
  0x0000, 0x0000, 0x0000, 0x0000, 0x0000, 0x0020, 0x0020, 0x0000, 0x0000, 0x0000, 0x0020, 0x0000,
  0x0000, 0x0000, 0x0000, 0x0000, 0x0020, 0x0840, 0x0841, 0x0841, 0x0861, 0x1061, 0x1061, 0x0861,
  0x0861, 0x0861, 0x1061, 0x1061, 0x0861, 0x1061, 0x1061, 0x1061, 0x1081, 0x1081, 0x1081, 0x1061,
  0x1081, 0x1061, 0x1061, 0x1061, 0x1081, 0x1081, 0x1081, 0x1081, 0x1081, 0x1081, 0x1081, 0x1081,
  0x1081, 0x10A2, 0x1081, 0x1061, 0x1061, 0x1061, 0x1061, 0x1061, 0x1061, 0x1061, 0x1061, 0x1061,
  0x1061, 0x1061, 0x1061, 0x1061, 0x1061, 0x1061, 0x0861, 0x0861, 0x0861, 0x0861, 0x0861, 0x0861,
  0x0861, 0x0861, 0x0861, 0x0861, 0x0841, 0x0861, 0x0861, 0x0861, 0x0861, 0x0861, 0x0861, 0x0841,
  0x0861, 0x0861, 0x0861, 0x0861, 0x0861, 0x0841, 0x0861, 0x0861, 0x0861, 0x0861, 0x0861, 0x0861,
  0x0861, 0x0861, 0x0861, 0x0861, 0x0861, 0x0861, 0x0861, 0x0861, 0x0861, 0x0861, 0x0841, 0x0841,
  0x0861, 0x0861, 0x0861, 0x0861, 0x0861, 0x0861, 0x0861, 0x0841, 0x0841, 0x0861, 0x0861, 0x0861,
  0x0841, 0x0840, 0x0841, 0x0841, 0x0841, 0x0841, 0x0841, 0x0841, 0x0840, 0x0841, 0x0841, 0x0841,
  0x0841, 0x0841, 0x0841, 0x0841, 0x0841, 0x0841, 0x0841, 0x0841, 0x0841, 0x0841, 0x0841, 0x0840,
  0x0840, 0x0840, 0x0820, 0x0840, 0x0840, 0x0840, 0x0840, 0x0820, 0x0820, 0x0820, 0x0820, 0x0820,
  0x0820, 0x0820, 0x0820, 0x0820, 0x0820, 0x0820, 0x0820, 0x0820, 0x0820, 0x0820, 0x0840, 0x0820,
  0x0841, 0x0861, 0x0861, 0x1081, 0x1082, 0x1082, 0x10A2, 0x10C2, 0x18C2, 0x18E2, 0x18E3, 0x1903,
  0x1903, 0x2103, 0x2124, 0x2124, 0x2144, 0x2144, 0x2944, 0x2965, 0x2985, 0x2985, 0x3185, 0x3185,
  0x31A5, 0x31A5, 0x31C5, 0x39C6, 0x39C6, 0x39E6, 0x39E6, 0x39E6, 0x4207, 0x4207, 0x4207, 0x4A27,
  0x4A27, 0x4A27, 0x4A48, 0x4A48, 0x5248, 0x5268, 0x5268, 0x5289, 0x5289, 0x5289, 0x5289, 0x5289,
  0x52A9, 0x52AA, 0x52AA, 0x52AA, 0x52AA, 0x52AA, 0x52AA, 0x52AA, 0x52AA, 0x52AA, 0x52AA, 0x52AA,
  0x52AA, 0x52AA, 0x52AA, 0x52AA, 0x528A, 0x52AA, 0x39C6, 0x0841, 0x0841, 0x0000, 0x0841, 0x0000,
  0x0000, 0x0000, 0x0000, 0x0000, 0x0000, 0x0000, 0x0020, 0x0020, 0x0020, 0x0000, 0x0000, 0x0000,
  0x0000, 0x0000, 0x0000, 0x0000, 0x0000, 0x0000, 0x0000, 0x0000, 0x0000, 0x0000, 0x0000, 0x0000,
  0x0000, 0x0000, 0x0000, 0x0000, 0x0000, 0x0000, 0x0000, 0x0000, 0x0020, 0x0020, 0x0000, 0x0000,
  0x0000, 0x0000, 0x0000, 0x0000, 0x0000, 0x0000, 0x0000, 0x0000, 0x0000, 0x0000, 0x0000, 0x0000,
  0x0000, 0x0000, 0x0000, 0x0000, 0x0000, 0x0000, 0x0000, 0x0000, 0x0000, 0x0000, 0x0000, 0x0000,
  0x0000, 0x0000, 0x0000, 0x0000, 0x0000, 0x0000, 0x0000, 0x0000, 0x0000, 0x0000, 0x0000, 0x0000,
  0x0000, 0x0000, 0x0000, 0x0000, 0x0000, 0x0020, 0x0000, 0x0000, 0x0000, 0x0000, 0x0000, 0x0000,
  0x0000, 0x1082, 0x0841, 0x0000, 0x0000, 0x0000, 0x0000, 0x0000, 0x0000, 0x0000, 0x0000, 0x0000,
  0x0020, 0x0840, 0x0841, 0x0841, 0x0861, 0x1061, 0x1061, 0x0861, 0x0861, 0x0861, 0x0861, 0x1061,
  0x0861, 0x1061, 0x1061, 0x1061, 0x1081, 0x1081, 0x1081, 0x1061, 0x1061, 0x1061, 0x1081, 0x1081,
  0x1081, 0x1081, 0x1081, 0x1081, 0x1061, 0x1081, 0x1081, 0x1081, 0x1061, 0x1061, 0x1081, 0x1081,
  0x1061, 0x1061, 0x1081, 0x1061, 0x1061, 0x1061, 0x1061, 0x1061, 0x1061, 0x1061, 0x1061, 0x1061,
  0x1061, 0x1061, 0x1081, 0x1061, 0x0861, 0x0861, 0x0861, 0x0861, 0x0861, 0x0861, 0x0861, 0x0861,
  0x0861, 0x0861, 0x0861, 0x0861, 0x0861, 0x0861, 0x0861, 0x0861, 0x0861, 0x0841, 0x1061, 0x0861,
  0x0861, 0x0841, 0x0861, 0x0861, 0x0861, 0x0861, 0x0861, 0x0861, 0x0841, 0x0861, 0x0861, 0x0861,
  0x0861, 0x0861, 0x0861, 0x0861, 0x0861, 0x0861, 0x0841, 0x0861, 0x0861, 0x0861, 0x0861, 0x0861,
  0x0861, 0x0861, 0x0861, 0x0841, 0x0841, 0x0861, 0x0861, 0x0861, 0x0841, 0x0841, 0x0861, 0x0841,
  0x0841, 0x0841, 0x0841, 0x0841, 0x1061, 0x0841, 0x0841, 0x0841, 0x0841, 0x0841, 0x0841, 0x0841,
  0x0841, 0x0840, 0x0840, 0x0841, 0x0841, 0x0841, 0x0841, 0x0840, 0x0840, 0x0840, 0x0841, 0x0820,
  0x0840, 0x0840, 0x0840, 0x0841, 0x0840, 0x0840, 0x0820, 0x0820, 0x0820, 0x0820, 0x0820, 0x0820,
  0x0820, 0x0820, 0x0820, 0x0820, 0x0840, 0x0820, 0x0820, 0x0840, 0x0840, 0x0841, 0x0861, 0x1061,
  0x1082, 0x1082, 0x10A2, 0x10C2, 0x18C2, 0x18E2, 0x18E3, 0x18E3, 0x1903, 0x2103, 0x2123, 0x2124,
  0x2144, 0x2144, 0x2944, 0x2964, 0x2965, 0x2985, 0x2985, 0x3185, 0x31A5, 0x31A5, 0x31C5, 0x39C6,
  0x39C6, 0x39E6, 0x39E6, 0x39E6, 0x4206, 0x4206, 0x4207, 0x4207, 0x4207, 0x4A27, 0x4A27, 0x4A48,
  0x4A48, 0x4A48, 0x5248, 0x5268, 0x5269, 0x5269, 0x5269, 0x5269, 0x5289, 0x52AA, 0x52AA, 0x52AA,
  0x52AA, 0x52AA, 0x52AA, 0x52AA, 0x52AA, 0x52AA, 0x52AA, 0x52AA, 0x52AA, 0x52AA, 0x52AA, 0x52AA,
  0x528A, 0x52AA, 0x39C7, 0x0840, 0x0841, 0x0000, 0x0021, 0x0020, 0x0000, 0x0000, 0x0000, 0x0020,
  0x1082, 0x0000, 0x0841, 0x0000, 0x0000, 0x0000, 0x0000, 0x0000, 0x0000, 0x0000, 0x0000, 0x0000,
  0x0000, 0x0000, 0x0000, 0x0000, 0x0000, 0x0000, 0x0000, 0x0000, 0x0000, 0x0000, 0x0000, 0x0000,
  0x0000, 0x0000, 0x0000, 0x0000, 0x0000, 0x0000, 0x0000, 0x0000, 0x0000, 0x0000, 0x0000, 0x0000,
  0x0000, 0x0000, 0x0841, 0x0841, 0x0000, 0x0000, 0x0000, 0x0000, 0x0000, 0x0000, 0x0000, 0x0000,
  0x0000, 0x0000, 0x0000, 0x0000, 0x0000, 0x0020, 0x10A2, 0x0020, 0x0000, 0x0000, 0x0000, 0x0000,
  0x0000, 0x0000, 0x0000, 0x0000, 0x0000, 0x0000, 0x0000, 0x0000, 0x0000, 0x0000, 0x0000, 0x0000,
  0x0000, 0x0000, 0x0000, 0x0000, 0x0000, 0x0000, 0x0000, 0x0000, 0x0000, 0x0000, 0x0000, 0x0000,
  0x0000, 0x0000, 0x0000, 0x0000, 0x0000, 0x0000, 0x0000, 0x0000, 0x0020, 0x0841, 0x0841, 0x0861,
  0x0861, 0x0861, 0x0861, 0x0861, 0x0861, 0x0861, 0x0861, 0x1061, 0x1061, 0x1061, 0x1061, 0x1061,
  0x1081, 0x1061, 0x1061, 0x1081, 0x1061, 0x1061, 0x1061, 0x1081, 0x1081, 0x1081, 0x1081, 0x1081,
  0x1081, 0x1081, 0x1081, 0x1081, 0x1061, 0x1061, 0x1081, 0x1061, 0x1061, 0x1061, 0x1061, 0x1061,
  0x1061, 0x1061, 0x1061, 0x1061, 0x1061, 0x1061, 0x1061, 0x1061, 0x1061, 0x1061, 0x1061, 0x0861,
  0x0861, 0x0861, 0x0861, 0x0861, 0x0861, 0x0861, 0x0861, 0x0861, 0x0861, 0x0861, 0x0861, 0x0861,
  0x0861, 0x0861, 0x0861, 0x0861, 0x0861, 0x0861, 0x1061, 0x0861, 0x0861, 0x0861, 0x0861, 0x0861,
  0x0861, 0x0861, 0x0861, 0x0861, 0x0861, 0x0861, 0x0861, 0x0861, 0x0861, 0x0861, 0x0861, 0x0861,
  0x0861, 0x0841, 0x0861, 0x0861, 0x0861, 0x0861, 0x0861, 0x0861, 0x0861, 0x0861, 0x0861, 0x0861,
  0x0841, 0x0861, 0x0861, 0x0861, 0x0841, 0x0840, 0x0861, 0x0841, 0x0841, 0x0861, 0x0841, 0x0841,
  0x0841, 0x0841, 0x0841, 0x0841, 0x0841, 0x0841, 0x0841, 0x0841, 0x0840, 0x0840, 0x0841, 0x0841,
  0x0841, 0x0841, 0x0841, 0x0840, 0x0840, 0x0840, 0x0820, 0x0840, 0x0840, 0x0840, 0x0840, 0x0841,
  0x0820, 0x0820, 0x0820, 0x0820, 0x0820, 0x0820, 0x0820, 0x0820, 0x0820, 0x0820, 0x0820, 0x0820,
  0x0840, 0x0820, 0x0820, 0x0820, 0x0840, 0x0841, 0x0861, 0x0861, 0x1081, 0x1082, 0x10A2, 0x10C2,
  0x18C2, 0x18E2, 0x18E3, 0x18E3, 0x1903, 0x2103, 0x2124, 0x2124, 0x2144, 0x2144, 0x2944, 0x2964,
  0x2965, 0x2965, 0x2985, 0x3185, 0x31A5, 0x31A5, 0x31A5, 0x39C6, 0x39C6, 0x39C6, 0x39E6, 0x39E6,
  0x4206, 0x41E6, 0x4206, 0x4207, 0x4207, 0x4A27, 0x4A27, 0x4A27, 0x4A48, 0x4A48, 0x5268, 0x5268,
  0x5268, 0x5269, 0x5269, 0x5269, 0x5289, 0x52AA, 0x52AA, 0x52AA, 0x52AA, 0x52AA, 0x52AA, 0x52AA,
  0x52AA, 0x52AA, 0x52AA, 0x52AA, 0x52AA, 0x52AA, 0x52AA, 0x52AA, 0x528A, 0x528A, 0x39C7, 0x0000,
  0x0000, 0x0000, 0x0841, 0x0020, 0x0000, 0x0000, 0x0000, 0x0000, 0x0020, 0x0841, 0x0000, 0x0000,
  0x0000, 0x0000, 0x0000, 0x0000, 0x0000, 0x0000, 0x0000, 0x0000, 0x0000, 0x0000, 0x0000, 0x0000,
  0x0000, 0x0020, 0x0000, 0x0000, 0x0000, 0x0000, 0x0000, 0x0000, 0x0000, 0x0000, 0x0000, 0x0000,
  0x0000, 0x0000, 0x0000, 0x0000, 0x0000, 0x0000, 0x0000, 0x0000, 0x0000, 0x0000, 0x0000, 0x0000,
  0x0000, 0x0000, 0x0000, 0x0020, 0x2104, 0x0000, 0x0000, 0x0000, 0x0000, 0x0000, 0x0000, 0x0000,
  0x0000, 0x0000, 0x10A2, 0x0020, 0x0000, 0x0000, 0x0000, 0x0000, 0x0000, 0x0000, 0x0000, 0x0000,
  0x0000, 0x0000, 0x0000, 0x0841, 0x0861, 0x0000, 0x0000, 0x0000, 0x0000, 0x0000, 0x0000, 0x0000,
  0x0841, 0x0020, 0x0000, 0x0000, 0x0000, 0x0000, 0x0000, 0x0000, 0x0000, 0x0000, 0x0000, 0x0000,
  0x0000, 0x0000, 0x0000, 0x0000, 0x0000, 0x0000, 0x0840, 0x0840, 0x0841, 0x0861, 0x0861, 0x0861,
  0x0861, 0x0861, 0x0841, 0x0861, 0x1061, 0x0861, 0x1061, 0x1061, 0x1061, 0x1061, 0x1061, 0x1061,
  0x1061, 0x1061, 0x1061, 0x1061, 0x1061, 0x1061, 0x1061, 0x1061, 0x0861, 0x1081, 0x1061, 0x1061,
  0x1081, 0x1081, 0x1061, 0x1081, 0x1081, 0x1081, 0x1061, 0x1061, 0x1061, 0x1081, 0x1081, 0x1061,
  0x1061, 0x1061, 0x1061, 0x1061, 0x1061, 0x1061, 0x1061, 0x1061, 0x0861, 0x1061, 0x0861, 0x0861,
  0x0861, 0x0861, 0x0861, 0x0861, 0x0861, 0x0861, 0x0861, 0x0861, 0x0861, 0x0861, 0x0861, 0x0861,
  0x0861, 0x0861, 0x0841, 0x0861, 0x0861, 0x0861, 0x0861, 0x0861, 0x0841, 0x0841, 0x0861, 0x0861,
  0x0861, 0x0861, 0x0861, 0x0861, 0x0861, 0x0861, 0x0861, 0x0861, 0x0861, 0x0861, 0x0861, 0x0861,
  0x0861, 0x0861, 0x0861, 0x0861, 0x0861, 0x0861, 0x0861, 0x0861, 0x0841, 0x0841, 0x0841, 0x0841,
  0x0861, 0x0861, 0x0840, 0x0841, 0x0841, 0x0841, 0x0841, 0x0841, 0x0840, 0x0841, 0x0841, 0x0841,
  0x0841, 0x0841, 0x0840, 0x0861, 0x0841, 0x0840, 0x0841, 0x0841, 0x0840, 0x0841, 0x0840, 0x0840,
  0x0841, 0x0841, 0x0841, 0x0840, 0x0840, 0x0840, 0x0840, 0x0820, 0x0820, 0x0820, 0x0820, 0x0820,
  0x0820, 0x0820, 0x0820, 0x0820, 0x0820, 0x0820, 0x0820, 0x0820, 0x0820, 0x0820, 0x0820, 0x0840,
  0x0840, 0x0861, 0x1082, 0x0861, 0x1081, 0x10A2, 0x10A2, 0x10A2, 0x18C2, 0x18E2, 0x18E3, 0x18E3,
  0x1903, 0x2103, 0x2123, 0x2124, 0x2144, 0x2144, 0x2144, 0x2964, 0x2964, 0x2965, 0x2965, 0x2985,
  0x3185, 0x3185, 0x31A5, 0x31A5, 0x39C6, 0x39C6, 0x39E6, 0x39E6, 0x39E6, 0x41E6, 0x41E6, 0x4207,
  0x4A27, 0x4207, 0x4A27, 0x4A27, 0x4A28, 0x4A48, 0x4A48, 0x5248, 0x5268, 0x5268, 0x5268, 0x5269,
  0x5289, 0x5289, 0x52AA, 0x52AA, 0x52AA, 0x52AA, 0x52AA, 0x52AA, 0x52AA, 0x52AA, 0x52AA, 0x52AA,
  0x52AA, 0x52AA, 0x52AA, 0x52AA, 0x528A, 0x52AA, 0x39E7, 0x0000, 0x0000, 0x0000, 0x0020, 0x0000,
  0x0000, 0x0000, 0x0000, 0x0000, 0x0000, 0x0020, 0x0000, 0x0000, 0x0000, 0x0000, 0x0000, 0x0000,
  0x0000, 0x0000, 0x0000, 0x0000, 0x0000, 0x0000, 0x0000, 0x0000, 0x0841, 0x1082, 0x0000, 0x0000,
  0x0000, 0x0000, 0x0000, 0x0000, 0x0000, 0x0000, 0x0000, 0x0000, 0x0000, 0x0000, 0x0000, 0x0000,
  0x0000, 0x0000, 0x0000, 0x0000, 0x0000, 0x0000, 0x0000, 0x0000, 0x0000, 0x0000, 0x0000, 0x0000,
  0x0841, 0x0000, 0x0000, 0x0000, 0x0000, 0x0000, 0x0000, 0x0000, 0x0000, 0x0000, 0x0000, 0x0000,
  0x0000, 0x0000, 0x0000, 0x0000, 0x0000, 0x0000, 0x0000, 0x0000, 0x0000, 0x0020, 0x0000, 0x0841,
  0x0861, 0x0000, 0x0000, 0x0000, 0x0000, 0x0000, 0x0000, 0x0000, 0x0841, 0x0000, 0x0000, 0x0000,
  0x0000, 0x0000, 0x0000, 0x0000, 0x0000, 0x0000, 0x0000, 0x0000, 0x0000, 0x0000, 0x0000, 0x0000,
  0x0020, 0x0840, 0x0820, 0x0840, 0x0840, 0x0840, 0x0840, 0x0840, 0x0840, 0x0840, 0x0840, 0x0840,
  0x0840, 0x0861, 0x0861, 0x0861, 0x0841, 0x0841, 0x0841, 0x0861, 0x0861, 0x0861, 0x1081, 0x1081,
  0x10A2, 0x1081, 0x1082, 0x1081, 0x1081, 0x1081, 0x1081, 0x0861, 0x0861, 0x1081, 0x1081, 0x1082,
  0x1081, 0x1061, 0x1061, 0x1061, 0x0861, 0x1061, 0x1061, 0x0861, 0x1061, 0x0861, 0x1061, 0x0861,
  0x0861, 0x0861, 0x1081, 0x1061, 0x0861, 0x0861, 0x0861, 0x0861, 0x0861, 0x0861, 0x0861, 0x0861,
  0x0861, 0x0841, 0x0861, 0x0861, 0x0861, 0x0840, 0x0861, 0x0861, 0x0841, 0x0861, 0x0841, 0x0861,
  0x0840, 0x0841, 0x0841, 0x0841, 0x0841, 0x0841, 0x0861, 0x0861, 0x0841, 0x0861, 0x0861, 0x0861,
  0x0861, 0x0841, 0x0841, 0x0861, 0x0861, 0x0861, 0x0861, 0x0861, 0x0861, 0x0861, 0x0861, 0x0861,
  0x0861, 0x0861, 0x0861, 0x0861, 0x0861, 0x0861, 0x1061, 0x1061, 0x1061, 0x1061, 0x1061, 0x1061,
  0x0861, 0x1061, 0x0861, 0x0841, 0x0841, 0x0861, 0x0841, 0x0841, 0x0841, 0x0841, 0x0841, 0x0861,
  0x0841, 0x0841, 0x0841, 0x0840, 0x0841, 0x0840, 0x0841, 0x0840, 0x0840, 0x0840, 0x0820, 0x0840,
  0x0840, 0x0840, 0x0840, 0x0840, 0x0840, 0x0840, 0x0820, 0x0820, 0x0820, 0x0820, 0x0820, 0x0820,
  0x0820, 0x0820, 0x0820, 0x0820, 0x0820, 0x0820, 0x0820, 0x0841, 0x0841, 0x0841, 0x0861, 0x0861,
  0x1082, 0x1082, 0x10A2, 0x10A2, 0x18C2, 0x18C2, 0x18E3, 0x18E3, 0x1903, 0x2103, 0x2103, 0x2124,
  0x2144, 0x2144, 0x2944, 0x2964, 0x2964, 0x2965, 0x2985, 0x3185, 0x3185, 0x3185, 0x31A5, 0x31A5,
  0x39C6, 0x39C6, 0x39E6, 0x39E6, 0x41E6, 0x4207, 0x4207, 0x4207, 0x41E7, 0x4207, 0x4A27, 0x4A48,
  0x4A48, 0x4A48, 0x4A48, 0x4A48, 0x5269, 0x5269, 0x5269, 0x5289, 0x5289, 0x52AA, 0x52AA, 0x52AA,
  0x52AA, 0x52AA, 0x52AA, 0x52AA, 0x52AA, 0x52AA, 0x52AA, 0x52AA, 0x52AA, 0x52AA, 0x52AA, 0x52AA,
  0x528A, 0x4A49, 0x2965, 0x0020, 0x0000, 0x0000, 0x0000, 0x0000, 0x0000, 0x0000, 0x0000, 0x0000,
  0x0000, 0x0000, 0x0000, 0x0000, 0x0000, 0x0020, 0x0020, 0x0000, 0x0000, 0x0000, 0x0000, 0x0020,
  0x0000, 0x0000, 0x0000, 0x0000, 0x0000, 0x0000, 0x0000, 0x0000, 0x0000, 0x0000, 0x0000, 0x0841,
  0x0020, 0x0000, 0x0000, 0x0000, 0x0000, 0x0020, 0x0861, 0x0000, 0x0000, 0x0000, 0x0000, 0x0861,
  0x0841, 0x0000, 0x0000, 0x0000, 0x0000, 0x0000, 0x0000, 0x0000, 0x0000, 0x0000, 0x0000, 0x0000,
  0x0000, 0x0000, 0x0000, 0x0000, 0x0000, 0x0000, 0x0000, 0x0000, 0x0000, 0x0000, 0x0000, 0x0000,
  0x0000, 0x0000, 0x0000, 0x0000, 0x0020, 0x1082, 0x0000, 0x0000, 0x0000, 0x0000, 0x0000, 0x0000,
  0x0000, 0x0000, 0x0000, 0x0000, 0x0000, 0x0000, 0x0000, 0x0000, 0x0000, 0x0000, 0x0000, 0x0000,
  0x0000, 0x0000, 0x0000, 0x0000, 0x0000, 0x0000, 0x0000, 0x0000, 0x0020, 0x0841, 0x0840, 0x0861,
  0x0861, 0x0861, 0x0861, 0x0861, 0x0861, 0x0861, 0x0861, 0x0841, 0x0840, 0x0841, 0x0840, 0x0840,
  0x0840, 0x0840, 0x0840, 0x0861, 0x0840, 0x0820, 0x0861, 0x0861, 0x10A2, 0x1082, 0x1081, 0x1082,
  0x1081, 0x1081, 0x1082, 0x18A2, 0x0840, 0x1082, 0x0861, 0x1082, 0x1081, 0x18A2, 0x1061, 0x1081,
  0x10A2, 0x1081, 0x18A2, 0x10A2, 0x1061, 0x1082, 0x1061, 0x1081, 0x18C2, 0x10A2, 0x0861, 0x0861,
  0x1081, 0x10A2, 0x1061, 0x1081, 0x10A2, 0x1081, 0x10A2, 0x1081, 0x0841, 0x1061, 0x1061, 0x1061,
  0x1061, 0x0861, 0x0861, 0x0861, 0x1081, 0x0861, 0x1081, 0x0861, 0x1061, 0x0861, 0x0840, 0x0841,
  0x1061, 0x0861, 0x0841, 0x0861, 0x0861, 0x0861, 0x0861, 0x0861, 0x0861, 0x1061, 0x1061, 0x1061,
  0x0861, 0x0840, 0x0841, 0x1061, 0x0861, 0x0861, 0x1061, 0x0861, 0x0861, 0x0861, 0x1061, 0x1061,
  0x1061, 0x1061, 0x1061, 0x1081, 0x1081, 0x1081, 0x18A2, 0x1081, 0x1061, 0x1061, 0x1061, 0x0840,
  0x1041, 0x1081, 0x0820, 0x0840, 0x0840, 0x0840, 0x0840, 0x0840, 0x0820, 0x0840, 0x0820, 0x0840,
  0x0840, 0x0840, 0x0820, 0x0840, 0x0840, 0x0840, 0x0820, 0x0820, 0x0820, 0x0840, 0x0820, 0x0820,
  0x0820, 0x0820, 0x0820, 0x0020, 0x0820, 0x0820, 0x0820, 0x0820, 0x0820, 0x0820, 0x0820, 0x0020,
  0x0820, 0x0000, 0x0020, 0x0820, 0x0840, 0x0841, 0x0841, 0x0861, 0x0861, 0x1081, 0x1082, 0x10A2,
  0x10A2, 0x18C2, 0x18C2, 0x18C2, 0x18E3, 0x18E3, 0x1903, 0x2103, 0x2103, 0x2124, 0x2124, 0x2124,
  0x2944, 0x2944, 0x2965, 0x2965, 0x2965, 0x2965, 0x3185, 0x3185, 0x31A5, 0x31A5, 0x39C6, 0x39C6,
  0x39C6, 0x39E6, 0x3185, 0x39E6, 0x39E6, 0x4207, 0x4207, 0x4A28, 0x4A28, 0x4A28, 0x4A28, 0x4A48,
  0x4A48, 0x4A48, 0x4A48, 0x4A49, 0x4A69, 0x4A69, 0x4A69, 0x4A48, 0x5269, 0x5289, 0x5289, 0x5289,
  0x52AA, 0x528A, 0x528A, 0x52AA, 0x52AA, 0x52AA, 0x52AA, 0x528A, 0x52AA, 0x31A6, 0x0861, 0x0000,
  0x0000, 0x0000, 0x0000, 0x0000, 0x0000, 0x0000, 0x0000, 0x0000, 0x0000, 0x0000, 0x0000, 0x0000,
  0x0000, 0x0000, 0x0000, 0x0000, 0x0000, 0x0000, 0x0000, 0x0000, 0x0000, 0x0000, 0x0000, 0x0000,
  0x0000, 0x0000, 0x0000, 0x0000, 0x0000, 0x0000, 0x0000, 0x0020, 0x0000, 0x0000, 0x0000, 0x0000,
  0x0000, 0x0000, 0x0861, 0x0000, 0x0000, 0x0000, 0x0000, 0x0020, 0x0000, 0x0000, 0x0000, 0x0000,
  0x0000, 0x0000, 0x0000, 0x0020, 0x0020, 0x0000, 0x0000, 0x0000, 0x0000, 0x0000, 0x0000, 0x0000,
  0x0000, 0x0000, 0x0000, 0x0000, 0x0000, 0x0000, 0x0000, 0x0000, 0x0000, 0x0000, 0x0000, 0x0000,
  0x0000, 0x0000, 0x0000, 0x0000, 0x0000, 0x0000, 0x0000, 0x0000, 0x0000, 0x0000, 0x0000, 0x0000,
  0x0000, 0x0000, 0x0000, 0x0000, 0x0000, 0x0000, 0x0000, 0x0000, 0x0000, 0x0000, 0x0000, 0x0000,
  0x0000, 0x0000, 0x0000, 0x0000, 0x0000, 0x0840, 0x0840, 0x0841, 0x0861, 0x0861, 0x0861, 0x0861,
  0x0861, 0x0861, 0x1061, 0x1061, 0x1061, 0x1061, 0x1061, 0x1061, 0x0861, 0x1061, 0x1061, 0x1061,
  0x1061, 0x1061, 0x0861, 0x0861, 0x0861, 0x0841, 0x0861, 0x0861, 0x0841, 0x0861, 0x0841, 0x0861,
  0x1081, 0x0861, 0x0861, 0x0841, 0x0861, 0x0861, 0x0861, 0x0841, 0x0861, 0x0841, 0x0861, 0x0861,
  0x0841, 0x0841, 0x0841, 0x0841, 0x1081, 0x1061, 0x0841, 0x0841, 0x0841, 0x1081, 0x0861, 0x0861,
  0x1061, 0x0861, 0x1081, 0x0861, 0x0820, 0x0861, 0x10A2, 0x0861, 0x0820, 0x0861, 0x0861, 0x0820,
  0x10A2, 0x0840, 0x10A2, 0x1081, 0x1081, 0x0840, 0x0820, 0x1082, 0x1081, 0x0841, 0x0820, 0x1081,
  0x1081, 0x18A2, 0x0020, 0x0820, 0x0820, 0x18A2, 0x1081, 0x0841, 0x1082, 0x0861, 0x1061, 0x0841,
  0x1061, 0x1082, 0x0841, 0x1061, 0x10A2, 0x1082, 0x10A2, 0x1081, 0x1081, 0x1061, 0x18A2, 0x1061,
  0x18A2, 0x1081, 0x1061, 0x1061, 0x18C2, 0x18C3, 0x0820, 0x0841, 0x18A2, 0x1061, 0x1082, 0x0840,
  0x0820, 0x10A2, 0x1061, 0x1061, 0x1061, 0x1061, 0x1081, 0x0841, 0x0841, 0x0820, 0x1061, 0x0000,
  0x0820, 0x0000, 0x0840, 0x0861, 0x0841, 0x0841, 0x0841, 0x1082, 0x0840, 0x1081, 0x0820, 0x1082,
  0x0840, 0x1081, 0x1061, 0x0840, 0x1061, 0x1061, 0x1061, 0x1061, 0x0020, 0x0840, 0x0841, 0x0820,
  0x0820, 0x0840, 0x1061, 0x0841, 0x1081, 0x0861, 0x0861, 0x1081, 0x0840, 0x0841, 0x10A2, 0x10A2,
  0x0861, 0x18C2, 0x18C2, 0x10A2, 0x10A2, 0x18C2, 0x18E3, 0x18E2, 0x18E3, 0x18C2, 0x10A1, 0x10C2,
  0x18E2, 0x18E2, 0x2123, 0x2123, 0x2944, 0x2964, 0x2964, 0x2964, 0x3185, 0x3185, 0x31A5, 0x39C6,
  0x39C6, 0x41E6, 0x41C6, 0x41E6, 0x4207, 0x4207, 0x4207, 0x4A28, 0x4A48, 0x4A48, 0x4A48, 0x4A48,
  0x5269, 0x5269, 0x5289, 0x39C6, 0x4A69, 0x52AA, 0x5289, 0x52AA, 0x52AA, 0x52AA, 0x52AA, 0x52AA,
  0x52AA, 0x52AA, 0x52AA, 0x528A, 0x528A, 0x52AA, 0x39C6, 0x0000, 0x0841, 0x0020, 0x0000, 0x0000,
  0x0000, 0x0000, 0x0000, 0x0841, 0x0020, 0x0000, 0x0000, 0x0000, 0x0000, 0x0000, 0x0000, 0x0000,
  0x0000, 0x0000, 0x0000, 0x0000, 0x0020, 0x0000, 0x0000, 0x0000, 0x0000, 0x0000, 0x0000, 0x0000,
  0x0000, 0x0000, 0x0000, 0x0000, 0x0000, 0x0000, 0x0000, 0x0000, 0x0000, 0x0000, 0x0000, 0x0000,
  0x0000, 0x0020, 0x0020, 0x0000, 0x0000, 0x0000, 0x0000, 0x0000, 0x0000, 0x0000, 0x0000, 0x0000,
  0x0000, 0x0000, 0x0000, 0x0000, 0x0000, 0x0000, 0x0000, 0x0000, 0x0000, 0x0000, 0x0020, 0x0000,
  0x0000, 0x0000, 0x0000, 0x0000, 0x0000, 0x0000, 0x0000, 0x0000, 0x0000, 0x0000, 0x0000, 0x0000,
  0x0020, 0x0841, 0x0000, 0x0000, 0x0000, 0x0000, 0x0000, 0x0000, 0x0000, 0x0000, 0x0000, 0x0000,
  0x0000, 0x0000, 0x0000, 0x0000, 0x0000, 0x0000, 0x0020, 0x0000, 0x0000, 0x0000, 0x0000, 0x0000,
  0x0000, 0x0840, 0x0840, 0x0841, 0x0861, 0x0861, 0x0861, 0x0861, 0x0861, 0x0861, 0x0861, 0x0861,
  0x0861, 0x1061, 0x1061, 0x1061, 0x1061, 0x1061, 0x1061, 0x1061, 0x1061, 0x1061, 0x1061, 0x1061,
  0x1061, 0x1061, 0x1061, 0x1061, 0x1061, 0x1061, 0x1061, 0x1061, 0x1081, 0x1081, 0x1081, 0x1081,
  0x1081, 0x1081, 0x1081, 0x1081, 0x1061, 0x1081, 0x1081, 0x1081, 0x1081, 0x1081, 0x1081, 0x1061,
  0x1061, 0x1061, 0x1061, 0x1061, 0x1061, 0x0861, 0x0861, 0x0861, 0x0861, 0x0861, 0x0841, 0x0861,
  0x0861, 0x0841, 0x0841, 0x0841, 0x0841, 0x0840, 0x0840, 0x0841, 0x0840, 0x0841, 0x0840, 0x0841,
  0x0841, 0x0861, 0x0841, 0x0841, 0x0820, 0x0840, 0x0840, 0x0840, 0x0820, 0x0840, 0x0840, 0x0840,
  0x0820, 0x0820, 0x0840, 0x0820, 0x0840, 0x0841, 0x0861, 0x0840, 0x0820, 0x0841, 0x0841, 0x0841,
  0x0841, 0x0841, 0x0820, 0x0840, 0x1061, 0x0840, 0x1081, 0x0841, 0x0840, 0x0840, 0x0820, 0x0820,
  0x1061, 0x1061, 0x0820, 0x0820, 0x1061, 0x1061, 0x0861, 0x0820, 0x0020, 0x0841, 0x0820, 0x1061,
  0x1061, 0x0840, 0x1061, 0x0861, 0x0020, 0x0820, 0x1061, 0x0000, 0x0820, 0x0820, 0x0020, 0x0820,
  0x0861, 0x0820, 0x0020, 0x1082, 0x0841, 0x18A2, 0x1061, 0x1081, 0x0841, 0x1061, 0x0841, 0x0861,
  0x0861, 0x0841, 0x0841, 0x1061, 0x0841, 0x0841, 0x0861, 0x1061, 0x1081, 0x18C2, 0x10A2, 0x0861,
  0x18A2, 0x1081, 0x18A2, 0x18C2, 0x10A2, 0x10A2, 0x2103, 0x18E3, 0x18E3, 0x2124, 0x2123, 0x2123,
  0x2124, 0x2944, 0x2944, 0x2944, 0x2944, 0x2944, 0x18E2, 0x2123, 0x2144, 0x2964, 0x3185, 0x2964,
  0x31A5, 0x39C6, 0x39E6, 0x39C6, 0x39E6, 0x41E6, 0x4207, 0x4207, 0x4207, 0x4207, 0x4207, 0x4A27,
  0x4A28, 0x4A48, 0x4A28, 0x4A48, 0x4A48, 0x5268, 0x5268, 0x5289, 0x5289, 0x5289, 0x52AA, 0x5289,
  0x5289, 0x52AA, 0x52AA, 0x52AA, 0x52AA, 0x52AA, 0x52AA, 0x52AA, 0x52AA, 0x52AA, 0x52AA, 0x528A,
  0x528A, 0x528A, 0x39C7, 0x0000, 0x0000, 0x0000, 0x0000, 0x0000, 0x0000, 0x0000, 0x0000, 0x0861,
  0x0841, 0x0000, 0x0000, 0x0000, 0x0000, 0x0000, 0x0000, 0x0000, 0x0000, 0x0000, 0x0000, 0x0000,
  0x0020, 0x0020, 0x0000, 0x0000, 0x0000, 0x0000, 0x0000, 0x0000, 0x0000, 0x0000, 0x0000, 0x0000,
  0x0000, 0x0000, 0x0000, 0x0000, 0x0000, 0x0000, 0x0000, 0x0000, 0x0000, 0x0000, 0x0000, 0x0000,
  0x0000, 0x0000, 0x0000, 0x0000, 0x0000, 0x0000, 0x0000, 0x0000, 0x0000, 0x0000, 0x0000, 0x0000,
  0x0000, 0x0000, 0x0000, 0x0000, 0x0000, 0x0000, 0x0000, 0x0000, 0x0000, 0x0000, 0x0000, 0x0000,
  0x0000, 0x0000, 0x0000, 0x0000, 0x0000, 0x0000, 0x0000, 0x0000, 0x0020, 0x0020, 0x0000, 0x0000,
  0x0000, 0x0000, 0x0000, 0x0861, 0x1082, 0x0000, 0x0000, 0x0000, 0x0000, 0x0000, 0x0000, 0x0000,
  0x0000, 0x0000, 0x0020, 0x0000, 0x0000, 0x0000, 0x0000, 0x0000, 0x0000, 0x0840, 0x0841, 0x0861,
  0x0861, 0x0861, 0x0861, 0x0861, 0x0861, 0x0861, 0x0861, 0x0861, 0x0861, 0x1061, 0x1061, 0x1061,
  0x1061, 0x1061, 0x1061, 0x1061, 0x1061, 0x0861, 0x1061, 0x0861, 0x1061, 0x1061, 0x1061, 0x0861,
  0x1061, 0x1061, 0x1061, 0x1061, 0x1061, 0x1081, 0x1081, 0x1081, 0x1081, 0x1081, 0x1081, 0x1081,
  0x1061, 0x1061, 0x1061, 0x1061, 0x1061, 0x1081, 0x1081, 0x1061, 0x1061, 0x1061, 0x1081, 0x0861,
  0x1081, 0x1061, 0x1061, 0x0861, 0x0861, 0x0861, 0x0861, 0x0861, 0x0861, 0x1061, 0x1061, 0x1061,
  0x1061, 0x1061, 0x0861, 0x0861, 0x1061, 0x0861, 0x1061, 0x0841, 0x0861, 0x1061, 0x0861, 0x0861,
  0x0861, 0x0861, 0x0861, 0x0861, 0x0861, 0x0861, 0x0861, 0x0861, 0x0861, 0x0861, 0x0861, 0x0861,
  0x0841, 0x0861, 0x0841, 0x1061, 0x0861, 0x0841, 0x0861, 0x0841, 0x0841, 0x0841, 0x0861, 0x1061,
  0x0840, 0x0841, 0x0840, 0x0841, 0x0841, 0x0841, 0x0841, 0x0841, 0x0840, 0x0820, 0x0841, 0x0841,
  0x0820, 0x0840, 0x0840, 0x0840, 0x0841, 0x0840, 0x0840, 0x0820, 0x0820, 0x0840, 0x0820, 0x0841,
  0x0840, 0x0840, 0x0820, 0x0820, 0x0841, 0x0841, 0x0820, 0x0820, 0x0820, 0x0820, 0x0841, 0x0841,
  0x0840, 0x0820, 0x0841, 0x0020, 0x0820, 0x0000, 0x0020, 0x0020, 0x0020, 0x0820, 0x0020, 0x0820,
  0x0840, 0x0820, 0x0020, 0x0820, 0x1081, 0x1081, 0x0861, 0x1082, 0x1081, 0x1081, 0x10A2, 0x10A2,
  0x10C2, 0x18C3, 0x18C2, 0x18E2, 0x18E3, 0x18E3, 0x1903, 0x2123, 0x2123, 0x2124, 0x2124, 0x2144,
  0x2944, 0x2944, 0x2985, 0x2985, 0x2985, 0x3185, 0x3185, 0x31A5, 0x31A5, 0x39C6, 0x39C6, 0x39C6,
  0x39E6, 0x39E6, 0x41E6, 0x4206, 0x4207, 0x4207, 0x4A27, 0x4A27, 0x4A27, 0x4A48, 0x4A48, 0x4A48,
  0x4A48, 0x5248, 0x5248, 0x5269, 0x5289, 0x5289, 0x52AA, 0x52AA, 0x52AA, 0x52AA, 0x52AA, 0x52AA,
  0x52AA, 0x52AA, 0x52AA, 0x52AA, 0x52AA, 0x52AA, 0x52AA, 0x52AA, 0x528A, 0x528A, 0x39C7, 0x0000,
  0x0000, 0x0000, 0x0000, 0x0000, 0x0000, 0x0000, 0x0000, 0x0000, 0x0000, 0x0000, 0x0000, 0x0000,
  0x0000, 0x0000, 0x0000, 0x0000, 0x0000, 0x0000, 0x0000, 0x0000, 0x0020, 0x0841, 0x0000, 0x0000,
  0x0000, 0x0000, 0x0000, 0x0000, 0x0000, 0x0000, 0x0000, 0x0000, 0x0000, 0x0000, 0x0000, 0x0000,
  0x0000, 0x0000, 0x0000, 0x0020, 0x0000, 0x0000, 0x0000, 0x0000, 0x0000, 0x0000, 0x0000, 0x0000,
  0x0000, 0x0000, 0x0000, 0x0000, 0x0000, 0x0000, 0x0000, 0x0000, 0x0000, 0x0000, 0x0000, 0x0000,
  0x0000, 0x0000, 0x0000, 0x0000, 0x0000, 0x0020, 0x0000, 0x0000, 0x0000, 0x0000, 0x0000, 0x0000,
  0x0000, 0x0000, 0x0000, 0x0000, 0x0000, 0x0000, 0x0000, 0x0000, 0x0000, 0x0000, 0x0000, 0x0861,
  0x1082, 0x0000, 0x0000, 0x0000, 0x0000, 0x0000, 0x0000, 0x0000, 0x0000, 0x0000, 0x0000, 0x0000,
  0x0000, 0x0000, 0x0000, 0x0000, 0x0000, 0x0840, 0x0841, 0x0861, 0x0861, 0x0861, 0x0861, 0x0861,
  0x0861, 0x0861, 0x0861, 0x0861, 0x0861, 0x0861, 0x1061, 0x1061, 0x1061, 0x1061, 0x1061, 0x1061,
  0x0861, 0x0861, 0x1061, 0x0861, 0x1061, 0x1061, 0x1061, 0x0861, 0x1061, 0x1061, 0x1061, 0x1061,
  0x1081, 0x1081, 0x1081, 0x1081, 0x1081, 0x1081, 0x1081, 0x1081, 0x1081, 0x1061, 0x1061, 0x1081,
  0x1061, 0x1061, 0x1061, 0x1061, 0x1061, 0x1061, 0x0861, 0x0861, 0x1061, 0x0861, 0x0861, 0x1061,
  0x0861, 0x0861, 0x0861, 0x0861, 0x0861, 0x0861, 0x0861, 0x0861, 0x0861, 0x0861, 0x0861, 0x0861,
  0x0861, 0x0861, 0x0861, 0x0861, 0x0861, 0x0861, 0x0861, 0x0861, 0x0861, 0x0841, 0x0841, 0x0861,
  0x0861, 0x0861, 0x0861, 0x0861, 0x0861, 0x0841, 0x0861, 0x0861, 0x0861, 0x0861, 0x0861, 0x0861,
  0x0841, 0x0861, 0x0861, 0x1061, 0x0861, 0x0841, 0x0861, 0x0841, 0x0841, 0x0861, 0x0861, 0x0841,
  0x0841, 0x0841, 0x0861, 0x0840, 0x0841, 0x0841, 0x0841, 0x0841, 0x0841, 0x0841, 0x0841, 0x0841,
  0x0841, 0x0841, 0x0841, 0x0841, 0x0840, 0x0841, 0x0841, 0x0841, 0x0840, 0x0840, 0x0841, 0x0840,
  0x0841, 0x0840, 0x0820, 0x0840, 0x0820, 0x0840, 0x0841, 0x0840, 0x0820, 0x0820, 0x0820, 0x0820,
  0x0820, 0x0820, 0x0820, 0x0841, 0x0820, 0x0820, 0x0820, 0x0820, 0x0820, 0x0820, 0x0820, 0x0820,
  0x0820, 0x0840, 0x0861, 0x1061, 0x1081, 0x1082, 0x10A2, 0x10C2, 0x10C2, 0x18C2, 0x18E3, 0x18E3,
  0x2103, 0x1903, 0x2103, 0x2124, 0x2124, 0x2124, 0x2144, 0x2144, 0x2964, 0x2965, 0x2965, 0x2985,
  0x2985, 0x3185, 0x31A5, 0x31A5, 0x31C5, 0x39C6, 0x39C6, 0x39E6, 0x39E6, 0x41E6, 0x4206, 0x4207,
  0x4207, 0x4207, 0x4A27, 0x4A27, 0x4A28, 0x4A48, 0x4A48, 0x4A48, 0x4A48, 0x5269, 0x5269, 0x5269,
  0x5269, 0x5289, 0x52AA, 0x52AA, 0x52AA, 0x52AA, 0x52AA, 0x52AA, 0x52AA, 0x52AA, 0x52AA, 0x52AA,
  0x52AA, 0x52AA, 0x52AA, 0x528A, 0x5289, 0x528A, 0x39C6, 0x0000, 0x0000, 0x0000, 0x0000, 0x0000,
  0x0000, 0x0000, 0x0020, 0x0000, 0x0841, 0x0861, 0x0000, 0x0020, 0x0000, 0x0000, 0x0000, 0x0000,
  0x0000, 0x0000, 0x0000, 0x0000, 0x0000, 0x0000, 0x0000, 0x0000, 0x0000, 0x0000, 0x0000, 0x0000,
  0x0000, 0x0000, 0x0000, 0x0000, 0x0000, 0x0020, 0x0000, 0x0000, 0x0000, 0x0000, 0x0000, 0x0020,
  0x0020, 0x0000, 0x0000, 0x0000, 0x0000, 0x0000, 0x0000, 0x0000, 0x0000, 0x0000, 0x0000, 0x0000,
  0x0000, 0x0000, 0x0000, 0x0000, 0x0000, 0x0000, 0x0000, 0x0000, 0x0000, 0x0000, 0x0841, 0x0841,
  0x0000, 0x0020, 0x0000, 0x0000, 0x0000, 0x0000, 0x0000, 0x0000, 0x0000, 0x0000, 0x0000, 0x0000,
  0x0000, 0x0000, 0x0000, 0x0000, 0x0000, 0x0000, 0x0000, 0x0000, 0x0000, 0x0000, 0x0000, 0x0020,
  0x0000, 0x0000, 0x0020, 0x0000, 0x0000, 0x0000, 0x0000, 0x0000, 0x0000, 0x0000, 0x0000, 0x0000,
  0x0000, 0x0020, 0x0841, 0x0841, 0x0841, 0x0861, 0x0841, 0x0861, 0x0861, 0x0861, 0x0861, 0x0861,
  0x0861, 0x0861, 0x1061, 0x1061, 0x1061, 0x1061, 0x1061, 0x1061, 0x1061, 0x0861, 0x1081, 0x1061,
  0x1061, 0x1061, 0x1061, 0x1061, 0x1061, 0x1061, 0x1061, 0x1061, 0x1081, 0x1081, 0x1081, 0x1081,
  0x1081, 0x1081, 0x1081, 0x1081, 0x1081, 0x1061, 0x1061, 0x1061, 0x1061, 0x1061, 0x1061, 0x0861,
  0x1061, 0x1061, 0x1061, 0x1061, 0x1061, 0x1061, 0x1061, 0x1061, 0x0861, 0x0861, 0x0861, 0x0861,
  0x0861, 0x0861, 0x0861, 0x0861, 0x0861, 0x0861, 0x0861, 0x0861, 0x0861, 0x0861, 0x0861, 0x10A2,
  0x1081, 0x0841, 0x0861, 0x0861, 0x0861, 0x0861, 0x0841, 0x0861, 0x0861, 0x0861, 0x0861, 0x0861,
  0x0861, 0x0841, 0x0861, 0x0861, 0x0841, 0x0861, 0x0861, 0x0861, 0x0861, 0x0841, 0x0841, 0x0861,
  0x0841, 0x0841, 0x0861, 0x0841, 0x0841, 0x0841, 0x0841, 0x0841, 0x0861, 0x0861, 0x0841, 0x0841,
  0x0841, 0x0861, 0x0861, 0x0841, 0x0841, 0x0841, 0x0841, 0x0841, 0x0840, 0x0841, 0x0841, 0x1061,
  0x1061, 0x0820, 0x0840, 0x0840, 0x0840, 0x0840, 0x1061, 0x0840, 0x0820, 0x0820, 0x0840, 0x0820,
  0x0820, 0x0820, 0x0820, 0x0820, 0x0820, 0x0820, 0x0840, 0x0840, 0x0820, 0x0820, 0x0820, 0x0820,
  0x0820, 0x0820, 0x0820, 0x0820, 0x0820, 0x0820, 0x0820, 0x0820, 0x0840, 0x0841, 0x0861, 0x1061,
  0x1081, 0x1082, 0x10A2, 0x18C2, 0x18C2, 0x18C2, 0x18C3, 0x18E3, 0x1903, 0x1903, 0x2103, 0x2103,
  0x2124, 0x2144, 0x2144, 0x2944, 0x2964, 0x2964, 0x2965, 0x2985, 0x2985, 0x3185, 0x31A5, 0x31A5,
  0x31C5, 0x39C6, 0x39C6, 0x39C6, 0x39E6, 0x41E6, 0x4206, 0x4206, 0x4207, 0x4A07, 0x4A27, 0x4A28,
  0x4A48, 0x4A48, 0x4A48, 0x5248, 0x5268, 0x5268, 0x5268, 0x5269, 0x5289, 0x5289, 0x52AA, 0x52AA,
  0x52AA, 0x52AA, 0x52AA, 0x52AA, 0x52AA, 0x52AA, 0x52AA, 0x52AA, 0x52AA, 0x52AA, 0x52AA, 0x528A,
  0x4A69, 0x5269, 0x31A6, 0x0000, 0x0000, 0x0000, 0x0000, 0x0000, 0x0000, 0x0020, 0x0841, 0x0000,
  0x0020, 0x0841, 0x0000, 0x0000, 0x0000, 0x0000, 0x0000, 0x0000, 0x0000, 0x0000, 0x0000, 0x0000,
  0x0000, 0x0000, 0x0000, 0x0000, 0x0000, 0x0000, 0x0000, 0x0000, 0x0000, 0x0000, 0x0000, 0x0000,
  0x0000, 0x0000, 0x0000, 0x0000, 0x0000, 0x0000, 0x0000, 0x0020, 0x0020, 0x0000, 0x0000, 0x0000,
  0x0000, 0x0000, 0x0000, 0x0020, 0x0000, 0x0000, 0x0000, 0x0020, 0x0000, 0x0000, 0x0000, 0x0000,
  0x0000, 0x1082, 0x1082, 0x0000, 0x0000, 0x0000, 0x0020, 0x0020, 0x0000, 0x0000, 0x0000, 0x0000,
  0x0000, 0x0000, 0x0000, 0x0000, 0x0000, 0x0000, 0x0000, 0x0000, 0x0000, 0x0000, 0x0000, 0x0000,
  0x0000, 0x0000, 0x0000, 0x0000, 0x0000, 0x0000, 0x0000, 0x0020, 0x0000, 0x0861, 0x0841, 0x0000,
  0x0000, 0x0000, 0x0020, 0x0841, 0x0000, 0x0000, 0x0000, 0x0000, 0x0000, 0x0020, 0x0841, 0x0840,
  0x0840, 0x0841, 0x0841, 0x0840, 0x0841, 0x0841, 0x0861, 0x0861, 0x0841, 0x0841, 0x0861, 0x1061,
  0x1061, 0x1061, 0x1061, 0x1081, 0x0861, 0x0841, 0x0861, 0x1061, 0x0861, 0x1061, 0x1061, 0x1061,
  0x1061, 0x1061, 0x1061, 0x1061, 0x1081, 0x1081, 0x1081, 0x1081, 0x1081, 0x1081, 0x10A1, 0x1081,
  0x1081, 0x1081, 0x10A2, 0x1081, 0x1061, 0x1081, 0x1061, 0x0861, 0x1061, 0x1081, 0x1061, 0x1061,
  0x1061, 0x1061, 0x1081, 0x1061, 0x1061, 0x1061, 0x0861, 0x0861, 0x0861, 0x0861, 0x0861, 0x0861,
  0x0861, 0x0861, 0x0861, 0x1061, 0x0861, 0x0861, 0x0861, 0x0841, 0x0841, 0x0861, 0x0861, 0x0861,
  0x0861, 0x0861, 0x0841, 0x0861, 0x0861, 0x0861, 0x0861, 0x0861, 0x0861, 0x0841, 0x0861, 0x0841,
  0x0841, 0x0861, 0x0861, 0x0861, 0x0861, 0x0861, 0x0861, 0x0841, 0x0841, 0x0841, 0x0861, 0x0841,
  0x0841, 0x0841, 0x0841, 0x0861, 0x0841, 0x0841, 0x0841, 0x0841, 0x0841, 0x0841, 0x0841, 0x0841,
  0x0841, 0x0841, 0x0841, 0x0841, 0x0840, 0x0840, 0x0840, 0x0841, 0x0840, 0x0840, 0x0840, 0x0840,
  0x0840, 0x0840, 0x0840, 0x0840, 0x0841, 0x0841, 0x0820, 0x0840, 0x0840, 0x0820, 0x0820, 0x0820,
  0x0820, 0x0820, 0x0841, 0x0841, 0x0820, 0x0820, 0x0820, 0x0820, 0x0820, 0x0820, 0x0820, 0x0820,
  0x0820, 0x0820, 0x0820, 0x0820, 0x0840, 0x0841, 0x0861, 0x1061, 0x1082, 0x1082, 0x10A2, 0x18C2,
  0x10C2, 0x18C2, 0x18C3, 0x18E3, 0x18E3, 0x1903, 0x2103, 0x2103, 0x2124, 0x2124, 0x2144, 0x2944,
  0x2944, 0x2944, 0x2965, 0x2985, 0x2985, 0x3185, 0x31A5, 0x31A5, 0x31A5, 0x39C5, 0x39C6, 0x39C6,
  0x39E6, 0x41E6, 0x41E6, 0x4206, 0x4207, 0x4A07, 0x4A27, 0x4A27, 0x4A28, 0x4A48, 0x4A48, 0x5248,
  0x5248, 0x5268, 0x5248, 0x5269, 0x5289, 0x5289, 0x5289, 0x52AA, 0x52AA, 0x52AA, 0x52AA, 0x52AA,
  0x52AA, 0x52AA, 0x52AA, 0x52AA, 0x52AA, 0x52AA, 0x52AA, 0x528A, 0x4A69, 0x5269, 0x3186, 0x0000,
  0x0000, 0x0000, 0x0000, 0x0000, 0x0000, 0x0000, 0x0000, 0x0000, 0x0000, 0x0000, 0x0000, 0x0000,
  0x0000, 0x0000, 0x0000, 0x0000, 0x0000, 0x0000, 0x0000, 0x0000, 0x0000, 0x0000, 0x0000, 0x0000,
  0x0000, 0x0000, 0x0000, 0x0000, 0x0000, 0x0000, 0x0000, 0x0000, 0x0000, 0x0000, 0x0000, 0x0000,
  0x0000, 0x0000, 0x0000, 0x0000, 0x0000, 0x0000, 0x0000, 0x0000, 0x0000, 0x0000, 0x0000, 0x0000,
  0x0000, 0x0000, 0x0020, 0x0841, 0x0000, 0x0000, 0x0000, 0x0000, 0x0000, 0x10A2, 0x1082, 0x0000,
  0x0000, 0x0000, 0x0000, 0x0000, 0x0000, 0x0000, 0x0000, 0x0000, 0x0000, 0x0000, 0x0000, 0x0000,
  0x0000, 0x0000, 0x0000, 0x0000, 0x0000, 0x0000, 0x0000, 0x0000, 0x0000, 0x0000, 0x0000, 0x0000,
  0x0000, 0x0000, 0x0000, 0x0000, 0x0000, 0x0020, 0x0000, 0x0000, 0x0000, 0x0000, 0x0020, 0x0841,
  0x0000, 0x0000, 0x0000, 0x0000, 0x0000, 0x0020, 0x0841, 0x0841, 0x0840, 0x0841, 0x0841, 0x0841,
  0x0841, 0x0840, 0x0840, 0x0840, 0x0840, 0x0840, 0x0840, 0x0820, 0x0840, 0x0861, 0x0861, 0x1061,
  0x0840, 0x0840, 0x0820, 0x0840, 0x0840, 0x0820, 0x1061, 0x0861, 0x1061, 0x1061, 0x0861, 0x1061,
  0x1061, 0x1081, 0x1081, 0x1081, 0x0861, 0x1081, 0x1081, 0x1081, 0x1081, 0x1081, 0x1081, 0x0861,
  0x0861, 0x0841, 0x1082, 0x1081, 0x0841, 0x1081, 0x1061, 0x0861, 0x0861, 0x0861, 0x0861, 0x1061,
  0x1061, 0x1061, 0x1061, 0x1061, 0x1061, 0x0861, 0x0861, 0x0861, 0x0861, 0x1081, 0x0861, 0x0841,
  0x0841, 0x0861, 0x1061, 0x1061, 0x0841, 0x0861, 0x0861, 0x1061, 0x0861, 0x0841, 0x0861, 0x1061,
  0x1061, 0x0861, 0x1061, 0x1061, 0x0841, 0x0841, 0x0861, 0x0861, 0x0861, 0x0861, 0x0861, 0x0861,
  0x0841, 0x0841, 0x0861, 0x0861, 0x0841, 0x0841, 0x0841, 0x0841, 0x0841, 0x0861, 0x0841, 0x0841,
  0x0861, 0x0861, 0x0861, 0x0841, 0x0861, 0x0861, 0x0841, 0x0841, 0x0841, 0x0841, 0x0841, 0x0841,
  0x0861, 0x1061, 0x0841, 0x0840, 0x0841, 0x0840, 0x0840, 0x0840, 0x0840, 0x0840, 0x0840, 0x0840,
  0x0840, 0x0840, 0x0820, 0x0841, 0x0841, 0x0820, 0x0820, 0x0820, 0x0820, 0x0820, 0x0820, 0x0820,
  0x0820, 0x0820, 0x0820, 0x0840, 0x0820, 0x0820, 0x0820, 0x0820, 0x0820, 0x0820, 0x0820, 0x0820,
  0x0840, 0x0841, 0x0861, 0x1061, 0x1061, 0x1082, 0x10A2, 0x10A2, 0x10A2, 0x18C2, 0x18C2, 0x18E3,
  0x18E3, 0x1903, 0x2103, 0x2103, 0x2124, 0x2124, 0x2144, 0x2944, 0x2944, 0x2944, 0x2965, 0x2965,
  0x2985, 0x2985, 0x3185, 0x31A5, 0x31A5, 0x39C6, 0x39C6, 0x39C6, 0x39E6, 0x41E6, 0x41E6, 0x4206,
  0x4206, 0x4206, 0x4A07, 0x4A27, 0x4A27, 0x4A28, 0x4A48, 0x4A48, 0x5248, 0x5268, 0x5248, 0x5268,
  0x5289, 0x5289, 0x5289, 0x52AA, 0x52AA, 0x52AA, 0x52AA, 0x52AA, 0x52AA, 0x52AA, 0x52AA, 0x52AA,
  0x52AA, 0x52AA, 0x52AA, 0x528A, 0x4A69, 0x4A69, 0x2965, 0x0000, 0x0000, 0x0000, 0x0000, 0x0000,
  0x0000, 0x0000, 0x0000, 0x0000, 0x0000, 0x0000, 0x0000, 0x0000, 0x0000, 0x0000, 0x0000, 0x0000,
  0x0000, 0x0000, 0x0000, 0x0000, 0x0000, 0x0000, 0x0000, 0x0000, 0x0000, 0x0000, 0x0000, 0x0000,
  0x0000, 0x0020, 0x0020, 0x0000, 0x0000, 0x0000, 0x0000, 0x0000, 0x0000, 0x0000, 0x0000, 0x0000,
  0x0000, 0x0000, 0x0000, 0x0000, 0x0000, 0x0000, 0x0000, 0x0000, 0x0000, 0x0000, 0x0000, 0x0000,
  0x0000, 0x0000, 0x0000, 0x0000, 0x0000, 0x0000, 0x0000, 0x0000, 0x0000, 0x0000, 0x0000, 0x0000,
  0x0000, 0x0000, 0x0000, 0x0000, 0x0000, 0x0000, 0x0000, 0x0000, 0x0000, 0x0000, 0x0000, 0x0000,
  0x0000, 0x0000, 0x0000, 0x0000, 0x0000, 0x0000, 0x0000, 0x0000, 0x0000, 0x0000, 0x0000, 0x0000,
  0x0000, 0x0000, 0x0000, 0x0000, 0x0020, 0x0000, 0x0000, 0x0000, 0x0000, 0x0000, 0x0000, 0x0000,
  0x0000, 0x0020, 0x0841, 0x0841, 0x0840, 0x0840, 0x0841, 0x0841, 0x0861, 0x0840, 0x0840, 0x0841,
  0x0841, 0x0840, 0x0840, 0x0820, 0x0820, 0x0861, 0x0861, 0x1061, 0x0861, 0x0840, 0x0840, 0x0840,
  0x0840, 0x0840, 0x0841, 0x0840, 0x0841, 0x0861, 0x0861, 0x0861, 0x0861, 0x1081, 0x1081, 0x1081,
  0x0861, 0x0840, 0x0861, 0x1061, 0x0861, 0x0841, 0x0861, 0x0840, 0x0861, 0x0861, 0x0861, 0x1061,
  0x0820, 0x0840, 0x1061, 0x0841, 0x0840, 0x0841, 0x0840, 0x0840, 0x0841, 0x0861, 0x1081, 0x0861,
  0x1061, 0x0841, 0x0861, 0x0861, 0x1061, 0x0861, 0x0841, 0x0861, 0x0861, 0x0841, 0x0840, 0x0841,
  0x0861, 0x0841, 0x1061, 0x0861, 0x0861, 0x0840, 0x0861, 0x0841, 0x0861, 0x0841, 0x0861, 0x0861,
  0x0841, 0x0841, 0x0840, 0x0861, 0x0861, 0x0841, 0x0861, 0x1061, 0x10A2, 0x0861, 0x0861, 0x0841,
  0x0841, 0x0841, 0x0841, 0x0841, 0x0841, 0x0840, 0x0841, 0x0841, 0x0840, 0x0861, 0x1061, 0x1061,
  0x0861, 0x1061, 0x0861, 0x0841, 0x0841, 0x0840, 0x0861, 0x0840, 0x0861, 0x1061, 0x0840, 0x0841,
  0x0841, 0x0861, 0x0841, 0x0841, 0x0840, 0x0840, 0x1061, 0x0820, 0x0820, 0x0820, 0x0841, 0x0841,
  0x0820, 0x0820, 0x0820, 0x0820, 0x0820, 0x0841, 0x0841, 0x0841, 0x0841, 0x0840, 0x0820, 0x0820,
  0x0820, 0x0840, 0x0820, 0x0820, 0x0820, 0x0820, 0x0820, 0x0820, 0x0840, 0x0841, 0x0861, 0x1081,
  0x1082, 0x1082, 0x10A2, 0x10A2, 0x10C2, 0x18C2, 0x18C3, 0x18E3, 0x18E3, 0x1903, 0x2103, 0x2103,
  0x1903, 0x2103, 0x2123, 0x2124, 0x2144, 0x2964, 0x2964, 0x2985, 0x2985, 0x2985, 0x3185, 0x31A5,
  0x3185, 0x2964, 0x39C6, 0x39C6, 0x39C5, 0x3185, 0x3185, 0x31A5, 0x31A5, 0x4206, 0x4A07, 0x4A27,
  0x4A27, 0x4A27, 0x4A27, 0x4A48, 0x4A48, 0x4A48, 0x4A48, 0x4A48, 0x5268, 0x5269, 0x5269, 0x5269,
  0x5289, 0x528A, 0x52AA, 0x52AA, 0x52AA, 0x5289, 0x5269, 0x5269, 0x5289, 0x5269, 0x5269, 0x5289,
  0x4A69, 0x4A69, 0x2944, 0x0000, 0x0000, 0x0000, 0x0000, 0x0000, 0x0000, 0x0000, 0x0000, 0x0000,
  0x0000, 0x0000, 0x0000, 0x0000, 0x0000, 0x0000, 0x0000, 0x0000, 0x0000, 0x0000, 0x0000, 0x0000,
  0x0000, 0x0000, 0x0000, 0x0000, 0x0000, 0x0000, 0x0000, 0x0020, 0x0000, 0x0020, 0x0841, 0x0000,
  0x0000, 0x0000, 0x0000, 0x0000, 0x0000, 0x0000, 0x0000, 0x0000, 0x0000, 0x0020, 0x0000, 0x0000,
  0x0000, 0x0000, 0x0000, 0x0000, 0x0000, 0x0000, 0x0000, 0x0000, 0x0000, 0x0000, 0x0000, 0x0000,
  0x0000, 0x0000, 0x0000, 0x0000, 0x0000, 0x0000, 0x0000, 0x0000, 0x0000, 0x0000, 0x0000, 0x0000,
  0x0000, 0x0000, 0x0000, 0x0000, 0x0000, 0x0000, 0x0000, 0x0000, 0x0000, 0x0000, 0x0000, 0x0841,
  0x0841, 0x0000, 0x0000, 0x0000, 0x0000, 0x0000, 0x0000, 0x0000, 0x0000, 0x0000, 0x0000, 0x0000,
  0x0000, 0x0000, 0x0000, 0x0000, 0x0000, 0x0000, 0x0000, 0x0000, 0x0000, 0x0000, 0x0841, 0x0841,
  0x0840, 0x0840, 0x0841, 0x0841, 0x0861, 0x0841, 0x0841, 0x0841, 0x0840, 0x0840, 0x0840, 0x0820,
  0x0820, 0x0861, 0x1061, 0x1061, 0x0841, 0x0840, 0x0840, 0x0840, 0x0841, 0x0840, 0x0840, 0x0841,
  0x0841, 0x0861, 0x0861, 0x0861, 0x0841, 0x0861, 0x1081, 0x1081, 0x0840, 0x0841, 0x0861, 0x1061,
  0x0861, 0x0861, 0x0841, 0x0840, 0x1061, 0x1081, 0x0840, 0x0861, 0x0841, 0x0840, 0x1061, 0x0841,
  0x0840, 0x0840, 0x0840, 0x0840, 0x0840, 0x0841, 0x0841, 0x0840, 0x0840, 0x0840, 0x0841, 0x0840,
  0x0841, 0x0840, 0x0840, 0x0841, 0x0841, 0x0840, 0x0820, 0x0840, 0x1061, 0x0841, 0x1061, 0x0861,
  0x0841, 0x0840, 0x0840, 0x0861, 0x0820, 0x0861, 0x0841, 0x0820, 0x0840, 0x0840, 0x1082, 0x10A2,
  0x1082, 0x1082, 0x0861, 0x0841, 0x1061, 0x1061, 0x0841, 0x0841, 0x0841, 0x0841, 0x1061, 0x0820,
  0x0820, 0x0820, 0x0820, 0x0820, 0x0841, 0x0820, 0x0840, 0x0840, 0x0840, 0x0840, 0x0840, 0x0840,
  0x0841, 0x1061, 0x1061, 0x1061, 0x0841, 0x0840, 0x0820, 0x0841, 0x0820, 0x1061, 0x0841, 0x0820,
  0x0820, 0x0861, 0x1061, 0x0820, 0x0841, 0x0820, 0x0841, 0x0841, 0x0820, 0x0820, 0x0820, 0x0840,
  0x0841, 0x0841, 0x0820, 0x0820, 0x0840, 0x0820, 0x0820, 0x0820, 0x0820, 0x0820, 0x0820, 0x0820,
  0x0820, 0x0820, 0x0820, 0x0820, 0x0820, 0x0840, 0x0841, 0x1061, 0x1081, 0x10A2, 0x10A2, 0x1081,
  0x10A2, 0x10A2, 0x18C2, 0x18C2, 0x18E3, 0x18E3, 0x18E3, 0x18E3, 0x18C2, 0x18C2, 0x18E2, 0x1903,
  0x1903, 0x2144, 0x2144, 0x2944, 0x2944, 0x2944, 0x2944, 0x2964, 0x2964, 0x2944, 0x31A5, 0x39C6,
  0x39C5, 0x2964, 0x2984, 0x3165, 0x3184, 0x39C6, 0x39C6, 0x39C6, 0x39C6, 0x39C6, 0x39C6, 0x39A5,
  0x39C6, 0x41E6, 0x41E7, 0x41E7, 0x4207, 0x4207, 0x4A27, 0x4A28, 0x4A28, 0x5289, 0x52AA, 0x52AA,
  0x52AA, 0x5269, 0x4A69, 0x5269, 0x5269, 0x5248, 0x5269, 0x5289, 0x4A68, 0x4A48, 0x2124, 0x0000,
  0x0000, 0x0000, 0x0000, 0x0000, 0x0000, 0x0000, 0x0000, 0x0000, 0x0000, 0x0000, 0x0000, 0x0000,
  0x0000, 0x0000, 0x0000, 0x0020, 0x0000, 0x0000, 0x0000, 0x0000, 0x0020, 0x0000, 0x0841, 0x0020,
  0x0000, 0x0000, 0x0000, 0x0000, 0x0000, 0x0020, 0x0841, 0x0000, 0x0000, 0x0000, 0x0000, 0x0000,
  0x0000, 0x0000, 0x0000, 0x0000, 0x0020, 0x0861, 0x0000, 0x0020, 0x0000, 0x0000, 0x0000, 0x0000,
  0x0000, 0x0000, 0x0000, 0x0000, 0x0000, 0x0000, 0x0020, 0x0000, 0x0000, 0x0000, 0x0000, 0x0000,
  0x0000, 0x0000, 0x0020, 0x0000, 0x0000, 0x0000, 0x0000, 0x0000, 0x0000, 0x0000, 0x0000, 0x0000,
  0x0000, 0x0000, 0x0000, 0x0000, 0x0000, 0x0000, 0x0000, 0x0000, 0x0000, 0x0000, 0x0000, 0x18C3,
  0x0020, 0x0000, 0x0000, 0x0000, 0x0000, 0x0000, 0x0000, 0x0000, 0x0000, 0x0000, 0x0000, 0x0000,
  0x0000, 0x0000, 0x0000, 0x0000, 0x0000, 0x0000, 0x0840, 0x0841, 0x0840, 0x0840, 0x0841, 0x0841,
  0x0861, 0x0841, 0x0841, 0x0840, 0x0840, 0x0841, 0x0840, 0x0820, 0x0820, 0x0861, 0x1061, 0x0861,
  0x0841, 0x0820, 0x0840, 0x0840, 0x0841, 0x0840, 0x0840, 0x0841, 0x0841, 0x0861, 0x0841, 0x0841,
  0x0841, 0x0861, 0x1081, 0x1081, 0x0841, 0x0840, 0x0861, 0x1061, 0x0861, 0x0861, 0x0861, 0x0841,
  0x0840, 0x0820, 0x0840, 0x0840, 0x0840, 0x0841, 0x1061, 0x0841, 0x0840, 0x0840, 0x0840, 0x0840,
  0x0840, 0x0841, 0x0840, 0x0841, 0x0840, 0x0841, 0x0840, 0x0840, 0x0840, 0x0820, 0x0820, 0x0820,
  0x0840, 0x0841, 0x0820, 0x0820, 0x0820, 0x0840, 0x0840, 0x0820, 0x0840, 0x0840, 0x0820, 0x0840,
  0x0840, 0x0840, 0x0820, 0x0841, 0x0841, 0x0820, 0x0840, 0x0841, 0x0841, 0x0841, 0x0840, 0x0820,
  0x0840, 0x0841, 0x0841, 0x0840, 0x0840, 0x0820, 0x0841, 0x0820, 0x0820, 0x0820, 0x0840, 0x0820,
  0x0820, 0x0820, 0x0820, 0x0820, 0x0820, 0x0820, 0x0820, 0x0820, 0x0820, 0x0841, 0x0841, 0x0841,
  0x0861, 0x0840, 0x0820, 0x0820, 0x0820, 0x0820, 0x0820, 0x0820, 0x0841, 0x0840, 0x0840, 0x0840,
  0x0820, 0x0820, 0x0820, 0x0840, 0x0820, 0x0820, 0x0820, 0x0820, 0x0841, 0x0820, 0x0820, 0x0020,
  0x0840, 0x0841, 0x0820, 0x0820, 0x0820, 0x0820, 0x0820, 0x0820, 0x0820, 0x0820, 0x0820, 0x0000,
  0x0820, 0x0820, 0x0820, 0x0841, 0x0841, 0x0861, 0x1082, 0x10A2, 0x0881, 0x1081, 0x0861, 0x10A2,
  0x10A2, 0x10A2, 0x10C2, 0x18C3, 0x18E3, 0x18E3, 0x18E2, 0x2123, 0x2123, 0x1903, 0x2124, 0x2103,
  0x2103, 0x2103, 0x2103, 0x2124, 0x2144, 0x2964, 0x31A5, 0x39C6, 0x39C6, 0x2964, 0x2984, 0x3185,
  0x3185, 0x39A5, 0x3185, 0x3185, 0x31A5, 0x39A6, 0x39A5, 0x39A5, 0x39C6, 0x41E6, 0x41E7, 0x4207,
  0x4207, 0x4207, 0x4A28, 0x4A28, 0x4A28, 0x5289, 0x52AA, 0x52AA, 0x52AA, 0x5269, 0x4A68, 0x5269,
  0x5269, 0x5248, 0x5269, 0x5269, 0x4A48, 0x4A48, 0x18E3, 0x0000, 0x0000, 0x0000, 0x0000, 0x0000,
  0x0000, 0x0000, 0x0000, 0x0000, 0x0000, 0x0000, 0x0000, 0x0000, 0x0000, 0x0000, 0x0000, 0x0000,
  0x0000, 0x0000, 0x0000, 0x0000, 0x0000, 0x0000, 0x1082, 0x0841, 0x0000, 0x0000, 0x0000, 0x0000,
  0x0000, 0x0000, 0x0000, 0x0000, 0x0000, 0x0000, 0x0000, 0x0000, 0x0020, 0x0841, 0x0000, 0x0000,
  0x0000, 0x0000, 0x0000, 0x0020, 0x0000, 0x0000, 0x0000, 0x0000, 0x0000, 0x0000, 0x0020, 0x0020,
  0x0000, 0x0000, 0x0000, 0x0000, 0x0000, 0x0000, 0x0000, 0x0000, 0x0000, 0x0000, 0x0841, 0x0020,
  0x0000, 0x0000, 0x0000, 0x0000, 0x0000, 0x0000, 0x0000, 0x0000, 0x0000, 0x0000, 0x0000, 0x0000,
  0x0000, 0x0000, 0x0000, 0x0000, 0x0000, 0x0000, 0x0000, 0x0841, 0x0020, 0x0000, 0x0000, 0x0000,
  0x0000, 0x0000, 0x0000, 0x0000, 0x0000, 0x0000, 0x0000, 0x0000, 0x0000, 0x0000, 0x0000, 0x0000,
  0x0000, 0x0000, 0x0820, 0x0841, 0x0840, 0x0820, 0x0840, 0x0840, 0x0840, 0x0841, 0x0841, 0x0841,
  0x0840, 0x0840, 0x0840, 0x0820, 0x0820, 0x0841, 0x1061, 0x1061, 0x0861, 0x0840, 0x0840, 0x0840,
  0x0841, 0x0840, 0x0840, 0x0840, 0x0841, 0x0861, 0x0841, 0x0841, 0x0841, 0x0861, 0x1081, 0x1081,
  0x0861, 0x0840, 0x0861, 0x1061, 0x0861, 0x0841, 0x0841, 0x0840, 0x0841, 0x0841, 0x0840, 0x0840,
  0x0840, 0x0840, 0x1061, 0x0841, 0x0840, 0x0840, 0x0840, 0x0840, 0x0840, 0x0840, 0x0840, 0x0840,
  0x0841, 0x0841, 0x0840, 0x0840, 0x0820, 0x0840, 0x0841, 0x0840, 0x0841, 0x0840, 0x0840, 0x0841,
  0x0820, 0x0840, 0x0841, 0x0840, 0x0840, 0x0840, 0x0840, 0x0840, 0x0840, 0x0841, 0x0820, 0x0841,
  0x0840, 0x0840, 0x0820, 0x0841, 0x0840, 0x0820, 0x0840, 0x0820, 0x0820, 0x0841, 0x0841, 0x0820,
  0x0820, 0x0820, 0x0820, 0x0820, 0x0820, 0x0820, 0x0840, 0x0840, 0x0861, 0x0820, 0x0820, 0x0020,
  0x0861, 0x0861, 0x0000, 0x0820, 0x0861, 0x0820, 0x0820, 0x0820, 0x1081, 0x0820, 0x0820, 0x0820,
  0x0820, 0x0820, 0x0820, 0x0020, 0x0820, 0x0861, 0x0820, 0x0820, 0x0820, 0x0820, 0x0020, 0x0820,
  0x0020, 0x0820, 0x0820, 0x0820, 0x0020, 0x0020, 0x0820, 0x0820, 0x0020, 0x0820, 0x0820, 0x0820,
  0x0820, 0x0820, 0x0820, 0x0820, 0x0820, 0x0820, 0x0820, 0x0820, 0x0841, 0x0820, 0x0820, 0x0840,
  0x0841, 0x0841, 0x0861, 0x10A2, 0x1081, 0x1082, 0x0881, 0x10A2, 0x10A2, 0x10C2, 0x10C2, 0x18C2,
  0x18E3, 0x18E3, 0x18E3, 0x18E3, 0x2103, 0x1903, 0x2123, 0x2103, 0x2103, 0x2103, 0x2124, 0x2144,
  0x2144, 0x2964, 0x31A5, 0x39C6, 0x39C6, 0x2964, 0x2964, 0x3185, 0x31A5, 0x39C5, 0x3185, 0x31A5,
  0x39A6, 0x39A5, 0x31A5, 0x39A5, 0x39E6, 0x41E7, 0x4207, 0x4207, 0x4A28, 0x4207, 0x4207, 0x4207,
  0x4A28, 0x528A, 0x52AA, 0x52AA, 0x52AA, 0x4A69, 0x4A48, 0x5268, 0x5269, 0x5248, 0x5269, 0x5269,
  0x4A48, 0x4A48, 0x18C2, 0x0000, 0x0000, 0x0000, 0x0000, 0x0000, 0x0000, 0x0000, 0x0000, 0x0000,
  0x0000, 0x0000, 0x0000, 0x0000, 0x0000, 0x0000, 0x0000, 0x0000, 0x0000, 0x0000, 0x0000, 0x0000,
  0x0000, 0x0000, 0x0000, 0x0000, 0x0000, 0x0000, 0x0000, 0x0020, 0x0020, 0x0000, 0x0000, 0x0000,
  0x0000, 0x0000, 0x0000, 0x0000, 0x0000, 0x0000, 0x0000, 0x0000, 0x0000, 0x0000, 0x0000, 0x0000,
  0x0000, 0x0000, 0x0000, 0x0000, 0x0000, 0x0000, 0x0020, 0x0000, 0x0000, 0x0000, 0x0000, 0x0000,
  0x0000, 0x0000, 0x0000, 0x0000, 0x0000, 0x0000, 0x0000, 0x0000, 0x0000, 0x0000, 0x0000, 0x0000,
  0x0000, 0x0000, 0x0000, 0x0000, 0x0000, 0x0000, 0x0000, 0x0000, 0x0000, 0x0000, 0x0000, 0x0000,
  0x0000, 0x0000, 0x0000, 0x0000, 0x0000, 0x0000, 0x0000, 0x0000, 0x0000, 0x0000, 0x0000, 0x0000,
  0x0000, 0x0000, 0x0000, 0x0000, 0x0000, 0x0000, 0x0000, 0x0000, 0x0000, 0x0000, 0x0020, 0x0841,
  0x0840, 0x0840, 0x0840, 0x0841, 0x0841, 0x0841, 0x0841, 0x0840, 0x0840, 0x0840, 0x0840, 0x0820,
  0x0820, 0x0841, 0x1061, 0x1061, 0x1061, 0x0840, 0x0840, 0x0840, 0x0841, 0x0840, 0x0840, 0x0841,
  0x0841, 0x0861, 0x0841, 0x0841, 0x0841, 0x0840, 0x1061, 0x1081, 0x0861, 0x0840, 0x0861, 0x0861,
  0x0861, 0x0861, 0x0861, 0x0861, 0x0840, 0x0840, 0x0840, 0x0840, 0x0820, 0x0840, 0x1061, 0x0861,
  0x0840, 0x0840, 0x0840, 0x0840, 0x0840, 0x0840, 0x0840, 0x0861, 0x0861, 0x0840, 0x0841, 0x0841,
  0x0861, 0x0820, 0x0840, 0x0840, 0x0840, 0x0840, 0x0840, 0x0840, 0x0820, 0x0840, 0x1061, 0x0840,
  0x0840, 0x0840, 0x0841, 0x0841, 0x0840, 0x0841, 0x0840, 0x0840, 0x0840, 0x0840, 0x0820, 0x0841,
  0x0840, 0x0840, 0x0841, 0x0820, 0x0820, 0x0841, 0x0841, 0x0820, 0x0820, 0x0840, 0x1061, 0x0840,
  0x0840, 0x0820, 0x0820, 0x0820, 0x0840, 0x0820, 0x0820, 0x0820, 0x0820, 0x0820, 0x0820, 0x0820,
  0x0841, 0x0820, 0x0820, 0x0820, 0x0820, 0x0820, 0x0840, 0x1061, 0x0820, 0x0841, 0x0820, 0x0861,
  0x0841, 0x0840, 0x0841, 0x0820, 0x0820, 0x0820, 0x0840, 0x0820, 0x0820, 0x0840, 0x0820, 0x0820,
  0x0820, 0x0820, 0x0820, 0x0820, 0x0020, 0x0841, 0x0841, 0x0820, 0x0820, 0x0820, 0x0820, 0x0820,
  0x0820, 0x0820, 0x0820, 0x0841, 0x0000, 0x0820, 0x0820, 0x0841, 0x0861, 0x0841, 0x0861, 0x1081,
  0x1082, 0x1082, 0x1081, 0x1082, 0x10A2, 0x10A2, 0x10C2, 0x18C2, 0x18C2, 0x10C2, 0x18C2, 0x18E3,
  0x2103, 0x1903, 0x2124, 0x1903, 0x2103, 0x2103, 0x2123, 0x2144, 0x2144, 0x2964, 0x31A5, 0x39C6,
  0x39C5, 0x2964, 0x2964, 0x3184, 0x39A5, 0x39C5, 0x3185, 0x3185, 0x31A5, 0x31A5, 0x39A5, 0x39A5,
  0x39C6, 0x41E7, 0x4207, 0x41E7, 0x4207, 0x41E7, 0x4207, 0x4207, 0x4A28, 0x52AA, 0x52AA, 0x52AA,
  0x52AA, 0x4A68, 0x4A48, 0x5269, 0x5269, 0x5268, 0x5269, 0x5269, 0x4A48, 0x4A28, 0x1082, 0x0000,
  0x0861, 0x0020, 0x0000, 0x0000, 0x0000, 0x0000, 0x0000, 0x0000, 0x0000, 0x0000, 0x0020, 0x0000,
  0x0000, 0x0000, 0x0841, 0x0000, 0x0000, 0x0000, 0x0000, 0x0000, 0x0861, 0x0841, 0x0000, 0x0000,
  0x0000, 0x0000, 0x0000, 0x0841, 0x0841, 0x0000, 0x0000, 0x0000, 0x0000, 0x0000, 0x0000, 0x0000,
  0x0000, 0x0020, 0x0841, 0x0000, 0x0000, 0x0000, 0x0000, 0x0000, 0x0000, 0x0000, 0x0000, 0x0000,
  0x0000, 0x0000, 0x0000, 0x0000, 0x0000, 0x0000, 0x0000, 0x0000, 0x0000, 0x0000, 0x0000, 0x0000,
  0x0000, 0x0000, 0x0000, 0x0000, 0x0000, 0x0000, 0x0000, 0x0000, 0x0000, 0x0000, 0x0000, 0x0000,
  0x0000, 0x0000, 0x0000, 0x0000, 0x0000, 0x0000, 0x0000, 0x0000, 0x0000, 0x0000, 0x0000, 0x0000,
  0x0000, 0x0000, 0x0000, 0x0000, 0x0000, 0x0000, 0x0000, 0x0000, 0x0000, 0x0000, 0x0000, 0x0000,
  0x0000, 0x0000, 0x0000, 0x0000, 0x0000, 0x0000, 0x0000, 0x0841, 0x0840, 0x0820, 0x0840, 0x0841,
  0x0841, 0x0841, 0x0841, 0x0840, 0x0840, 0x0840, 0x0840, 0x0820, 0x0820, 0x0840, 0x1061, 0x0861,
  0x0861, 0x0840, 0x0840, 0x0840, 0x0840, 0x0840, 0x0840, 0x0841, 0x0841, 0x0861, 0x0841, 0x0841,
  0x0841, 0x0840, 0x1061, 0x1081, 0x1061, 0x0840, 0x0861, 0x0861, 0x0861, 0x0861, 0x0861, 0x0861,
  0x0840, 0x0840, 0x0840, 0x0840, 0x0820, 0x0840, 0x1061, 0x0861, 0x0840, 0x0840, 0x0840, 0x0840,
  0x0820, 0x0840, 0x0820, 0x0861, 0x0841, 0x0840, 0x0840, 0x0840, 0x0841, 0x0840, 0x0840, 0x0840,
  0x0841, 0x0841, 0x0820, 0x0841, 0x0820, 0x0841, 0x0841, 0x0840, 0x0840, 0x0840, 0x0840, 0x0840,
  0x0841, 0x0841, 0x0840, 0x0841, 0x0841, 0x0841, 0x0840, 0x0840, 0x0840, 0x0820, 0x0840, 0x0840,
  0x0820, 0x0841, 0x0841, 0x0840, 0x0820, 0x0820, 0x0840, 0x0840, 0x0840, 0x0820, 0x0820, 0x0820,
  0x0820, 0x0820, 0x0820, 0x0820, 0x0820, 0x0820, 0x0820, 0x0820, 0x0820, 0x0820, 0x0020, 0x0820,
  0x0820, 0x0820, 0x0820, 0x0820, 0x0820, 0x0840, 0x0841, 0x0841, 0x0820, 0x0820, 0x0820, 0x0820,
  0x0820, 0x0840, 0x0820, 0x0820, 0x0841, 0x0841, 0x0820, 0x0820, 0x0840, 0x0820, 0x0820, 0x0820,
  0x0020, 0x0820, 0x0841, 0x0820, 0x0820, 0x0820, 0x0820, 0x0841, 0x0820, 0x0840, 0x0820, 0x0820,
  0x0840, 0x1081, 0x0840, 0x0861, 0x0861, 0x0861, 0x1081, 0x1081, 0x0861, 0x0861, 0x0861, 0x1082,
  0x10A2, 0x10A2, 0x10C2, 0x18C3, 0x10C2, 0x10C2, 0x18E3, 0x18E3, 0x2103, 0x18E3, 0x2123, 0x1903,
  0x1903, 0x2103, 0x2124, 0x2124, 0x2944, 0x2964, 0x31A5, 0x39C6, 0x39A5, 0x2964, 0x2964, 0x3164,
  0x31A5, 0x31A5, 0x3185, 0x31A5, 0x31A5, 0x31A5, 0x39A5, 0x3185, 0x39A6, 0x39C6, 0x41E6, 0x41E6,
  0x41E6, 0x4207, 0x4A28, 0x4207, 0x4A48, 0x52AA, 0x52AA, 0x52AA, 0x528A, 0x4A48, 0x4A48, 0x4A48,
  0x4A48, 0x5269, 0x5269, 0x5269, 0x4A48, 0x4227, 0x0841, 0x0000, 0x0020, 0x0000, 0x0000, 0x0000,
  0x0000, 0x0020, 0x0020, 0x0000, 0x0000, 0x0000, 0x0020, 0x0000, 0x0000, 0x0000, 0x0020, 0x0000,
  0x0000, 0x0000, 0x0000, 0x0000, 0x10A2, 0x1082, 0x0000, 0x0000, 0x0000, 0x0000, 0x0000, 0x0000,
  0x0000, 0x0000, 0x0000, 0x0000, 0x0000, 0x0000, 0x0000, 0x0000, 0x0000, 0x0020, 0x10A2, 0x0000,
  0x0000, 0x0000, 0x0000, 0x0000, 0x0000, 0x0000, 0x0000, 0x0000, 0x0000, 0x0000, 0x0000, 0x0000,
  0x0000, 0x0000, 0x0000, 0x0000, 0x0000, 0x0000, 0x0000, 0x0000, 0x0000, 0x0000, 0x0000, 0x0000,
  0x0000, 0x0000, 0x0000, 0x0000, 0x0000, 0x0000, 0x0000, 0x0000, 0x0000, 0x0000, 0x0000, 0x0000,
  0x0000, 0x0000, 0x0000, 0x0000, 0x0000, 0x10A2, 0x0020, 0x0000, 0x0000, 0x0000, 0x0000, 0x0000,
  0x0000, 0x0000, 0x0000, 0x0000, 0x0000, 0x0000, 0x0000, 0x0000, 0x0000, 0x0000, 0x0000, 0x0000,
  0x0000, 0x0000, 0x0000, 0x0841, 0x0841, 0x0020, 0x0820, 0x0841, 0x0840, 0x0841, 0x0841, 0x0840,
  0x0840, 0x0840, 0x0841, 0x0840, 0x0820, 0x0840, 0x1061, 0x0861, 0x0861, 0x0840, 0x0840, 0x0840,
  0x0840, 0x0840, 0x0840, 0x0841, 0x0841, 0x0841, 0x0841, 0x0840, 0x0841, 0x0840, 0x0861, 0x1081,
  0x1061, 0x0840, 0x0861, 0x0861, 0x1061, 0x0841, 0x0861, 0x0861, 0x0841, 0x0840, 0x0840, 0x0840,
  0x0840, 0x0840, 0x0861, 0x0861, 0x0840, 0x0840, 0x0840, 0x0840, 0x0840, 0x0820, 0x0840, 0x0841,
  0x0840, 0x0840, 0x0840, 0x0840, 0x0820, 0x0840, 0x0840, 0x0840, 0x0841, 0x0840, 0x0840, 0x0840,
  0x0840, 0x0840, 0x0861, 0x0840, 0x0840, 0x0840, 0x0840, 0x0841, 0x0841, 0x0840, 0x0840, 0x0841,
  0x0841, 0x0840, 0x0840, 0x0840, 0x0841, 0x0840, 0x0820, 0x0840, 0x0820, 0x0841, 0x0841, 0x0820,
  0x0820, 0x0820, 0x0841, 0x0820, 0x0820, 0x0820, 0x0820, 0x0820, 0x0820, 0x0820, 0x0820, 0x0820,
  0x0820, 0x0820, 0x0820, 0x0820, 0x0820, 0x0820, 0x0820, 0x0820, 0x0820, 0x0841, 0x0820, 0x0820,
  0x0840, 0x0841, 0x0820, 0x0820, 0x0841, 0x0820, 0x0820, 0x0820, 0x0820, 0x0820, 0x0820, 0x0820,
  0x0020, 0x0820, 0x0820, 0x0820, 0x0820, 0x0000, 0x0820, 0x0841, 0x0820, 0x0820, 0x0820, 0x0840,
  0x0820, 0x0820, 0x0820, 0x0820, 0x0820, 0x0841, 0x0840, 0x0820, 0x0861, 0x1081, 0x0840, 0x0840,
  0x0841, 0x1081, 0x0861, 0x1081, 0x0861, 0x0861, 0x1081, 0x1082, 0x10A2, 0x10A2, 0x10A2, 0x18C3,
  0x10A2, 0x10C2, 0x18E3, 0x18C3, 0x18E3, 0x18E3, 0x2123, 0x2103, 0x1903, 0x2124, 0x2124, 0x2124,
  0x2944, 0x2964, 0x31A5, 0x39C6, 0x31A5, 0x2964, 0x2964, 0x3184, 0x39A5, 0x39C5, 0x3185, 0x31A5,
  0x39A5, 0x31A5, 0x31A5, 0x31A5, 0x39C6, 0x41E6, 0x41E6, 0x41E6, 0x41E7, 0x41E7, 0x4A28, 0x4A28,
  0x4A69, 0x52AA, 0x52AA, 0x52AA, 0x528A, 0x5248, 0x4A48, 0x4A48, 0x5248, 0x5269, 0x5269, 0x4A69,
  0x4A48, 0x41E7, 0x0020, 0x0000, 0x0000, 0x0000, 0x0000, 0x0000, 0x0000, 0x0000, 0x0000, 0x0000,
  0x0000, 0x0000, 0x0000, 0x0000, 0x0000, 0x0000, 0x0000, 0x0000, 0x0000, 0x0000, 0x0000, 0x0000,
  0x0000, 0x0000, 0x0000, 0x0000, 0x0000, 0x0000, 0x0000, 0x0000, 0x0000, 0x0000, 0x0000, 0x0000,
  0x0000, 0x0000, 0x0000, 0x0000, 0x0000, 0x0000, 0x0000, 0x0000, 0x0000, 0x0000, 0x0000, 0x0000,
  0x0000, 0x0000, 0x0000, 0x0000, 0x0000, 0x0000, 0x0000, 0x0000, 0x0000, 0x0000, 0x0000, 0x2104,
  0x1082, 0x0000, 0x18C3, 0x18E3, 0x0000, 0x0000, 0x0841, 0x0841, 0x0000, 0x0000, 0x0000, 0x0000,
  0x0000, 0x0000, 0x0000, 0x0000, 0x0000, 0x0000, 0x0000, 0x0000, 0x0000, 0x0000, 0x0000, 0x0000,
  0x0000, 0x0020, 0x0000, 0x0020, 0x0020, 0x0000, 0x0000, 0x0841, 0x0020, 0x0000, 0x0000, 0x0000,
  0x0000, 0x0000, 0x0000, 0x0000, 0x0000, 0x0000, 0x0000, 0x0000, 0x0000, 0x0000, 0x0000, 0x0820,
  0x0841, 0x0020, 0x0820, 0x0841, 0x0841, 0x0841, 0x0841, 0x0840, 0x0840, 0x0840, 0x0841, 0x0840,
  0x0820, 0x0820, 0x0861, 0x0861, 0x1061, 0x0840, 0x0840, 0x0840, 0x0840, 0x0841, 0x0840, 0x0840,
  0x0841, 0x0841, 0x0841, 0x0840, 0x0841, 0x0840, 0x0861, 0x1081, 0x1061, 0x0840, 0x0841, 0x1061,
  0x0861, 0x0861, 0x0861, 0x0861, 0x0840, 0x0820, 0x0820, 0x0840, 0x0840, 0x0840, 0x0861, 0x1061,
  0x0840, 0x0020, 0x0820, 0x0841, 0x0841, 0x0841, 0x0841, 0x0841, 0x0840, 0x0841, 0x0840, 0x0841,
  0x0841, 0x0840, 0x0840, 0x0840, 0x0840, 0x0841, 0x0840, 0x0840, 0x0840, 0x0840, 0x0840, 0x0840,
  0x0841, 0x0840, 0x0840, 0x0841, 0x0840, 0x0841, 0x0820, 0x0840, 0x0840, 0x0840, 0x0840, 0x0841,
  0x0841, 0x0820, 0x0840, 0x0840, 0x0820, 0x0841, 0x0841, 0x0820, 0x0820, 0x0820, 0x0840, 0x0820,
  0x0840, 0x0820, 0x0820, 0x0840, 0x0820, 0x0820, 0x0820, 0x0820, 0x0840, 0x0841, 0x0820, 0x0820,
  0x0841, 0x0841, 0x0820, 0x0820, 0x0820, 0x0820, 0x0820, 0x0820, 0x0820, 0x0840, 0x0820, 0x0840,
  0x0820, 0x0841, 0x0820, 0x0820, 0x0820, 0x0820, 0x0820, 0x0820, 0x0820, 0x0820, 0x0820, 0x0820,
  0x0820, 0x0820, 0x0020, 0x0020, 0x0820, 0x0820, 0x0840, 0x0841, 0x0820, 0x0820, 0x0820, 0x0820,
  0x0820, 0x0820, 0x0000, 0x0820, 0x0820, 0x0820, 0x0820, 0x0840, 0x0841, 0x0841, 0x0861, 0x1081,
  0x0861, 0x1081, 0x0861, 0x1081, 0x10A2, 0x10A2, 0x10A2, 0x18C2, 0x10A2, 0x10A2, 0x18C3, 0x18C2,
  0x1903, 0x18E3, 0x2123, 0x1903, 0x1903, 0x2123, 0x2124, 0x2144, 0x2144, 0x2965, 0x31A5, 0x39C6,
  0x31A5, 0x2964, 0x2964, 0x2964, 0x39C5, 0x31A5, 0x3185, 0x31A5, 0x31A5, 0x3185, 0x3185, 0x31A5,
  0x39C6, 0x39E6, 0x39C6, 0x39C6, 0x41E6, 0x41E6, 0x4A27, 0x4207, 0x4A48, 0x52AA, 0x5289, 0x52AA,
  0x5289, 0x5248, 0x4A48, 0x5248, 0x4A48, 0x5269, 0x5269, 0x4A48, 0x4A28, 0x39A6, 0x0000, 0x0000,
  0x0000, 0x0000, 0x0000, 0x0000, 0x0000, 0x0000, 0x0000, 0x0000, 0x0000, 0x0000, 0x0000, 0x0000,
  0x0000, 0x0000, 0x0000, 0x0000, 0x0000, 0x0000, 0x0000, 0x0000, 0x0000, 0x0000, 0x0000, 0x0000,
  0x0000, 0x0000, 0x0000, 0x0000, 0x0000, 0x0000, 0x0000, 0x0000, 0x0000, 0x0000, 0x0000, 0x0000,
  0x0000, 0x0000, 0x0000, 0x0000, 0x0000, 0x0020, 0x0841, 0x0000, 0x0000, 0x0000, 0x0000, 0x0000,
  0x0000, 0x0000, 0x0000, 0x0000, 0x0000, 0x0000, 0x0000, 0x0821, 0x0020, 0x0000, 0x0020, 0x0020,
  0x0000, 0x0000, 0x0841, 0x0841, 0x0000, 0x0000, 0x0000, 0x0000, 0x0000, 0x0000, 0x0000, 0x0000,
  0x0000, 0x0000, 0x0020, 0x0861, 0x0000, 0x0000, 0x0000, 0x0000, 0x0000, 0x0000, 0x0000, 0x0000,
  0x0020, 0x0000, 0x0000, 0x0000, 0x0000, 0x0000, 0x0000, 0x0000, 0x0000, 0x0000, 0x0000, 0x0000,
  0x0000, 0x0000, 0x0000, 0x0000, 0x0000, 0x0000, 0x0000, 0x0020, 0x0841, 0x0840, 0x0820, 0x0840,
  0x0841, 0x0841, 0x0841, 0x0840, 0x0840, 0x0840, 0x0840, 0x0840, 0x0840, 0x0820, 0x0861, 0x1061,
  0x1061, 0x0841, 0x0820, 0x0840, 0x0840, 0x0841, 0x0840, 0x0840, 0x0841, 0x0841, 0x0841, 0x0840,
  0x0841, 0x0840, 0x0861, 0x1081, 0x1061, 0x0840, 0x0841, 0x0861, 0x0861, 0x1061, 0x0861, 0x0861,
  0x0840, 0x0840, 0x0840, 0x0840, 0x0840, 0x0840, 0x1061, 0x1061, 0x0840, 0x0840, 0x0841, 0x0840,
  0x0841, 0x0841, 0x0841, 0x0841, 0x0841, 0x0840, 0x0841, 0x0840, 0x0840, 0x0840, 0x0820, 0x0840,
  0x0840, 0x0840, 0x0840, 0x0841, 0x0840, 0x0840, 0x0840, 0x0841, 0x0841, 0x0841, 0x0840, 0x0840,
  0x0840, 0x0841, 0x0840, 0x0840, 0x0840, 0x0840, 0x0820, 0x0841, 0x0840, 0x0820, 0x0840, 0x0840,
  0x0820, 0x0841, 0x0841, 0x0840, 0x0820, 0x0820, 0x0841, 0x0840, 0x0820, 0x0820, 0x0840, 0x0840,
  0x0820, 0x0820, 0x0820, 0x0820, 0x0820, 0x0820, 0x0820, 0x0820, 0x0841, 0x0841, 0x0820, 0x0820,
  0x0820, 0x0820, 0x0820, 0x0820, 0x0820, 0x0820, 0x0820, 0x0820, 0x0820, 0x0820, 0x0820, 0x0820,
  0x0820, 0x0820, 0x0820, 0x0820, 0x0840, 0x0820, 0x0820, 0x0820, 0x0820, 0x0820, 0x0820, 0x0820,
  0x0820, 0x1061, 0x0841, 0x0820, 0x0820, 0x0820, 0x0820, 0x0820, 0x0820, 0x0840, 0x0000, 0x0020,
  0x0820, 0x0820, 0x0820, 0x0841, 0x0840, 0x0841, 0x0861, 0x1081, 0x0861, 0x1061, 0x1061, 0x1082,
  0x1082, 0x10A2, 0x10A2, 0x18C3, 0x10A2, 0x10A2, 0x10C2, 0x18E3, 0x1903, 0x18E3, 0x2123, 0x1903,
  0x2103, 0x2123, 0x2124, 0x2144, 0x2144, 0x2985, 0x31A5, 0x39C6, 0x3185, 0x2964, 0x2964, 0x2964,
  0x39A5, 0x3185, 0x3184, 0x3185, 0x3185, 0x3185, 0x3185, 0x31A5, 0x39C6, 0x39C6, 0x39C6, 0x41E6,
  0x41E7, 0x41E7, 0x4207, 0x41E7, 0x4A48, 0x52AA, 0x52AA, 0x52AA, 0x5269, 0x4A48, 0x4A48, 0x4A48,
  0x4A48, 0x5269, 0x5269, 0x4A48, 0x4A28, 0x2965, 0x0000, 0x0841, 0x0000, 0x0000, 0x0000, 0x0000,
  0x0000, 0x0000, 0x0020, 0x0861, 0x0000, 0x0000, 0x0000, 0x0000, 0x0000, 0x0000, 0x0020, 0x0020,
  0x0000, 0x0000, 0x0000, 0x0000, 0x0000, 0x0000, 0x0000, 0x0000, 0x0000, 0x0000, 0x0000, 0x0000,
  0x0000, 0x0000, 0x0000, 0x0000, 0x0000, 0x0000, 0x0000, 0x0000, 0x0000, 0x0000, 0x0000, 0x0000,
  0x0000, 0x0000, 0x0020, 0x0000, 0x0000, 0x0000, 0x0000, 0x0000, 0x0000, 0x0000, 0x0000, 0x0000,
  0x0000, 0x0020, 0x0861, 0x0000, 0x0000, 0x0000, 0x0000, 0x0000, 0x0020, 0x0000, 0x0000, 0x0000,
  0x0000, 0x0000, 0x0000, 0x0020, 0x0000, 0x0000, 0x0000, 0x0000, 0x0000, 0x0000, 0x0020, 0x0020,
  0x0000, 0x0000, 0x0000, 0x0000, 0x0000, 0x0000, 0x0000, 0x0000, 0x0000, 0x0000, 0x0000, 0x0000,
  0x0000, 0x0000, 0x0000, 0x0000, 0x0000, 0x0000, 0x0000, 0x0000, 0x0000, 0x0000, 0x0000, 0x0000,
  0x0000, 0x0000, 0x0820, 0x0020, 0x0840, 0x0840, 0x0820, 0x0840, 0x0840, 0x0841, 0x0841, 0x0840,
  0x0841, 0x0841, 0x0841, 0x0840, 0x0820, 0x0820, 0x0841, 0x1061, 0x0861, 0x0841, 0x0820, 0x0820,
  0x0840, 0x0841, 0x0840, 0x0840, 0x0840, 0x0841, 0x0840, 0x0840, 0x0841, 0x0840, 0x0841, 0x1081,
  0x1081, 0x0840, 0x0841, 0x0861, 0x1061, 0x1061, 0x0861, 0x1061, 0x0840, 0x0840, 0x0840, 0x0840,
  0x0840, 0x0840, 0x1061, 0x1061, 0x0841, 0x0841, 0x0841, 0x0840, 0x0841, 0x0841, 0x0861, 0x0841,
  0x0841, 0x0840, 0x0841, 0x0841, 0x0840, 0x0820, 0x0840, 0x0840, 0x0840, 0x0840, 0x0840, 0x0840,
  0x0840, 0x0840, 0x0841, 0x0841, 0x0841, 0x0840, 0x0840, 0x0841, 0x0840, 0x0840, 0x0841, 0x0841,
  0x0840, 0x0841, 0x0840, 0x0841, 0x0840, 0x0840, 0x0841, 0x0840, 0x0820, 0x0841, 0x0841, 0x0820,
  0x0820, 0x0840, 0x0840, 0x0840, 0x0840, 0x0820, 0x0840, 0x0840, 0x0820, 0x0820, 0x0820, 0x0820,
  0x0820, 0x0820, 0x0840, 0x0840, 0x0840, 0x0820, 0x0820, 0x0820, 0x0840, 0x0820, 0x0820, 0x0820,
  0x0840, 0x0841, 0x0820, 0x0820, 0x0820, 0x0820, 0x0820, 0x0820, 0x0820, 0x0820, 0x0820, 0x0840,
  0x0020, 0x0820, 0x0820, 0x0820, 0x0820, 0x0820, 0x0820, 0x0820, 0x0861, 0x0820, 0x0840, 0x0840,
  0x0820, 0x0820, 0x0820, 0x0820, 0x0840, 0x0841, 0x0820, 0x0020, 0x0820, 0x0820, 0x0820, 0x0840,
  0x0820, 0x0841, 0x0861, 0x0861, 0x0861, 0x0861, 0x0861, 0x1082, 0x10A2, 0x10A2, 0x10C2, 0x18C3,
  0x10A2, 0x10C2, 0x18C3, 0x18E3, 0x18E3, 0x18E3, 0x2123, 0x1903, 0x2103, 0x2123, 0x2124, 0x2144,
  0x2144, 0x3185, 0x31A5, 0x39C6, 0x2984, 0x2944, 0x2964, 0x2964, 0x39A5, 0x3185, 0x3184, 0x3185,
  0x3185, 0x3185, 0x3185, 0x39A5, 0x39C6, 0x39C6, 0x39C6, 0x39C6, 0x41E6, 0x41E7, 0x4207, 0x41E7,
  0x5268, 0x52AA, 0x52AA, 0x52AA, 0x5269, 0x4A48, 0x5248, 0x4A48, 0x5248, 0x5269, 0x5269, 0x4A28,
  0x4A28, 0x2103, 0x0000, 0x1082, 0x0000, 0x0000, 0x10A2, 0x0841, 0x0000, 0x0000, 0x0000, 0x0841,
  0x0000, 0x0000, 0x0000, 0x0000, 0x0000, 0x0000, 0x0020, 0x0020, 0x0000, 0x0000, 0x0000, 0x0000,
  0x0000, 0x0000, 0x0000, 0x0000, 0x0000, 0x0000, 0x0000, 0x0000, 0x0000, 0x0000, 0x0000, 0x0000,
  0x0000, 0x0000, 0x0000, 0x0000, 0x0000, 0x0000, 0x0000, 0x0000, 0x0000, 0x0000, 0x0000, 0x0000,
  0x0000, 0x0000, 0x0000, 0x0000, 0x0841, 0x0020, 0x0000, 0x0000, 0x0000, 0x0020, 0x0861, 0x0000,
  0x0000, 0x0000, 0x0000, 0x0000, 0x0841, 0x0000, 0x0000, 0x0000, 0x0000, 0x0000, 0x0000, 0x0841,
  0x0000, 0x0000, 0x0000, 0x0000, 0x0000, 0x0000, 0x0000, 0x0000, 0x0000, 0x0000, 0x0000, 0x0000,
  0x0000, 0x0000, 0x0000, 0x0000, 0x0000, 0x0000, 0x0000, 0x0000, 0x0000, 0x0000, 0x0000, 0x0000,
  0x0000, 0x0000, 0x0000, 0x0000, 0x0000, 0x0000, 0x0000, 0x0000, 0x0000, 0x0020, 0x2124, 0x0820,
  0x0840, 0x0840, 0x0020, 0x0840, 0x0841, 0x0841, 0x0841, 0x0841, 0x0841, 0x0841, 0x0841, 0x0841,
  0x0840, 0x0840, 0x0840, 0x1061, 0x0861, 0x0861, 0x0820, 0x0820, 0x0820, 0x0841, 0x0840, 0x0840,
  0x0841, 0x0840, 0x0841, 0x0840, 0x0861, 0x0841, 0x0841, 0x1081, 0x1081, 0x0861, 0x0840, 0x0861,
  0x0861, 0x1061, 0x0861, 0x1061, 0x0841, 0x0840, 0x0820, 0x0820, 0x0820, 0x0840, 0x1061, 0x1061,
  0x0841, 0x0840, 0x0861, 0x0840, 0x0841, 0x0841, 0x0861, 0x0840, 0x0841, 0x0840, 0x0840, 0x0840,
  0x0840, 0x0840, 0x0840, 0x0840, 0x0840, 0x0841, 0x0840, 0x0841, 0x0840, 0x0840, 0x0841, 0x0841,
  0x0841, 0x0840, 0x0840, 0x0841, 0x0841, 0x0841, 0x0840, 0x0841, 0x0840, 0x0840, 0x0840, 0x0841,
  0x0840, 0x0820, 0x0820, 0x0820, 0x0820, 0x0840, 0x0840, 0x0840, 0x0840, 0x0840, 0x0840, 0x0840,
  0x0840, 0x0820, 0x0820, 0x0840, 0x0820, 0x0820, 0x0820, 0x0820, 0x0820, 0x0840, 0x0840, 0x0820,
  0x0820, 0x0820, 0x0820, 0x0820, 0x0820, 0x0820, 0x0820, 0x0840, 0x0820, 0x0840, 0x0820, 0x0820,
  0x0820, 0x0820, 0x0820, 0x0820, 0x0820, 0x0820, 0x0820, 0x0820, 0x0020, 0x0820, 0x0820, 0x0820,
  0x0020, 0x0820, 0x0020, 0x0820, 0x0820, 0x0820, 0x0820, 0x0840, 0x0820, 0x0820, 0x0820, 0x0840,
  0x0841, 0x0820, 0x0020, 0x0820, 0x0841, 0x0820, 0x0820, 0x0841, 0x0840, 0x0861, 0x0861, 0x0861,
  0x0861, 0x0861, 0x0861, 0x1082, 0x1082, 0x10A2, 0x10C2, 0x10C2, 0x10A2, 0x10A2, 0x18C2, 0x18E3,
  0x1903, 0x1903, 0x2103, 0x1903, 0x2103, 0x2124, 0x2124, 0x2144, 0x2144, 0x3185, 0x39C5, 0x39C6,
  0x2964, 0x2944, 0x2964, 0x2964, 0x31A5, 0x3184, 0x3164, 0x3164, 0x2964, 0x3184, 0x3185, 0x3185,
  0x39C6, 0x39C6, 0x39C6, 0x39C6, 0x41E6, 0x41E6, 0x41E7, 0x41E7, 0x5269, 0x52AA, 0x52AA, 0x52AA,
  0x4A48, 0x4A48, 0x5248, 0x5248, 0x5268, 0x5268, 0x4A69, 0x4A28, 0x4A28, 0x18A2, 0x0000, 0x0000,
  0x0000, 0x0000, 0x0020, 0x0000, 0x0000, 0x0000, 0x0000, 0x0020, 0x0000, 0x0000, 0x0000, 0x0000,
  0x0000, 0x0000, 0x0000, 0x0000, 0x0000, 0x0000, 0x0000, 0x0000, 0x0000, 0x0000, 0x0000, 0x0000,
  0x0000, 0x0000, 0x0000, 0x0000, 0x0000, 0x0000, 0x0000, 0x0000, 0x0000, 0x0000, 0x0000, 0x0000,
  0x0000, 0x0000, 0x0000, 0x0000, 0x0000, 0x0000, 0x0000, 0x0000, 0x0000, 0x0000, 0x0000, 0x0000,
  0x0020, 0x0000, 0x0000, 0x0000, 0x0000, 0x0000, 0x0000, 0x0841, 0x1082, 0x0000, 0x0000, 0x0000,
  0x0000, 0x18C3, 0x0000, 0x0000, 0x0000, 0x0000, 0x0000, 0x0000, 0x0000, 0x0000, 0x0000, 0x0000,
  0x0000, 0x0000, 0x0000, 0x0000, 0x0000, 0x0000, 0x0000, 0x0000, 0x0000, 0x0000, 0x0000, 0x0000,
  0x0000, 0x0000, 0x0000, 0x0000, 0x0000, 0x0000, 0x0000, 0x0020, 0x0861, 0x0000, 0x0000, 0x0000,
  0x0000, 0x0000, 0x0000, 0x0000, 0x0000, 0x0000, 0x0020, 0x0000, 0x0020, 0x0841, 0x0020, 0x0840,
  0x0840, 0x0840, 0x0841, 0x0841, 0x0840, 0x0840, 0x0841, 0x0841, 0x0840, 0x0840, 0x0840, 0x1061,
  0x0861, 0x0861, 0x0840, 0x0840, 0x0820, 0x0840, 0x0840, 0x0840, 0x0840, 0x0840, 0x0840, 0x0840,
  0x0840, 0x0841, 0x0841, 0x1061, 0x1081, 0x0861, 0x0840, 0x0861, 0x1061, 0x1061, 0x1061, 0x1082,
  0x0841, 0x0820, 0x0820, 0x0840, 0x0840, 0x0840, 0x1061, 0x1061, 0x0861, 0x0840, 0x0861, 0x0840,
  0x0840, 0x0840, 0x0840, 0x0841, 0x0840, 0x0840, 0x0840, 0x0840, 0x0840, 0x0820, 0x0840, 0x0840,
  0x0841, 0x0841, 0x0840, 0x0841, 0x0840, 0x0841, 0x0841, 0x0841, 0x0841, 0x0840, 0x0841, 0x0840,
  0x0840, 0x0840, 0x0840, 0x0841, 0x0841, 0x0841, 0x0840, 0x0841, 0x0841, 0x0841, 0x0841, 0x0841,
  0x0841, 0x0841, 0x0841, 0x0840, 0x0820, 0x0820, 0x0840, 0x0840, 0x0840, 0x0820, 0x0840, 0x0840,
  0x0820, 0x0840, 0x0840, 0x0820, 0x0820, 0x0840, 0x0840, 0x0840, 0x0840, 0x0820, 0x0820, 0x0820,
  0x0820, 0x0820, 0x0820, 0x0841, 0x0840, 0x0820, 0x0820, 0x0820, 0x0820, 0x0820, 0x0820, 0x0020,
  0x0020, 0x0820, 0x0820, 0x0020, 0x0820, 0x0820, 0x0820, 0x0820, 0x0820, 0x0820, 0x0820, 0x0820,
  0x0820, 0x0820, 0x0820, 0x0820, 0x0820, 0x0820, 0x0840, 0x0820, 0x0020, 0x0841, 0x0820, 0x0000,
  0x0020, 0x0020, 0x0820, 0x0841, 0x0841, 0x0841, 0x0861, 0x0861, 0x0841, 0x0861, 0x0861, 0x1081,
  0x1082, 0x10A2, 0x10A2, 0x10A2, 0x10A2, 0x10A2, 0x10C2, 0x18E2, 0x18E3, 0x1903, 0x2103, 0x1903,
  0x2103, 0x2124, 0x2124, 0x2144, 0x2144, 0x3185, 0x31C5, 0x39C6, 0x2964, 0x2944, 0x2964, 0x2964,
  0x31A5, 0x2964, 0x3164, 0x3164, 0x3164, 0x3184, 0x3185, 0x39A5, 0x39C6, 0x39C6, 0x39C6, 0x41E6,
  0x39C6, 0x4207, 0x4207, 0x4207, 0x5289, 0x52AA, 0x52AA, 0x52A9, 0x4A48, 0x4A48, 0x4A48, 0x4A48,
  0x5268, 0x5248, 0x4A68, 0x4A28, 0x4207, 0x0861, 0x0000, 0x0000, 0x0000, 0x0000, 0x0000, 0x0000,
  0x0000, 0x0000, 0x0000, 0x0000, 0x0000, 0x0000, 0x0000, 0x0000, 0x0000, 0x0020, 0x0020, 0x0000,
  0x0000, 0x0000, 0x0000, 0x0000, 0x0000, 0x0000, 0x0000, 0x0000, 0x0000, 0x0000, 0x0000, 0x0000,
  0x0000, 0x0000, 0x0020, 0x0020, 0x0000, 0x0000, 0x0000, 0x0000, 0x0000, 0x0000, 0x0000, 0x0000,
  0x0000, 0x0000, 0x0000, 0x0000, 0x0000, 0x0000, 0x0000, 0x0000, 0x0000, 0x0000, 0x0000, 0x0000,
  0x0000, 0x0000, 0x0000, 0x0020, 0x0020, 0x0000, 0x0000, 0x0000, 0x0000, 0x0861, 0x0000, 0x0000,
  0x0000, 0x0000, 0x0000, 0x0000, 0x0000, 0x0000, 0x0000, 0x0000, 0x0000, 0x0000, 0x0000, 0x0000,
  0x0000, 0x0000, 0x0000, 0x0000, 0x0000, 0x0020, 0x1082, 0x0000, 0x0000, 0x0000, 0x0000, 0x0000,
  0x0000, 0x0000, 0x0000, 0x0020, 0x0841, 0x0000, 0x0000, 0x0000, 0x0000, 0x0000, 0x0000, 0x0000,
  0x0000, 0x0000, 0x0000, 0x0000, 0x0020, 0x0841, 0x0820, 0x0820, 0x0840, 0x0820, 0x0820, 0x0840,
  0x0840, 0x0840, 0x0840, 0x0840, 0x0840, 0x0840, 0x0840, 0x1061, 0x1061, 0x0861, 0x0840, 0x0840,
  0x0840, 0x0840, 0x0840, 0x0840, 0x0840, 0x0840, 0x0840, 0x0841, 0x0840, 0x0840, 0x0840, 0x1061,
  0x1081, 0x1061, 0x0840, 0x0861, 0x0861, 0x1061, 0x0861, 0x1061, 0x0841, 0x0840, 0x0840, 0x0841,
  0x0861, 0x0840, 0x0861, 0x1061, 0x0841, 0x0861, 0x0841, 0x0840, 0x0841, 0x0840, 0x0840, 0x0861,
  0x0840, 0x0841, 0x0840, 0x0840, 0x0861, 0x0861, 0x0840, 0x0840, 0x0840, 0x0841, 0x0840, 0x0840,
  0x0840, 0x0840, 0x0841, 0x0840, 0x0841, 0x0840, 0x0840, 0x0840, 0x0840, 0x0841, 0x0841, 0x0840,
  0x0841, 0x1061, 0x0841, 0x0841, 0x0841, 0x0841, 0x0841, 0x0841, 0x0841, 0x0841, 0x0861, 0x0840,
  0x0820, 0x0820, 0x0840, 0x0840, 0x0820, 0x0020, 0x0820, 0x0840, 0x0820, 0x0820, 0x0820, 0x0820,
  0x0820, 0x0840, 0x0840, 0x0840, 0x1061, 0x0840, 0x0840, 0x0840, 0x0840, 0x0820, 0x0820, 0x0820,
  0x0820, 0x0820, 0x0820, 0x0820, 0x0820, 0x0820, 0x0820, 0x0020, 0x0820, 0x0841, 0x0820, 0x0820,
  0x0820, 0x0820, 0x0000, 0x0841, 0x0820, 0x0000, 0x0820, 0x0020, 0x0820, 0x0820, 0x0820, 0x0820,
  0x0820, 0x0820, 0x0820, 0x0820, 0x0820, 0x0841, 0x0000, 0x0841, 0x0020, 0x0020, 0x0820, 0x0820,
  0x0820, 0x0840, 0x0861, 0x0841, 0x0840, 0x0861, 0x0861, 0x1081, 0x1082, 0x10A2, 0x10C2, 0x10C2,
  0x10A2, 0x10A2, 0x10C2, 0x18E3, 0x18E3, 0x1903, 0x2103, 0x1903, 0x2103, 0x2123, 0x2123, 0x2124,
  0x2144, 0x3185, 0x31C5, 0x31A5, 0x2144, 0x2944, 0x2944, 0x2964, 0x3185, 0x2944, 0x2964, 0x3164,
  0x3164, 0x3184, 0x3185, 0x39A5, 0x39C6, 0x39C6, 0x39C6, 0x39E6, 0x39C6, 0x4206, 0x41E6, 0x4207,
  0x5289, 0x52AA, 0x52AA, 0x5289, 0x4A48, 0x4A48, 0x4A48, 0x4A48, 0x5248, 0x4A48, 0x4A68, 0x4A48,
  0x39C6, 0x0000, 0x0000, 0x0000, 0x0000, 0x0000, 0x0000, 0x0000, 0x0000, 0x0000, 0x0000, 0x0000,
  0x0000, 0x0000, 0x0000, 0x0000, 0x0000, 0x0000, 0x0020, 0x0841, 0x0000, 0x0000, 0x0000, 0x0000,
  0x0000, 0x0000, 0x0000, 0x0000, 0x0000, 0x0000, 0x0000, 0x0000, 0x0000, 0x0000, 0x0841, 0x10A2,
  0x0000, 0x0000, 0x0000, 0x0000, 0x0000, 0x0020, 0x0000, 0x0000, 0x0000, 0x0000, 0x0000, 0x0000,
  0x0000, 0x0000, 0x0000, 0x0000, 0x0020, 0x0000, 0x0000, 0x0000, 0x0000, 0x0000, 0x0020, 0x0000,
  0x0000, 0x0000, 0x0000, 0x0000, 0x0000, 0x0000, 0x0000, 0x0000, 0x0000, 0x0000, 0x0000, 0x0841,
  0x0000, 0x0000, 0x0000, 0x0000, 0x0000, 0x0000, 0x0000, 0x0000, 0x0000, 0x0000, 0x0000, 0x0000,
  0x0000, 0x0020, 0x1082, 0x0000, 0x0000, 0x0000, 0x0000, 0x0000, 0x0000, 0x0000, 0x0000, 0x0000,
  0x0000, 0x0000, 0x0000, 0x0000, 0x0000, 0x0000, 0x0000, 0x0000, 0x0000, 0x0000, 0x0000, 0x0000,
  0x0000, 0x0840, 0x0840, 0x0820, 0x0840, 0x0840, 0x0840, 0x0840, 0x0840, 0x0841, 0x0841, 0x0841,
  0x0840, 0x0840, 0x0840, 0x0861, 0x1061, 0x0861, 0x0841, 0x0820, 0x0820, 0x0841, 0x0841, 0x0840,
  0x0840, 0x0840, 0x0840, 0x0840, 0x0840, 0x0840, 0x0840, 0x0861, 0x1081, 0x1061, 0x0840, 0x0861,
  0x0861, 0x1061, 0x1061, 0x0861, 0x0861, 0x0840, 0x0840, 0x0841, 0x1061, 0x0840, 0x0841, 0x1061,
  0x0861, 0x0841, 0x0840, 0x0840, 0x0840, 0x0840, 0x0840, 0x0841, 0x0840, 0x0840, 0x0840, 0x0840,
  0x0841, 0x1061, 0x1061, 0x0841, 0x0841, 0x0841, 0x0840, 0x0840, 0x0840, 0x0840, 0x0841, 0x0841,
  0x0841, 0x0840, 0x0840, 0x0841, 0x0840, 0x0841, 0x0841, 0x0841, 0x0840, 0x0840, 0x0840, 0x0840,
  0x0820, 0x0841, 0x0840, 0x0820, 0x0820, 0x0840, 0x1061, 0x0840, 0x0820, 0x0820, 0x0841, 0x0840,
  0x0820, 0x0820, 0x0840, 0x0840, 0x0840, 0x0820, 0x0840, 0x0840, 0x0820, 0x0820, 0x0840, 0x0820,
  0x0820, 0x1061, 0x0840, 0x0820, 0x0820, 0x0820, 0x0820, 0x0820, 0x0820, 0x0820, 0x0820, 0x0840,
  0x0820, 0x0820, 0x0820, 0x0820, 0x0820, 0x0820, 0x0820, 0x0820, 0x0840, 0x1061, 0x1061, 0x0820,
  0x0820, 0x0861, 0x0020, 0x0820, 0x0820, 0x0820, 0x0820, 0x0820, 0x0820, 0x0820, 0x0820, 0x0820,
  0x0820, 0x0820, 0x0000, 0x0820, 0x0020, 0x0820, 0x0820, 0x0820, 0x0841, 0x0861, 0x0861, 0x0841,
  0x0861, 0x1061, 0x0841, 0x0881, 0x1081, 0x10A2, 0x10A2, 0x10A2, 0x10A2, 0x10A2, 0x18C2, 0x18E3,
  0x18E3, 0x1903, 0x18E3, 0x18C2, 0x18E3, 0x18E3, 0x1903, 0x2103, 0x2144, 0x3185, 0x31C5, 0x31A5,
  0x2144, 0x2944, 0x2944, 0x2964, 0x3185, 0x2964, 0x3164, 0x3184, 0x3164, 0x3185, 0x3185, 0x39A5,
  0x39C6, 0x39C6, 0x39C6, 0x39C6, 0x39C6, 0x4207, 0x41E6, 0x4A27, 0x52A9, 0x52A9, 0x52AA, 0x5269,
  0x4A48, 0x4A28, 0x4A48, 0x4A48, 0x4A48, 0x4A48, 0x4A48, 0x4A28, 0x3165, 0x0000, 0x0000, 0x0000,
  0x0000, 0x0000, 0x0000, 0x0000, 0x0000, 0x18C3, 0x0020, 0x0000, 0x0000, 0x0000, 0x0000, 0x0000,
  0x0000, 0x0000, 0x0000, 0x0861, 0x0020, 0x0000, 0x0000, 0x0000, 0x0000, 0x0000, 0x0000, 0x0000,
  0x0000, 0x0000, 0x0000, 0x0000, 0x0000, 0x0000, 0x0000, 0x0000, 0x0000, 0x0000, 0x0000, 0x0000,
  0x0000, 0x0020, 0x0000, 0x0000, 0x0000, 0x0000, 0x0000, 0x0000, 0x0000, 0x0000, 0x0000, 0x0000,
  0x0841, 0x0000, 0x0000, 0x0020, 0x0000, 0x0861, 0x0841, 0x0000, 0x0000, 0x0000, 0x0000, 0x0000,
  0x0000, 0x0000, 0x0000, 0x0000, 0x0000, 0x0000, 0x0000, 0x0020, 0x0000, 0x0000, 0x0000, 0x0000,
  0x0000, 0x0000, 0x0000, 0x0000, 0x0000, 0x0000, 0x0000, 0x0000, 0x0000, 0x0000, 0x0000, 0x0000,
  0x0000, 0x0000, 0x0000, 0x0000, 0x0000, 0x0000, 0x0000, 0x0000, 0x0000, 0x0000, 0x0000, 0x0000,
  0x0000, 0x0000, 0x0000, 0x0000, 0x0000, 0x0000, 0x0000, 0x0000, 0x0000, 0x0820, 0x0840, 0x0820,
  0x0840, 0x0840, 0x0840, 0x0841, 0x0840, 0x0840, 0x0861, 0x0861, 0x0840, 0x0841, 0x0840, 0x0840,
  0x1061, 0x1081, 0x0861, 0x0820, 0x0820, 0x0820, 0x0840, 0x0840, 0x0841, 0x0840, 0x0840, 0x0840,
  0x0840, 0x0841, 0x0840, 0x0861, 0x1081, 0x1061, 0x0840, 0x0841, 0x0861, 0x1061, 0x1061, 0x0861,
  0x0861, 0x0840, 0x0840, 0x0840, 0x1061, 0x0840, 0x0840, 0x0861, 0x0861, 0x0841, 0x0841, 0x0840,
  0x0840, 0x0840, 0x0841, 0x0841, 0x0841, 0x0840, 0x0841, 0x0840, 0x0840, 0x0840, 0x0840, 0x0841,
  0x0840, 0x0841, 0x0840, 0x0841, 0x0841, 0x0840, 0x0841, 0x0861, 0x0841, 0x0840, 0x0861, 0x1061,
  0x0841, 0x0841, 0x0861, 0x0840, 0x0840, 0x0841, 0x0841, 0x0840, 0x0820, 0x0840, 0x0841, 0x0820,
  0x0820, 0x0820, 0x0841, 0x0840, 0x0820, 0x0840, 0x0841, 0x0840, 0x0840, 0x0840, 0x0820, 0x0840,
  0x0840, 0x0820, 0x0840, 0x0840, 0x0820, 0x0820, 0x0820, 0x0820, 0x0840, 0x0841, 0x0840, 0x0820,
  0x0820, 0x0840, 0x0820, 0x0820, 0x0820, 0x0820, 0x0840, 0x0840, 0x0840, 0x0820, 0x0820, 0x0820,
  0x0820, 0x0820, 0x0820, 0x0820, 0x0000, 0x0841, 0x0840, 0x0820, 0x0841, 0x0861, 0x0000, 0x0020,
  0x0820, 0x0820, 0x0840, 0x0820, 0x0820, 0x0820, 0x0820, 0x0820, 0x0820, 0x0020, 0x0820, 0x0820,
  0x0841, 0x0020, 0x0820, 0x0820, 0x0841, 0x0841, 0x0861, 0x0861, 0x0841, 0x0841, 0x0841, 0x1081,
  0x1082, 0x10A2, 0x10A2, 0x10A2, 0x10A2, 0x10C2, 0x18C2, 0x18E3, 0x18E3, 0x1903, 0x18E3, 0x18E3,
  0x1903, 0x2123, 0x1903, 0x2103, 0x2944, 0x3185, 0x31A5, 0x3185, 0x2144, 0x2944, 0x2944, 0x3185,
  0x3184, 0x2964, 0x3164, 0x3164, 0x3164, 0x3184, 0x3185, 0x39A5, 0x39C5, 0x39C5, 0x39C6, 0x41E6,
  0x39C6, 0x41E6, 0x41E6, 0x4A28, 0x52A9, 0x5289, 0x52A9, 0x4A68, 0x4A48, 0x4A27, 0x4A27, 0x4A27,
  0x4A48, 0x5248, 0x4A28, 0x4A28, 0x2103, 0x0000, 0x0000, 0x0000, 0x0000, 0x0000, 0x0000, 0x0000,
  0x0000, 0x0861, 0x0020, 0x0000, 0x0000, 0x0000, 0x0000, 0x0861, 0x1082, 0x0000, 0x0000, 0x0000,
  0x0000, 0x0000, 0x0000, 0x0000, 0x0000, 0x0000, 0x0000, 0x0000, 0x0000, 0x0000, 0x0000, 0x0000,
  0x0000, 0x0020, 0x0020, 0x0000, 0x0841, 0x0020, 0x0000, 0x0000, 0x0000, 0x0020, 0x0000, 0x0000,
  0x0000, 0x0000, 0x0000, 0x0000, 0x0000, 0x0000, 0x0000, 0x0000, 0x0000, 0x0000, 0x0000, 0x0841,
  0x0000, 0x0000, 0x0000, 0x0000, 0x0861, 0x0000, 0x0000, 0x0000, 0x0000, 0x0000, 0x0000, 0x0000,
  0x0000, 0x0000, 0x0000, 0x0000, 0x0000, 0x0000, 0x0000, 0x0000, 0x0000, 0x0000, 0x0000, 0x0000,
  0x0000, 0x0000, 0x0000, 0x0000, 0x0000, 0x0000, 0x0000, 0x0000, 0x0000, 0x0000, 0x0020, 0x0020,
  0x0000, 0x0000, 0x0000, 0x0000, 0x0000, 0x0000, 0x0000, 0x0000, 0x0000, 0x0000, 0x0000, 0x0000,
  0x0000, 0x0000, 0x0000, 0x0020, 0x0000, 0x0020, 0x0841, 0x0820, 0x0840, 0x0840, 0x0840, 0x0840,
  0x0840, 0x0840, 0x0840, 0x0840, 0x0840, 0x0840, 0x0840, 0x0840, 0x1061, 0x1081, 0x1061, 0x0820,
  0x0820, 0x0820, 0x0840, 0x0840, 0x0840, 0x0840, 0x0840, 0x0840, 0x0840, 0x0840, 0x0840, 0x0841,
  0x1081, 0x1081, 0x0840, 0x0840, 0x0861, 0x1061, 0x1061, 0x0861, 0x0861, 0x0840, 0x0840, 0x0840,
  0x1061, 0x0841, 0x0841, 0x1061, 0x0861, 0x0841, 0x0841, 0x0840, 0x0840, 0x0820, 0x0840, 0x0861,
  0x0841, 0x0840, 0x0840, 0x0840, 0x0840, 0x0841, 0x0840, 0x0841, 0x0840, 0x0841, 0x0841, 0x0841,
  0x0841, 0x0840, 0x0841, 0x0840, 0x0840, 0x0841, 0x0861, 0x0861, 0x0840, 0x0841, 0x0841, 0x0841,
  0x0840, 0x0841, 0x0840, 0x0861, 0x0841, 0x0840, 0x0841, 0x0820, 0x0820, 0x0820, 0x0861, 0x0840,
  0x0820, 0x0840, 0x0861, 0x0841, 0x0840, 0x0840, 0x0820, 0x0840, 0x0840, 0x0820, 0x0820, 0x0840,
  0x0820, 0x0840, 0x0820, 0x0820, 0x0861, 0x0841, 0x0820, 0x0840, 0x1081, 0x1061, 0x1061, 0x0861,
  0x0820, 0x0840, 0x0820, 0x0820, 0x0820, 0x0820, 0x0820, 0x0820, 0x0820, 0x0820, 0x0820, 0x0020,
  0x0820, 0x0020, 0x0020, 0x0820, 0x0020, 0x0020, 0x0841, 0x0000, 0x0820, 0x0820, 0x0841, 0x0840,
  0x0820, 0x0820, 0x0820, 0x0820, 0x0820, 0x0020, 0x0000, 0x0820, 0x0820, 0x0820, 0x0820, 0x0840,
  0x0841, 0x0840, 0x1061, 0x0840, 0x0861, 0x0841, 0x0861, 0x1082, 0x10A2, 0x1082, 0x10A2, 0x10C2,
  0x10A2, 0x10C2, 0x18C2, 0x18E3, 0x18E3, 0x2103, 0x18E3, 0x1903, 0x1903, 0x2103, 0x2103, 0x2123,
  0x2944, 0x3185, 0x31C5, 0x2964, 0x2143, 0x2944, 0x2944, 0x3185, 0x2964, 0x2944, 0x2964, 0x3164,
  0x2964, 0x3164, 0x3185, 0x39A5, 0x39A5, 0x39A5, 0x39C5, 0x39C6, 0x41E6, 0x41E6, 0x41E6, 0x5248,
  0x5289, 0x5289, 0x52A9, 0x4A28, 0x4A27, 0x4A27, 0x4A27, 0x4A27, 0x5268, 0x5268, 0x4A28, 0x4A28,
  0x1081, 0x0000, 0x0000, 0x0000, 0x0000, 0x0000, 0x0000, 0x0000, 0x0000, 0x0000, 0x0000, 0x0000,
  0x0000, 0x0000, 0x0000, 0x0020, 0x0020, 0x0000, 0x0000, 0x0000, 0x0000, 0x0000, 0x0000, 0x0000,
  0x0000, 0x0000, 0x0000, 0x0000, 0x0000, 0x0000, 0x0000, 0x0000, 0x0000, 0x0000, 0x0000, 0x0000,
  0x0000, 0x0000, 0x0000, 0x0000, 0x0000, 0x0841, 0x0000, 0x0000, 0x0000, 0x0000, 0x0000, 0x0000,
  0x0000, 0x0000, 0x0000, 0x0000, 0x0000, 0x0000, 0x0000, 0x0000, 0x0000, 0x0000, 0x0000, 0x0020,
  0x2104, 0x0020, 0x0000, 0x0000, 0x0000, 0x0000, 0x0000, 0x0000, 0x0000, 0x0000, 0x0020, 0x1082,
  0x0000, 0x0000, 0x0000, 0x0000, 0x0000, 0x0000, 0x0000, 0x0000, 0x0000, 0x0000, 0x0000, 0x0000,
  0x0000, 0x0000, 0x0000, 0x0000, 0x0000, 0x0000, 0x0000, 0x0000, 0x0000, 0x0000, 0x0000, 0x0000,
  0x0000, 0x0000, 0x0000, 0x0000, 0x0000, 0x0000, 0x0000, 0x0000, 0x0000, 0x0000, 0x0000, 0x0000,
  0x0000, 0x0000, 0x0841, 0x0840, 0x0820, 0x0840, 0x0820, 0x0840, 0x0840, 0x0840, 0x0840, 0x0840,
  0x0840, 0x0840, 0x0840, 0x0840, 0x0861, 0x0861, 0x1061, 0x0840, 0x0820, 0x0840, 0x0861, 0x0840,
  0x0840, 0x0840, 0x0840, 0x0840, 0x0840, 0x0840, 0x0840, 0x0841, 0x1081, 0x1081, 0x0861, 0x0840,
  0x1061, 0x1061, 0x1061, 0x0861, 0x0861, 0x0840, 0x0841, 0x0840, 0x1061, 0x0861, 0x0840, 0x1081,
  0x1061, 0x0861, 0x0861, 0x0840, 0x0841, 0x0841, 0x0840, 0x0841, 0x0841, 0x0840, 0x0841, 0x0840,
  0x0840, 0x0841, 0x0841, 0x0841, 0x0840, 0x0841, 0x0840, 0x0841, 0x0841, 0x0840, 0x0841, 0x0841,
  0x0841, 0x0840, 0x0840, 0x0840, 0x0840, 0x0840, 0x0840, 0x0861, 0x0841, 0x0841, 0x0820, 0x1061,
  0x1061, 0x0840, 0x0841, 0x0820, 0x0840, 0x0820, 0x0841, 0x0841, 0x0820, 0x0840, 0x0840, 0x0841,
  0x0841, 0x0840, 0x0840, 0x0840, 0x0820, 0x0820, 0x0820, 0x0840, 0x0820, 0x0820, 0x0820, 0x0840,
  0x0820, 0x0820, 0x0820, 0x0840, 0x0841, 0x0820, 0x0841, 0x0841, 0x0820, 0x0820, 0x0840, 0x0840,
  0x0820, 0x0820, 0x0820, 0x0820, 0x0820, 0x0820, 0x0820, 0x0820, 0x0820, 0x0820, 0x0020, 0x0820,
  0x0000, 0x0820, 0x0820, 0x0020, 0x0820, 0x0820, 0x0820, 0x0840, 0x0840, 0x0840, 0x0820, 0x0820,
  0x0820, 0x0020, 0x0000, 0x0000, 0x0020, 0x0020, 0x0020, 0x0820, 0x0820, 0x0840, 0x10A2, 0x0840,
  0x0841, 0x0841, 0x0861, 0x1081, 0x1082, 0x1082, 0x10A2, 0x10A2, 0x10A2, 0x10C2, 0x18C2, 0x18E3,
  0x18E2, 0x2103, 0x18E3, 0x1903, 0x1903, 0x2103, 0x2103, 0x2123, 0x2964, 0x3185, 0x31A5, 0x2964,
  0x2944, 0x2944, 0x2944, 0x3185, 0x2964, 0x2964, 0x2964, 0x3164, 0x3164, 0x3185, 0x3185, 0x39A5,
  0x39A5, 0x39A5, 0x39C5, 0x39C6, 0x41E6, 0x41E6, 0x41E6, 0x5269, 0x5289, 0x5289, 0x5289, 0x4A27,
  0x4A48, 0x4A28, 0x4A27, 0x4A48, 0x5248, 0x5248, 0x4A27, 0x41E7, 0x0000, 0x0000, 0x0000, 0x0000,
  0x0000, 0x0000, 0x0000, 0x0000, 0x0000, 0x0000, 0x0000, 0x0000, 0x0000, 0x0020, 0x0020, 0x0000,
  0x0000, 0x0000, 0x0000, 0x0000, 0x0000, 0x0000, 0x0000, 0x0000, 0x0000, 0x0000, 0x0000, 0x0000,
  0x0000, 0x0000, 0x0000, 0x0000, 0x0000, 0x0000, 0x0000, 0x0000, 0x0000, 0x0000, 0x0000, 0x0020,
  0x0000, 0x0000, 0x0000, 0x0000, 0x0000, 0x0000, 0x0000, 0x0000, 0x0000, 0x0000, 0x0000, 0x0000,
  0x0000, 0x0000, 0x0000, 0x0000, 0x0000, 0x0000, 0x0000, 0x0020, 0x0000, 0x0000, 0x0000, 0x0000,
  0x0000, 0x0000, 0x0000, 0x0000, 0x0000, 0x0000, 0x0000, 0x0020, 0x0000, 0x0000, 0x0861, 0x0000,
  0x0000, 0x0000, 0x0000, 0x0000, 0x0000, 0x0000, 0x0000, 0x0000, 0x0000, 0x0000, 0x0000, 0x0000,
  0x0000, 0x0000, 0x0000, 0x0000, 0x0000, 0x0000, 0x0000, 0x0000, 0x0000, 0x0000, 0x0000, 0x0000,
  0x0000, 0x0000, 0x0000, 0x0000, 0x0000, 0x0000, 0x0000, 0x0000, 0x0000, 0x0000, 0x0020, 0x0841,
  0x0020, 0x0820, 0x0840, 0x0820, 0x0840, 0x0840, 0x0840, 0x0840, 0x0840, 0x0840, 0x0840, 0x0840,
  0x0841, 0x1061, 0x1061, 0x0841, 0x0820, 0x0840, 0x0840, 0x0840, 0x0840, 0x0840, 0x0840, 0x0840,
  0x0840, 0x0840, 0x0840, 0x0840, 0x1081, 0x1082, 0x0861, 0x0840, 0x0861, 0x1061, 0x1061, 0x0861,
  0x1061, 0x0841, 0x0841, 0x0840, 0x1081, 0x1081, 0x0840, 0x1082, 0x1082, 0x0861, 0x1081, 0x0841,
  0x0861, 0x0841, 0x0861, 0x1061, 0x0861, 0x0841, 0x0840, 0x0841, 0x0840, 0x0861, 0x0840, 0x0841,
  0x0841, 0x1061, 0x1061, 0x0840, 0x0861, 0x0861, 0x0861, 0x0841, 0x0861, 0x0861, 0x0861, 0x0861,
  0x0861, 0x0841, 0x0841, 0x0841, 0x0840, 0x0841, 0x0840, 0x1061, 0x0861, 0x0820, 0x0841, 0x0820,
  0x0820, 0x0840, 0x0861, 0x0840, 0x0820, 0x0820, 0x0840, 0x0841, 0x0820, 0x0840, 0x0840, 0x0820,
  0x0840, 0x0840, 0x0820, 0x0820, 0x0840, 0x0841, 0x0840, 0x0820, 0x0841, 0x0820, 0x0840, 0x0820,
  0x0820, 0x0861, 0x0820, 0x0820, 0x0820, 0x0820, 0x0840, 0x0861, 0x0841, 0x0840, 0x0820, 0x0820,
  0x0820, 0x0820, 0x0820, 0x0820, 0x0020, 0x0820, 0x0820, 0x0820, 0x0000, 0x0020, 0x0000, 0x0820,
  0x0820, 0x0820, 0x0820, 0x1061, 0x1082, 0x0841, 0x0820, 0x0820, 0x0020, 0x0000, 0x0000, 0x0000,
  0x0020, 0x0020, 0x0020, 0x0020, 0x0841, 0x0861, 0x0840, 0x0841, 0x0841, 0x0841, 0x0861, 0x1081,
  0x1082, 0x1082, 0x10A2, 0x10A2, 0x10A2, 0x18C2, 0x18C2, 0x18E3, 0x18E2, 0x2103, 0x18E3, 0x18E3,
  0x2103, 0x2103, 0x2103, 0x2103, 0x2964, 0x31A5, 0x31A5, 0x2944, 0x2944, 0x2943, 0x2944, 0x3185,
  0x2944, 0x2964, 0x2964, 0x3164, 0x2964, 0x3184, 0x3185, 0x31A5, 0x31A5, 0x39A5, 0x39C6, 0x39C5,
  0x39C6, 0x39C6, 0x4207, 0x5289, 0x5289, 0x5289, 0x5269, 0x4A27, 0x4A27, 0x4A27, 0x4A27, 0x4A48,
  0x5268, 0x4A48, 0x4A48, 0x3185, 0x0000, 0x0000, 0x0000, 0x0000, 0x0000, 0x0000, 0x0000, 0x0000,
  0x0000, 0x0000, 0x0000, 0x0000, 0x0000, 0x18C3, 0x1082, 0x0000, 0x0000, 0x0000, 0x0000, 0x0000,
  0x0000, 0x0000, 0x0000, 0x0000, 0x0000, 0x0000, 0x0000, 0x0000, 0x0000, 0x0000, 0x0000, 0x0000,
  0x0000, 0x0000, 0x0000, 0x0000, 0x0000, 0x0000, 0x0000, 0x0841, 0x0000, 0x0000, 0x0000, 0x0000,
  0x0000, 0x0000, 0x0000, 0x0000, 0x0000, 0x0000, 0x0000, 0x0000, 0x0000, 0x0841, 0x0861, 0x0000,
  0x0000, 0x0000, 0x0000, 0x0000, 0x0000, 0x0000, 0x0000, 0x0000, 0x0000, 0x0000, 0x0000, 0x0000,
  0x0000, 0x0000, 0x0000, 0x0000, 0x0000, 0x0020, 0x1082, 0x0000, 0x0000, 0x0000, 0x0000, 0x0000,
  0x0000, 0x0000, 0x0000, 0x0000, 0x0000, 0x0000, 0x0000, 0x0000, 0x0000, 0x0000, 0x0000, 0x0000,
  0x0000, 0x0000, 0x0000, 0x0000, 0x0000, 0x0000, 0x0000, 0x0000, 0x0000, 0x0000, 0x0000, 0x0000,
  0x0000, 0x0000, 0x0000, 0x0000, 0x0000, 0x0000, 0x0000, 0x0841, 0x0820, 0x0820, 0x0840, 0x0020,
  0x0840, 0x0840, 0x0840, 0x0840, 0x0840, 0x0840, 0x0840, 0x0840, 0x0840, 0x1061, 0x1061, 0x0841,
  0x0820, 0x0840, 0x0840, 0x0840, 0x0820, 0x0841, 0x1061, 0x0840, 0x0840, 0x0840, 0x0840, 0x0840,
  0x1061, 0x1081, 0x0861, 0x0840, 0x0861, 0x1061, 0x1061, 0x0861, 0x1081, 0x0861, 0x0840, 0x0840,
  0x0861, 0x1082, 0x0841, 0x1061, 0x0861, 0x0841, 0x0861, 0x0840, 0x0840, 0x0841, 0x0840, 0x0841,
  0x0841, 0x0840, 0x0840, 0x0840, 0x0840, 0x0841, 0x0840, 0x0841, 0x0841, 0x1081, 0x1061, 0x0840,
  0x1061, 0x0861, 0x0861, 0x0840, 0x0861, 0x0861, 0x0861, 0x1061, 0x1082, 0x1081, 0x0861, 0x0840,
  0x0840, 0x0841, 0x0840, 0x0840, 0x0840, 0x0840, 0x0841, 0x0820, 0x0820, 0x0840, 0x0861, 0x0840,
  0x0820, 0x0820, 0x0841, 0x0820, 0x0840, 0x0840, 0x0840, 0x0820, 0x0840, 0x0820, 0x0820, 0x0840,
  0x0820, 0x0820, 0x0820, 0x0840, 0x0841, 0x0820, 0x0820, 0x0820, 0x0861, 0x1082, 0x0820, 0x0840,
  0x0820, 0x0820, 0x0820, 0x0820, 0x1061, 0x0020, 0x0820, 0x0820, 0x0820, 0x0820, 0x0820, 0x0020,
  0x0820, 0x0820, 0x0820, 0x0820, 0x0020, 0x0000, 0x0020, 0x0000, 0x0820, 0x0820, 0x0820, 0x0820,
  0x0020, 0x0840, 0x0820, 0x0820, 0x0020, 0x0000, 0x0000, 0x0000, 0x0020, 0x0020, 0x0020, 0x0020,
  0x0861, 0x1081, 0x0841, 0x0841, 0x0841, 0x0841, 0x0861, 0x1081, 0x1081, 0x1082, 0x10A2, 0x10A2,
  0x10A2, 0x10A2, 0x18C2, 0x18E3, 0x18E2, 0x2103, 0x18E3, 0x18E3, 0x2103, 0x18E3, 0x2103, 0x2123,
  0x2985, 0x31A5, 0x31A5, 0x2944, 0x2144, 0x2943, 0x2964, 0x3185, 0x2944, 0x2964, 0x2964, 0x3164,
  0x3164, 0x3185, 0x3185, 0x39A5, 0x39A5, 0x39C5, 0x39C5, 0x39C5, 0x41E6, 0x39C6, 0x4A27, 0x5289,
  0x5289, 0x52A9, 0x4A68, 0x4A27, 0x4A27, 0x4A27, 0x4A27, 0x4A48, 0x5268, 0x4A48, 0x4A48, 0x20E3,
  0x0000, 0x0000, 0x0000, 0x0000, 0x0000, 0x0000, 0x0000, 0x0000, 0x0000, 0x0000, 0x0000, 0x0000,
  0x0000, 0x0000, 0x0000, 0x0000, 0x0000, 0x0000, 0x0000, 0x0000, 0x0000, 0x0000, 0x0000, 0x0000,
  0x0020, 0x0000, 0x0000, 0x0000, 0x0000, 0x0000, 0x0000, 0x0000, 0x0000, 0x0000, 0x0000, 0x0000,
  0x0000, 0x0000, 0x0000, 0x0000, 0x0000, 0x0000, 0x0000, 0x0000, 0x0000, 0x0000, 0x0000, 0x0000,
  0x0000, 0x0000, 0x0000, 0x0000, 0x0000, 0x0000, 0x0020, 0x0000, 0x0000, 0x0000, 0x0000, 0x0000,
  0x0000, 0x0000, 0x0000, 0x0000, 0x0000, 0x0000, 0x0000, 0x0000, 0x0000, 0x0000, 0x0000, 0x0000,
  0x0000, 0x0000, 0x0000, 0x0000, 0x0000, 0x0000, 0x0000, 0x0000, 0x0000, 0x0000, 0x0000, 0x0000,
  0x0000, 0x0000, 0x0000, 0x0000, 0x0000, 0x0000, 0x0000, 0x0000, 0x0000, 0x0000, 0x0000, 0x0000,
  0x0020, 0x0000, 0x0000, 0x0000, 0x0000, 0x0000, 0x0000, 0x0000, 0x0000, 0x0000, 0x0000, 0x0000,
  0x0000, 0x0000, 0x0000, 0x0840, 0x0840, 0x0820, 0x0840, 0x0820, 0x0820, 0x0840, 0x0841, 0x0861,
  0x0840, 0x0840, 0x0840, 0x0820, 0x0840, 0x1061, 0x0861, 0x0861, 0x0820, 0x0820, 0x0840, 0x0841,
  0x0820, 0x0840, 0x0841, 0x0820, 0x0840, 0x0840, 0x0840, 0x0840, 0x0861, 0x1081, 0x1061, 0x0840,
  0x0861, 0x1061, 0x1081, 0x1081, 0x1061, 0x1061, 0x0840, 0x0840, 0x0861, 0x1081, 0x0841, 0x0861,
  0x1061, 0x0861, 0x0841, 0x0841, 0x0841, 0x0840, 0x0841, 0x0841, 0x0841, 0x0840, 0x0840, 0x0840,
  0x0840, 0x0840, 0x0841, 0x0840, 0x0840, 0x0840, 0x0841, 0x0841, 0x0841, 0x0840, 0x0840, 0x0861,
  0x0861, 0x0840, 0x0840, 0x0861, 0x0840, 0x0841, 0x0841, 0x0840, 0x0820, 0x0841, 0x0841, 0x0841,
  0x0840, 0x0840, 0x0841, 0x0820, 0x0820, 0x0841, 0x1061, 0x0840, 0x0820, 0x0820, 0x0841, 0x0841,
  0x0820, 0x0840, 0x0840, 0x0840, 0x0840, 0x0840, 0x0840, 0x0840, 0x0840, 0x0841, 0x0841, 0x0841,
  0x0841, 0x0861, 0x1082, 0x0820, 0x0820, 0x0820, 0x0820, 0x0820, 0x0820, 0x0820, 0x0820, 0x0820,
  0x0841, 0x0840, 0x0020, 0x0820, 0x0820, 0x0820, 0x0820, 0x0820, 0x0820, 0x0820, 0x0820, 0x0820,
  0x0820, 0x0820, 0x0020, 0x0000, 0x0820, 0x0820, 0x0820, 0x0820, 0x0820, 0x0820, 0x0820, 0x0820,
  0x0020, 0x0000, 0x0000, 0x0020, 0x0020, 0x0020, 0x0020, 0x0820, 0x0820, 0x0820, 0x0841, 0x0841,
  0x0841, 0x0841, 0x0861, 0x1082, 0x1081, 0x1082, 0x1082, 0x1082, 0x10A2, 0x10A2, 0x18E3, 0x18E2,
  0x18E3, 0x1903, 0x18E3, 0x18E3, 0x1903, 0x18E3, 0x1903, 0x2144, 0x3185, 0x31A5, 0x3184, 0x2123,
  0x2944, 0x2943, 0x3164, 0x3184, 0x2944, 0x2964, 0x3164, 0x3184, 0x3185, 0x3184, 0x3185, 0x3185,
  0x39A5, 0x39A5, 0x39C5, 0x39C6, 0x41E6, 0x39C6, 0x4A27, 0x5289, 0x5268, 0x5289, 0x4A28, 0x4A27,
  0x4A27, 0x4A27, 0x4A27, 0x4A48, 0x5268, 0x4A48, 0x4A28, 0x0841, 0x0000, 0x0000, 0x0000, 0x0000,
  0x0000, 0x0000, 0x0000, 0x0000, 0x0000, 0x0000, 0x0000, 0x0000, 0x0000, 0x0000, 0x0000, 0x0000,
  0x0000, 0x0000, 0x0000, 0x0000, 0x0000, 0x0000, 0x0000, 0x0000, 0x0841, 0x0020, 0x0000, 0x0000,
  0x0000, 0x0000, 0x0000, 0x0000, 0x0000, 0x0000, 0x0000, 0x0000, 0x0000, 0x0000, 0x0000, 0x0000,
  0x0000, 0x0000, 0x0000, 0x0000, 0x0000, 0x0000, 0x0000, 0x0000, 0x0000, 0x0000, 0x0000, 0x0000,
  0x0000, 0x0000, 0x0000, 0x0000, 0x0000, 0x0000, 0x0000, 0x0000, 0x0000, 0x0000, 0x0000, 0x0000,
  0x0000, 0x0000, 0x0020, 0x0861, 0x0000, 0x0000, 0x0020, 0x0000, 0x0000, 0x0000, 0x0000, 0x0000,
  0x0000, 0x0000, 0x0000, 0x0000, 0x0000, 0x0020, 0x0861, 0x0000, 0x0000, 0x0000, 0x0000, 0x0000,
  0x0000, 0x0000, 0x0000, 0x0000, 0x0000, 0x0000, 0x0000, 0x0020, 0x1082, 0x0000, 0x0000, 0x0000,
  0x0000, 0x0000, 0x0000, 0x0000, 0x0000, 0x0000, 0x0861, 0x0000, 0x0000, 0x0000, 0x0000, 0x0020,
  0x0841, 0x0820, 0x0820, 0x0820, 0x0820, 0x0840, 0x0840, 0x0840, 0x0840, 0x0840, 0x0840, 0x0820,
  0x0840, 0x0861, 0x1061, 0x1061, 0x0840, 0x0840, 0x0840, 0x0861, 0x0840, 0x0841, 0x1061, 0x0861,
  0x0861, 0x0861, 0x0840, 0x0840, 0x0841, 0x1082, 0x1081, 0x0840, 0x0841, 0x1061, 0x1061, 0x1061,
  0x1081, 0x1061, 0x0841, 0x0840, 0x0861, 0x1081, 0x0841, 0x0861, 0x1081, 0x1061, 0x0841, 0x0841,
  0x0840, 0x0841, 0x0841, 0x0841, 0x0861, 0x0840, 0x0840, 0x0841, 0x0841, 0x0840, 0x0840, 0x0841,
  0x0841, 0x0840, 0x0841, 0x0840, 0x0861, 0x0841, 0x0841, 0x0840, 0x0840, 0x0841, 0x0861, 0x0820,
  0x0840, 0x0841, 0x0841, 0x0840, 0x0841, 0x0840, 0x0840, 0x0841, 0x0841, 0x0820, 0x0840, 0x0840,
  0x0820, 0x0820, 0x0841, 0x0840, 0x0820, 0x0820, 0x0840, 0x0861, 0x0840, 0x0820, 0x0840, 0x0840,
  0x0841, 0x0841, 0x0840, 0x0840, 0x0820, 0x0840, 0x0840, 0x1061, 0x0840, 0x0841, 0x0861, 0x0820,
  0x0861, 0x0840, 0x0820, 0x0840, 0x0820, 0x0820, 0x0840, 0x0840, 0x0820, 0x0820, 0x0820, 0x0020,
  0x0820, 0x0820, 0x0820, 0x0820, 0x0820, 0x0820, 0x0820, 0x0820, 0x0020, 0x0020, 0x0020, 0x0820,
  0x0820, 0x0820, 0x0820, 0x0020, 0x0020, 0x0820, 0x0820, 0x0820, 0x0000, 0x0000, 0x0000, 0x0020,
  0x0020, 0x0020, 0x0020, 0x0820, 0x0820, 0x0841, 0x0841, 0x0841, 0x0841, 0x0841, 0x0861, 0x1081,
  0x1081, 0x1082, 0x1081, 0x1082, 0x10A2, 0x10A2, 0x18C2, 0x18E3, 0x1903, 0x18E3, 0x18E3, 0x18E3,
  0x2103, 0x18E3, 0x2103, 0x2944, 0x3185, 0x31A5, 0x2964, 0x2944, 0x2944, 0x2943, 0x3184, 0x2964,
  0x2944, 0x2964, 0x2964, 0x3185, 0x3185, 0x3185, 0x3185, 0x39A5, 0x39A5, 0x39C5, 0x39C5, 0x39C5,
  0x39C6, 0x41E6, 0x5268, 0x5269, 0x5289, 0x5289, 0x4227, 0x4207, 0x4207, 0x4207, 0x4A27, 0x4A48,
  0x5268, 0x4A48, 0x39C6, 0x0000, 0x0000, 0x0000, 0x0000, 0x0000, 0x0000, 0x0000, 0x0000, 0x0000,
  0x0000, 0x0000, 0x0000, 0x0000, 0x0000, 0x0000, 0x0000, 0x0000, 0x0000, 0x0000, 0x0000, 0x0000,
  0x0000, 0x0000, 0x0000, 0x0000, 0x0000, 0x0000, 0x0000, 0x0000, 0x0000, 0x0000, 0x0000, 0x0000,
  0x0000, 0x0000, 0x0000, 0x0000, 0x0000, 0x0861, 0x0861, 0x0000, 0x0000, 0x0000, 0x0000, 0x0000,
  0x0000, 0x0000, 0x0000, 0x0000, 0x0000, 0x0841, 0x18C3, 0x0000, 0x0000, 0x0000, 0x0000, 0x0000,
  0x0000, 0x0000, 0x0000, 0x0000, 0x0000, 0x0000, 0x0000, 0x0000, 0x0020, 0x0020, 0x0000, 0x0020,
  0x0000, 0x0000, 0x0020, 0x0020, 0x0000, 0x0000, 0x0000, 0x0000, 0x0000, 0x0000, 0x0000, 0x0000,
  0x0000, 0x0020, 0x0861, 0x0000, 0x0000, 0x0000, 0x0000, 0x0000, 0x0000, 0x0000, 0x0000, 0x0000,
  0x0841, 0x0000, 0x0000, 0x0000, 0x0000, 0x0000, 0x0000, 0x0020, 0x1082, 0x0020, 0x0000, 0x0000,
  0x0000, 0x0020, 0x1082, 0x0000, 0x0000, 0x0000, 0x0000, 0x0000, 0x0841, 0x0841, 0x0841, 0x0840,
  0x0820, 0x0820, 0x0840, 0x0840, 0x0840, 0x0840, 0x0840, 0x0840, 0x0840, 0x0840, 0x1061, 0x1061,
  0x0841, 0x0840, 0x0840, 0x0840, 0x0840, 0x0840, 0x0840, 0x0841, 0x0841, 0x0841, 0x0840, 0x0861,
  0x0841, 0x1081, 0x1081, 0x0840, 0x0841, 0x1061, 0x1061, 0x1061, 0x1061, 0x1081, 0x0841, 0x0840,
  0x0841, 0x1081, 0x0861, 0x0841, 0x1061, 0x0841, 0x0861, 0x0841, 0x0841, 0x0841, 0x0841, 0x0841,
  0x0841, 0x0841, 0x0840, 0x0841, 0x0841, 0x0840, 0x0840, 0x0840, 0x0840, 0x0840, 0x0841, 0x0840,
  0x0841, 0x0840, 0x0840, 0x0841, 0x0841, 0x0840, 0x1061, 0x0841, 0x0840, 0x0861, 0x0840, 0x0841,
  0x0840, 0x0841, 0x0840, 0x0840, 0x0820, 0x0840, 0x0840, 0x0820, 0x0820, 0x0820, 0x0861, 0x0841,
  0x0820, 0x0840, 0x0840, 0x0841, 0x0840, 0x0840, 0x0840, 0x0840, 0x0840, 0x0840, 0x0840, 0x0840,
  0x0820, 0x0840, 0x0840, 0x0861, 0x0840, 0x0820, 0x0820, 0x0820, 0x0820, 0x0841, 0x0840, 0x0840,
  0x0820, 0x0820, 0x0841, 0x0820, 0x0840, 0x0841, 0x0020, 0x0820, 0x0820, 0x0820, 0x0820, 0x0820,
  0x0820, 0x0820, 0x0820, 0x0820, 0x0000, 0x0020, 0x0020, 0x0820, 0x0820, 0x0820, 0x0820, 0x0820,
  0x0020, 0x0020, 0x0820, 0x0820, 0x0000, 0x0000, 0x0000, 0x0000, 0x0020, 0x0020, 0x0020, 0x0020,
  0x0820, 0x0841, 0x0841, 0x0841, 0x0841, 0x0841, 0x0861, 0x0881, 0x0881, 0x1082, 0x1081, 0x1081,
  0x10A2, 0x18C2, 0x18C2, 0x18E2, 0x18E3, 0x18C2, 0x18E3, 0x18E3, 0x2103, 0x18E3, 0x2103, 0x2944,
  0x3185, 0x31A5, 0x2944, 0x2123, 0x2143, 0x2943, 0x3185, 0x2964, 0x2964, 0x2964, 0x2964, 0x3185,
  0x3184, 0x3185, 0x31A5, 0x39C5, 0x39A5, 0x39C6, 0x39C5, 0x39C6, 0x39C5, 0x41E6, 0x5268, 0x5268,
  0x5289, 0x5268, 0x4207, 0x4206, 0x4207, 0x4A27, 0x4A48, 0x5268, 0x4A48, 0x5269, 0x2124, 0x0000,
  0x0000, 0x0000, 0x0000, 0x0000, 0x0000, 0x0000, 0x0000, 0x0000, 0x0000, 0x0000, 0x0000, 0x0000,
  0x0000, 0x0000, 0x0000, 0x0000, 0x0000, 0x0000, 0x0000, 0x0000, 0x0000, 0x0000, 0x0000, 0x0000,
  0x0000, 0x0000, 0x0000, 0x0000, 0x0000, 0x0000, 0x0000, 0x0000, 0x0000, 0x0000, 0x0000, 0x0000,
  0x0000, 0x0841, 0x0861, 0x0000, 0x0000, 0x0000, 0x0000, 0x0000, 0x0000, 0x0000, 0x0000, 0x0000,
  0x0000, 0x0020, 0x0841, 0x0000, 0x0000, 0x0000, 0x0000, 0x0000, 0x0000, 0x0000, 0x0000, 0x0000,
  0x0000, 0x0000, 0x0000, 0x0000, 0x0020, 0x0020, 0x0020, 0x0020, 0x0000, 0x0000, 0x0000, 0x0000,
  0x0000, 0x0000, 0x0000, 0x0000, 0x0000, 0x0000, 0x0000, 0x0000, 0x0000, 0x0000, 0x0000, 0x0000,
  0x0000, 0x0000, 0x0000, 0x0000, 0x0000, 0x0000, 0x0000, 0x0000, 0x10A2, 0x0000, 0x0000, 0x0000,
  0x0000, 0x0020, 0x0841, 0x0000, 0x0000, 0x0000, 0x0000, 0x0020, 0x0841, 0x0000, 0x0000, 0x0000,
  0x0000, 0x0000, 0x0000, 0x0000, 0x0020, 0x0840, 0x0841, 0x0841, 0x0861, 0x0841, 0x0840, 0x0840,
  0x0820, 0x0820, 0x0020, 0x0840, 0x0841, 0x0861, 0x0861, 0x1061, 0x1061, 0x0840, 0x0840, 0x0840,
  0x0840, 0x0820, 0x0841, 0x0861, 0x0820, 0x0840, 0x0841, 0x0840, 0x0841, 0x1061, 0x1081, 0x0861,
  0x0840, 0x0861, 0x1061, 0x1081, 0x1061, 0x1061, 0x0841, 0x0840, 0x0841, 0x1081, 0x1061, 0x0840,
  0x1061, 0x0861, 0x0841, 0x0841, 0x0841, 0x0841, 0x0841, 0x0841, 0x0841, 0x0841, 0x0840, 0x0841,
  0x0841, 0x0840, 0x0841, 0x0841, 0x0840, 0x0840, 0x0841, 0x0840, 0x0840, 0x0840, 0x0840, 0x0840,
  0x0840, 0x0840, 0x0840, 0x0840, 0x0840, 0x0840, 0x0820, 0x0840, 0x0840, 0x0840, 0x0840, 0x0841,
  0x1081, 0x0820, 0x0840, 0x0820, 0x0820, 0x0820, 0x0841, 0x0841, 0x0820, 0x0840, 0x0841, 0x0840,
  0x0840, 0x0840, 0x0840, 0x0840, 0x0841, 0x0840, 0x0840, 0x0840, 0x0861, 0x0840, 0x0840, 0x0840,
  0x0820, 0x0820, 0x0820, 0x0820, 0x0841, 0x0840, 0x0820, 0x0820, 0x0820, 0x0820, 0x0840, 0x0840,
  0x0820, 0x0820, 0x0820, 0x0820, 0x0820, 0x0820, 0x0820, 0x0820, 0x0820, 0x0820, 0x0820, 0x0820,
  0x0020, 0x0820, 0x0000, 0x0020, 0x0820, 0x0820, 0x0820, 0x0820, 0x0820, 0x0000, 0x0820, 0x0820,
  0x0000, 0x0000, 0x0000, 0x0000, 0x0000, 0x0000, 0x0000, 0x0020, 0x0820, 0x0841, 0x0840, 0x0841,
  0x0840, 0x0841, 0x0861, 0x0881, 0x0881, 0x1082, 0x1082, 0x10A2, 0x10A2, 0x18C2, 0x18C2, 0x18E3,
  0x18E3, 0x18E3, 0x18E2, 0x1903, 0x2103, 0x1903, 0x2103, 0x2964, 0x3185, 0x31A5, 0x2123, 0x2123,
  0x2944, 0x2944, 0x3185, 0x2944, 0x2964, 0x2964, 0x3164, 0x3185, 0x3184, 0x3185, 0x39A5, 0x39A5,
  0x39C5, 0x39A5, 0x39A5, 0x39C6, 0x39C5, 0x4207, 0x5268, 0x5268, 0x5289, 0x4A27, 0x4206, 0x4207,
  0x4A27, 0x4A27, 0x4A48, 0x5268, 0x4A48, 0x4A48, 0x0861, 0x0000, 0x0000, 0x0000, 0x0000, 0x0000,
  0x0000, 0x0000, 0x0000, 0x0000, 0x0000, 0x0000, 0x0000, 0x0000, 0x0000, 0x0000, 0x0000, 0x0000,
  0x0000, 0x0000, 0x0000, 0x0000, 0x0000, 0x0000, 0x0000, 0x0020, 0x0000, 0x0000, 0x0000, 0x0000,
  0x0000, 0x0000, 0x0000, 0x0000, 0x0000, 0x0020, 0x0000, 0x0000, 0x0000, 0x0000, 0x0000, 0x0000,
  0x0000, 0x0000, 0x0000, 0x0000, 0x0000, 0x0000, 0x0000, 0x0000, 0x0000, 0x0000, 0x0000, 0x0000,
  0x0000, 0x0000, 0x0000, 0x0000, 0x0000, 0x0000, 0x0000, 0x0000, 0x0000, 0x0000, 0x0000, 0x0000,
  0x0000, 0x0000, 0x0841, 0x0020, 0x0000, 0x0000, 0x0000, 0x0000, 0x0020, 0x0020, 0x0000, 0x0000,
  0x0000, 0x0000, 0x0000, 0x0000, 0x0000, 0x0000, 0x0000, 0x0000, 0x0000, 0x0000, 0x0000, 0x0000,
  0x0000, 0x0000, 0x0000, 0x0000, 0x0000, 0x0000, 0x0000, 0x0000, 0x0000, 0x0841, 0x1082, 0x0000,
  0x0000, 0x0000, 0x0000, 0x0020, 0x0020, 0x0000, 0x0000, 0x0000, 0x0000, 0x0000, 0x0000, 0x0000,
  0x0000, 0x0840, 0x0820, 0x0820, 0x0840, 0x0841, 0x0861, 0x1081, 0x0861, 0x0841, 0x0841, 0x0841,
  0x1061, 0x1081, 0x1061, 0x1061, 0x1061, 0x0840, 0x0840, 0x0840, 0x0840, 0x0820, 0x0840, 0x0840,
  0x0840, 0x0840, 0x0841, 0x0841, 0x0841, 0x0861, 0x1081, 0x1061, 0x0861, 0x0861, 0x1081, 0x1061,
  0x0861, 0x1081, 0x0861, 0x0840, 0x0841, 0x1061, 0x1081, 0x0840, 0x1061, 0x0861, 0x0840, 0x0841,
  0x0840, 0x0841, 0x0841, 0x0841, 0x0841, 0x0861, 0x0840, 0x0841, 0x0840, 0x0840, 0x0841, 0x0840,
  0x0840, 0x0840, 0x0861, 0x0840, 0x0841, 0x0841, 0x0820, 0x10A2, 0x1061, 0x0861, 0x0861, 0x0841,
  0x1061, 0x1061, 0x0820, 0x0841, 0x0841, 0x0840, 0x0840, 0x0841, 0x1061, 0x0820, 0x0841, 0x0840,
  0x0820, 0x0820, 0x0841, 0x0841, 0x0820, 0x0820, 0x0840, 0x0841, 0x0840, 0x0840, 0x0840, 0x0840,
  0x0820, 0x0820, 0x0840, 0x0840, 0x0841, 0x0840, 0x0861, 0x1082, 0x0861, 0x0820, 0x0840, 0x0820,
  0x1061, 0x0840, 0x0820, 0x0820, 0x0820, 0x0820, 0x0840, 0x0841, 0x0820, 0x0820, 0x0820, 0x0820,
  0x0820, 0x0820, 0x0820, 0x0020, 0x0820, 0x0820, 0x0820, 0x0820, 0x0020, 0x0020, 0x0000, 0x0820,
  0x0820, 0x0820, 0x0820, 0x0820, 0x0820, 0x0000, 0x0820, 0x0820, 0x0000, 0x0000, 0x0000, 0x0000,
  0x0000, 0x0000, 0x0020, 0x0020, 0x0820, 0x0841, 0x0840, 0x0841, 0x0840, 0x0861, 0x0861, 0x0861,
  0x1082, 0x1082, 0x1081, 0x1082, 0x10A2, 0x10A2, 0x18E3, 0x18E3, 0x18C2, 0x18C2, 0x1903, 0x2103,
  0x18E3, 0x1903, 0x2123, 0x2964, 0x3185, 0x3185, 0x2123, 0x2144, 0x2123, 0x2964, 0x3184, 0x2944,
  0x2964, 0x2964, 0x3164, 0x3185, 0x3185, 0x3185, 0x39C5, 0x39A5, 0x39A5, 0x39A5, 0x39A5, 0x39C6,
  0x39C5, 0x4A27, 0x5268, 0x5268, 0x5289, 0x4A27, 0x4206, 0x4207, 0x4A27, 0x4A27, 0x4A48, 0x4A68,
  0x5269, 0x39E7, 0x0000, 0x0000, 0x0861, 0x0000, 0x0000, 0x0000, 0x0000, 0x0000, 0x0000, 0x0000,
  0x0000, 0x0000, 0x0000, 0x0000, 0x0000, 0x0000, 0x0000, 0x0000, 0x0000, 0x0000, 0x0000, 0x0000,
  0x0000, 0x0000, 0x0000, 0x0000, 0x0000, 0x0000, 0x0000, 0x0000, 0x0000, 0x0000, 0x0000, 0x0000,
  0x0000, 0x0000, 0x0000, 0x0000, 0x0000, 0x0000, 0x0000, 0x0000, 0x0000, 0x0000, 0x0000, 0x0000,
  0x0000, 0x0000, 0x0000, 0x0000, 0x0000, 0x0000, 0x0020, 0x0000, 0x0000, 0x0000, 0x0000, 0x0000,
  0x0000, 0x0000, 0x0000, 0x0000, 0x0000, 0x0000, 0x0000, 0x0000, 0x0000, 0x0000, 0x0000, 0x0000,
  0x0000, 0x0000, 0x0000, 0x0000, 0x0000, 0x0000, 0x0000, 0x0000, 0x0000, 0x0000, 0x0000, 0x0000,
  0x0000, 0x0000, 0x0000, 0x0000, 0x0000, 0x0000, 0x0000, 0x0000, 0x0000, 0x0000, 0x0000, 0x0000,
  0x0000, 0x0000, 0x0000, 0x0000, 0x0000, 0x0000, 0x0000, 0x0000, 0x0000, 0x0000, 0x0000, 0x0000,
  0x0000, 0x0000, 0x0000, 0x0000, 0x0000, 0x0000, 0x0000, 0x0000, 0x0000, 0x0820, 0x0840, 0x0820,
  0x0820, 0x0820, 0x0840, 0x0841, 0x0861, 0x0861, 0x1061, 0x1081, 0x0861, 0x1061, 0x1061, 0x1061,
  0x0861, 0x0841, 0x0840, 0x0840, 0x0840, 0x0840, 0x0820, 0x0840, 0x0840, 0x0861, 0x0840, 0x0840,
  0x0840, 0x0840, 0x1081, 0x1061, 0x1061, 0x1081, 0x10A2, 0x1081, 0x0861, 0x1081, 0x0861, 0x0841,
  0x0841, 0x0861, 0x1082, 0x0841, 0x0861, 0x0861, 0x0841, 0x0841, 0x0840, 0x0841, 0x0840, 0x0841,
  0x0841, 0x0841, 0x0840, 0x0840, 0x0841, 0x0840, 0x0841, 0x0841, 0x0840, 0x0840, 0x0861, 0x0841,
  0x0841, 0x0841, 0x0841, 0x0861, 0x0861, 0x0841, 0x0840, 0x0861, 0x1081, 0x0841, 0x0820, 0x0840,
  0x0841, 0x0840, 0x0841, 0x0840, 0x0841, 0x0840, 0x0841, 0x0820, 0x0840, 0x0820, 0x0841, 0x0841,
  0x0840, 0x0840, 0x0841, 0x0840, 0x0841, 0x0840, 0x0841, 0x0840, 0x0841, 0x0820, 0x0840, 0x0840,
  0x0820, 0x0840, 0x0840, 0x0840, 0x0840, 0x0820, 0x0820, 0x0841, 0x0820, 0x0820, 0x0840, 0x0820,
  0x0820, 0x0820, 0x0020, 0x0840, 0x0861, 0x0820, 0x0820, 0x0820, 0x0820, 0x0820, 0x0820, 0x0820,
  0x0820, 0x0820, 0x0820, 0x0820, 0x0020, 0x0020, 0x0020, 0x0020, 0x0820, 0x0820, 0x0820, 0x0820,
  0x0820, 0x0020, 0x0820, 0x0020, 0x0000, 0x0000, 0x0000, 0x0000, 0x0000, 0x0000, 0x0020, 0x0020,
  0x0820, 0x0840, 0x0840, 0x0840, 0x0840, 0x0861, 0x0861, 0x0881, 0x1082, 0x0861, 0x1081, 0x10A2,
  0x10A2, 0x10A2, 0x18E3, 0x18E3, 0x18C2, 0x18C2, 0x2103, 0x2103, 0x18E2, 0x18E3, 0x2124, 0x2964,
  0x3185, 0x2964, 0x2123, 0x2143, 0x2943, 0x2964, 0x2964, 0x2944, 0x3164, 0x2964, 0x3184, 0x3184,
  0x3164, 0x3185, 0x39A5, 0x31A5, 0x39A5, 0x39A5, 0x39A5, 0x39C6, 0x39C6, 0x4A48, 0x5268, 0x5268,
  0x5268, 0x4206, 0x4206, 0x4A07, 0x4207, 0x4A48, 0x5269, 0x5289, 0x5289, 0x2103, 0x0000, 0x0020,
  0x0020, 0x0000, 0x0000, 0x0000, 0x0000, 0x0000, 0x0000, 0x0000, 0x0000, 0x0000, 0x0000, 0x0000,
  0x0000, 0x0000, 0x0000, 0x0000, 0x0000, 0x0000, 0x0000, 0x0000, 0x0000, 0x0000, 0x0000, 0x0000,
  0x0000, 0x0000, 0x0000, 0x0000, 0x0000, 0x0000, 0x0000, 0x0000, 0x0000, 0x0000, 0x0000, 0x0000,
  0x0000, 0x0000, 0x0000, 0x0000, 0x0000, 0x0000, 0x0000, 0x0000, 0x0000, 0x0000, 0x0000, 0x0000,
  0x0000, 0x0000, 0x0000, 0x0000, 0x0000, 0x0000, 0x0000, 0x0000, 0x0000, 0x0000, 0x0000, 0x0000,
  0x0000, 0x0000, 0x0000, 0x0000, 0x0000, 0x0000, 0x0000, 0x0000, 0x0000, 0x0000, 0x0000, 0x0000,
  0x0000, 0x0000, 0x0000, 0x0000, 0x0020, 0x0020, 0x0000, 0x0000, 0x0000, 0x0000, 0x0000, 0x0000,
  0x0000, 0x0020, 0x0000, 0x0000, 0x0000, 0x0000, 0x0000, 0x0000, 0x0000, 0x0000, 0x0000, 0x0000,
  0x0000, 0x0000, 0x0000, 0x0000, 0x0000, 0x0000, 0x0000, 0x0000, 0x0000, 0x0000, 0x0000, 0x0000,
  0x0000, 0x0000, 0x0000, 0x0000, 0x0000, 0x0000, 0x0840, 0x0840, 0x0820, 0x0820, 0x0840, 0x0820,
  0x0841, 0x0840, 0x0020, 0x0840, 0x0840, 0x0841, 0x0841, 0x1081, 0x1061, 0x1061, 0x1082, 0x1082,
  0x0861, 0x1081, 0x1081, 0x10A2, 0x10A2, 0x10A2, 0x0841, 0x1061, 0x0861, 0x0840, 0x1081, 0x1081,
  0x0861, 0x1081, 0x1081, 0x1081, 0x1081, 0x1061, 0x1061, 0x0841, 0x1081, 0x1061, 0x1061, 0x0861,
  0x0841, 0x1061, 0x0861, 0x0841, 0x0841, 0x0841, 0x0841, 0x0841, 0x0841, 0x0841, 0x0861, 0x0840,
  0x0861, 0x0861, 0x0841, 0x0841, 0x0840, 0x0840, 0x0841, 0x0840, 0x0840, 0x0861, 0x0861, 0x0861,
  0x0861, 0x0841, 0x0861, 0x1061, 0x0861, 0x0840, 0x0820, 0x0841, 0x0841, 0x0840, 0x0841, 0x0840,
  0x0840, 0x0840, 0x0841, 0x0840, 0x0840, 0x0820, 0x0841, 0x0841, 0x0840, 0x0840, 0x0841, 0x0841,
  0x0841, 0x0841, 0x0840, 0x0840, 0x0840, 0x0840, 0x0820, 0x0841, 0x0841, 0x0840, 0x0840, 0x0840,
  0x0840, 0x0841, 0x0840, 0x0841, 0x1061, 0x0841, 0x0820, 0x0820, 0x0820, 0x0820, 0x0820, 0x0840,
  0x0820, 0x0820, 0x0820, 0x0820, 0x0820, 0x0820, 0x0820, 0x0020, 0x0820, 0x0820, 0x0820, 0x0820,
  0x0020, 0x0820, 0x0020, 0x0820, 0x0820, 0x0820, 0x0820, 0x0820, 0x0820, 0x0820, 0x0820, 0x0020,
  0x0000, 0x0000, 0x0000, 0x0000, 0x0000, 0x0000, 0x0020, 0x0820, 0x0840, 0x0840, 0x0840, 0x0840,
  0x0841, 0x0861, 0x0861, 0x0861, 0x1082, 0x0861, 0x1081, 0x10A2, 0x10A2, 0x10A2, 0x10C2, 0x1903,
  0x18C2, 0x18C2, 0x18C2, 0x18E3, 0x18E3, 0x1903, 0x2144, 0x2984, 0x3185, 0x2944, 0x2123, 0x2123,
  0x2143, 0x3185, 0x2944, 0x2964, 0x2964, 0x3164, 0x3185, 0x3164, 0x3164, 0x3185, 0x3185, 0x3185,
  0x3185, 0x3184, 0x39A5, 0x39C5, 0x41E6, 0x5268, 0x5248, 0x5268, 0x4A28, 0x4A27, 0x4A48, 0x5268,
  0x5268, 0x4A68, 0x4A48, 0x5268, 0x4A28, 0x0820, 0x0000, 0x0000, 0x0000, 0x0000, 0x0000, 0x0000,
  0x0000, 0x0000, 0x0000, 0x0000, 0x0000, 0x0000, 0x0000, 0x0000, 0x0000, 0x0000, 0x0000, 0x0000,
  0x0000, 0x0000, 0x0000, 0x0000, 0x0000, 0x0000, 0x0000, 0x0000, 0x0000, 0x0000, 0x0000, 0x0000,
  0x0000, 0x0000, 0x0000, 0x0000, 0x0020, 0x0000, 0x0000, 0x0000, 0x0000, 0x0000, 0x0000, 0x0000,
  0x0000, 0x0000, 0x0000, 0x0000, 0x0000, 0x0000, 0x0000, 0x0000, 0x0000, 0x0000, 0x0000, 0x0000,
  0x0000, 0x0000, 0x0000, 0x0000, 0x0000, 0x0000, 0x0000, 0x0000, 0x0000, 0x0000, 0x0000, 0x0000,
  0x0000, 0x0841, 0x0020, 0x0000, 0x0000, 0x0000, 0x0000, 0x0000, 0x0000, 0x0000, 0x0000, 0x0000,
  0x0000, 0x0000, 0x0000, 0x0000, 0x0000, 0x0000, 0x0000, 0x0000, 0x0000, 0x0841, 0x0000, 0x0000,
  0x0000, 0x0000, 0x0000, 0x0000, 0x0000, 0x0000, 0x0000, 0x0000, 0x0000, 0x0000, 0x0000, 0x0000,
  0x0000, 0x0000, 0x0000, 0x0000, 0x0000, 0x0000, 0x0000, 0x0000, 0x0000, 0x0000, 0x0000, 0x0000,
  0x0000, 0x0000, 0x0820, 0x0840, 0x0840, 0x0820, 0x0840, 0x0840, 0x0840, 0x0840, 0x0840, 0x0840,
  0x0840, 0x0841, 0x0841, 0x1061, 0x0861, 0x0841, 0x0861, 0x1061, 0x0840, 0x0840, 0x0841, 0x0861,
  0x1061, 0x1061, 0x0861, 0x1082, 0x1081, 0x1081, 0x18A2, 0x1081, 0x0861, 0x1081, 0x1061, 0x0861,
  0x1061, 0x1081, 0x1061, 0x0841, 0x1061, 0x0861, 0x0841, 0x0840, 0x0840, 0x1081, 0x0861, 0x0840,
  0x0840, 0x0840, 0x0840, 0x0840, 0x0861, 0x1081, 0x0841, 0x0820, 0x0841, 0x0841, 0x0841, 0x0840,
  0x0841, 0x0840, 0x0861, 0x10A2, 0x1081, 0x0840, 0x0841, 0x0861, 0x0840, 0x0840, 0x0840, 0x0841,
  0x0841, 0x0861, 0x0820, 0x0841, 0x0841, 0x0840, 0x0841, 0x0841, 0x0841, 0x0840, 0x0841, 0x0840,
  0x0840, 0x0840, 0x0841, 0x0841, 0x0840, 0x0840, 0x0841, 0x0841, 0x0840, 0x0841, 0x0841, 0x0840,
  0x0840, 0x0840, 0x0840, 0x0841, 0x0841, 0x0840, 0x0840, 0x0840, 0x0841, 0x0861, 0x0840, 0x0020,
  0x0840, 0x0840, 0x0841, 0x0820, 0x0820, 0x0820, 0x0820, 0x0841, 0x0820, 0x0820, 0x0820, 0x0820,
  0x0820, 0x0820, 0x0820, 0x0020, 0x0820, 0x0820, 0x0820, 0x0020, 0x0020, 0x0820, 0x0820, 0x0020,
  0x0820, 0x0820, 0x0820, 0x0820, 0x0820, 0x0820, 0x0820, 0x0020, 0x0000, 0x0000, 0x0000, 0x0000,
  0x0000, 0x0020, 0x0020, 0x0820, 0x0840, 0x0840, 0x0840, 0x0840, 0x0840, 0x0861, 0x0861, 0x0861,
  0x1081, 0x1061, 0x1081, 0x1082, 0x10A2, 0x10A2, 0x18C2, 0x18C2, 0x18C2, 0x18C2, 0x18E3, 0x18E3,
  0x18E3, 0x2103, 0x2944, 0x2984, 0x3185, 0x2123, 0x2123, 0x2123, 0x2943, 0x3184, 0x2944, 0x2944,
  0x2964, 0x2964, 0x3185, 0x3184, 0x3185, 0x39C5, 0x39C6, 0x41E6, 0x4207, 0x4207, 0x4206, 0x4207,
  0x4A27, 0x4A27, 0x4A48, 0x5268, 0x4A48, 0x4A27, 0x4A48, 0x4A27, 0x4207, 0x4A07, 0x4A27, 0x5289,
  0x3165, 0x0000, 0x0000, 0x0000, 0x0000, 0x0000, 0x0000, 0x0000, 0x0000, 0x0000, 0x0000, 0x0000,
  0x0000, 0x0000, 0x0000, 0x0000, 0x0000, 0x0000, 0x0000, 0x0000, 0x0000, 0x0000, 0x0841, 0x0020,
  0x0000, 0x0000, 0x0000, 0x0000, 0x0000, 0x0000, 0x0000, 0x0000, 0x0000, 0x0000, 0x0000, 0x0000,
  0x0000, 0x0000, 0x0000, 0x0000, 0x0000, 0x0000, 0x0000, 0x0000, 0x0000, 0x0000, 0x0000, 0x0000,
  0x0000, 0x0000, 0x0000, 0x0000, 0x0000, 0x0000, 0x0000, 0x0000, 0x0000, 0x0841, 0x0000, 0x0000,
  0x0000, 0x0000, 0x0000, 0x0000, 0x0000, 0x0000, 0x0000, 0x0000, 0x0000, 0x0020, 0x0000, 0x0000,
  0x0000, 0x0000, 0x0000, 0x0000, 0x0000, 0x0000, 0x0000, 0x0000, 0x0000, 0x0000, 0x0000, 0x0000,
  0x0000, 0x0000, 0x0000, 0x0000, 0x0000, 0x0000, 0x0000, 0x0000, 0x0000, 0x0000, 0x0000, 0x0000,
  0x0000, 0x0000, 0x0000, 0x0000, 0x0000, 0x0000, 0x0000, 0x0000, 0x0000, 0x0000, 0x0000, 0x0000,
  0x0000, 0x0000, 0x0000, 0x0000, 0x0000, 0x0000, 0x0000, 0x0000, 0x0000, 0x0000, 0x0020, 0x0840,
  0x0820, 0x0820, 0x0840, 0x0840, 0x0840, 0x0840, 0x0840, 0x0820, 0x0840, 0x0861, 0x0861, 0x0840,
  0x0840, 0x0841, 0x0841, 0x1061, 0x0841, 0x0840, 0x0840, 0x0861, 0x0841, 0x0841, 0x0840, 0x0840,
  0x0840, 0x0840, 0x0861, 0x0840, 0x0840, 0x0861, 0x0861, 0x0861, 0x0861, 0x10A2, 0x1082, 0x1081,
  0x1061, 0x1081, 0x1081, 0x0861, 0x0841, 0x0861, 0x0841, 0x1061, 0x1081, 0x1081, 0x1081, 0x1061,
  0x0861, 0x1061, 0x0861, 0x0861, 0x0841, 0x0840, 0x0841, 0x0840, 0x0840, 0x0820, 0x0840, 0x1082,
  0x1081, 0x0840, 0x0840, 0x1061, 0x0840, 0x0840, 0x0840, 0x0840, 0x0841, 0x0861, 0x0840, 0x0840,
  0x0841, 0x0840, 0x0841, 0x0841, 0x0841, 0x0841, 0x0841, 0x0840, 0x0841, 0x0840, 0x0841, 0x0841,
  0x0840, 0x0840, 0x0841, 0x0841, 0x0840, 0x0841, 0x0841, 0x0840, 0x0840, 0x0840, 0x0840, 0x0820,
  0x0820, 0x0840, 0x0840, 0x0840, 0x0820, 0x0841, 0x0861, 0x0820, 0x0820, 0x0840, 0x0861, 0x0840,
  0x0820, 0x0820, 0x0020, 0x0820, 0x0820, 0x0020, 0x0820, 0x0820, 0x0820, 0x0820, 0x0820, 0x0820,
  0x0820, 0x0820, 0x0820, 0x0820, 0x0820, 0x0020, 0x0000, 0x0820, 0x0820, 0x0820, 0x0820, 0x0820,
  0x0820, 0x0820, 0x0820, 0x0000, 0x0000, 0x0000, 0x0020, 0x0020, 0x0820, 0x0020, 0x0020, 0x0820,
  0x0840, 0x0841, 0x0840, 0x0840, 0x0841, 0x0861, 0x0861, 0x0861, 0x0861, 0x0861, 0x0861, 0x1081,
  0x1082, 0x1081, 0x18E2, 0x10C2, 0x10A2, 0x10C2, 0x18E2, 0x18C2, 0x18E2, 0x1903, 0x2964, 0x2964,
  0x2964, 0x2123, 0x2943, 0x2923, 0x2944, 0x31A5, 0x3185, 0x39A5, 0x39C5, 0x39C6, 0x39C6, 0x39C6,
  0x41E6, 0x41E6, 0x41E6, 0x41E6, 0x41E6, 0x41E6, 0x39C6, 0x41E6, 0x39E6, 0x39C5, 0x41E6, 0x4A27,
  0x41E6, 0x41E6, 0x4A27, 0x4A27, 0x4A27, 0x4A27, 0x4A48, 0x5268, 0x10A2, 0x0000, 0x0000, 0x0000,
  0x0000, 0x0000, 0x0841, 0x0020, 0x0000, 0x0000, 0x0000, 0x0000, 0x0000, 0x0000, 0x0000, 0x0000,
  0x0000, 0x0000, 0x0000, 0x0000, 0x0000, 0x0000, 0x0020, 0x0000, 0x0000, 0x0000, 0x0000, 0x0000,
  0x0000, 0x0000, 0x0000, 0x0000, 0x0000, 0x0000, 0x0000, 0x0020, 0x0000, 0x0000, 0x0000, 0x0000,
  0x0000, 0x0000, 0x0000, 0x0000, 0x0000, 0x0000, 0x0000, 0x0000, 0x0000, 0x0000, 0x0000, 0x0000,
  0x0000, 0x0000, 0x0000, 0x0000, 0x0000, 0x0020, 0x0000, 0x0000, 0x0000, 0x0000, 0x0000, 0x0000,
  0x0000, 0x0000, 0x0000, 0x0000, 0x0000, 0x0000, 0x0000, 0x0000, 0x0841, 0x0861, 0x0000, 0x0000,
  0x0000, 0x0000, 0x0000, 0x0000, 0x0000, 0x0000, 0x0000, 0x0000, 0x0000, 0x0000, 0x0000, 0x0000,
  0x0000, 0x0000, 0x0000, 0x0000, 0x0000, 0x0000, 0x0000, 0x0000, 0x0000, 0x0000, 0x0000, 0x0000,
  0x0000, 0x0000, 0x0000, 0x0000, 0x0000, 0x0000, 0x0000, 0x0000, 0x0000, 0x0000, 0x0020, 0x0020,
  0x0000, 0x0000, 0x0000, 0x0000, 0x0000, 0x0000, 0x0000, 0x0820, 0x0820, 0x0820, 0x0840, 0x0841,
  0x0840, 0x0840, 0x0840, 0x0840, 0x0840, 0x0840, 0x0861, 0x0841, 0x0841, 0x0841, 0x0841, 0x0861,
  0x0861, 0x0841, 0x0840, 0x0840, 0x0840, 0x0841, 0x0840, 0x0841, 0x0840, 0x0840, 0x0861, 0x0861,
  0x0840, 0x0840, 0x0840, 0x0840, 0x0841, 0x0841, 0x0861, 0x0841, 0x0861, 0x0841, 0x0841, 0x0841,
  0x0841, 0x0840, 0x0841, 0x0841, 0x0861, 0x1061, 0x1081, 0x1061, 0x1061, 0x1081, 0x1081, 0x1081,
  0x1081, 0x10A2, 0x1082, 0x1081, 0x0861, 0x1061, 0x0861, 0x1082, 0x1082, 0x0861, 0x0841, 0x1061,
  0x0861, 0x0861, 0x1082, 0x1061, 0x0861, 0x0861, 0x0840, 0x0840, 0x0841, 0x0841, 0x0840, 0x0841,
  0x0841, 0x0820, 0x0840, 0x0820, 0x0840, 0x0820, 0x0841, 0x0841, 0x0820, 0x0820, 0x0840, 0x0861,
  0x0841, 0x0840, 0x0841, 0x0840, 0x0840, 0x0840, 0x0820, 0x0840, 0x0840, 0x0840, 0x0840, 0x0840,
  0x0820, 0x0841, 0x0820, 0x0820, 0x0820, 0x0820, 0x0861, 0x0820, 0x0820, 0x0820, 0x1081, 0x0820,
  0x0840, 0x0840, 0x0820, 0x0820, 0x0820, 0x0820, 0x0820, 0x0820, 0x0840, 0x0020, 0x0820, 0x0020,
  0x0020, 0x0020, 0x0000, 0x0020, 0x0820, 0x0820, 0x0820, 0x0820, 0x0820, 0x0020, 0x0820, 0x0020,
  0x0000, 0x0000, 0x0020, 0x0000, 0x0020, 0x0000, 0x0020, 0x0820, 0x0840, 0x0820, 0x0840, 0x0841,
  0x0841, 0x0861, 0x0861, 0x1081, 0x1082, 0x1081, 0x0881, 0x1082, 0x10A2, 0x10A2, 0x18E3, 0x18E2,
  0x18E3, 0x1903, 0x2103, 0x2103, 0x2103, 0x2944, 0x2964, 0x2964, 0x2964, 0x2964, 0x2964, 0x3184,
  0x3164, 0x3164, 0x3185, 0x39C6, 0x39C6, 0x41E6, 0x3185, 0x3184, 0x39A5, 0x3184, 0x3164, 0x3184,
  0x3185, 0x39A5, 0x39A5, 0x39C5, 0x39C5, 0x39C6, 0x4207, 0x4A27, 0x41E6, 0x4206, 0x4A27, 0x4207,
  0x4A27, 0x4A07, 0x5268, 0x39C6, 0x0000, 0x0000, 0x0000, 0x0000, 0x0000, 0x0000, 0x0020, 0x0020,
  0x0000, 0x0000, 0x0000, 0x0000, 0x0000, 0x0000, 0x0000, 0x0000, 0x0000, 0x0000, 0x0000, 0x0000,
  0x0000, 0x0000, 0x0000, 0x0000, 0x0000, 0x0000, 0x0000, 0x0000, 0x0000, 0x0000, 0x0000, 0x0000,
  0x0000, 0x0000, 0x0000, 0x0000, 0x0000, 0x0000, 0x0000, 0x0000, 0x0000, 0x0000, 0x0000, 0x0000,
  0x0000, 0x0000, 0x0000, 0x0000, 0x0000, 0x0000, 0x0000, 0x0000, 0x0000, 0x0000, 0x0000, 0x0000,
  0x0000, 0x0000, 0x0000, 0x0000, 0x0000, 0x0000, 0x0000, 0x0000, 0x0000, 0x0000, 0x0000, 0x0000,
  0x0020, 0x0841, 0x0000, 0x0000, 0x0020, 0x0020, 0x0000, 0x0000, 0x0000, 0x0000, 0x0000, 0x0000,
  0x0000, 0x0000, 0x0000, 0x0000, 0x0000, 0x0000, 0x0000, 0x0000, 0x0000, 0x0000, 0x0000, 0x0000,
  0x0000, 0x0000, 0x0000, 0x0000, 0x0000, 0x0000, 0x0000, 0x0000, 0x0000, 0x0000, 0x0000, 0x0000,
  0x0000, 0x0000, 0x0000, 0x0000, 0x0000, 0x0000, 0x0000, 0x0000, 0x0000, 0x0000, 0x0000, 0x0000,
  0x0000, 0x0000, 0x0000, 0x0000, 0x0840, 0x0820, 0x0820, 0x0840, 0x0840, 0x0840, 0x0840, 0x0840,
  0x0840, 0x0841, 0x0861, 0x0841, 0x0841, 0x0840, 0x0841, 0x0861, 0x1061, 0x0861, 0x0841, 0x0840,
  0x0841, 0x0861, 0x0841, 0x0841, 0x0841, 0x0840, 0x0841, 0x0861, 0x0840, 0x0841, 0x0841, 0x0861,
  0x0861, 0x0861, 0x0841, 0x0861, 0x0861, 0x0861, 0x0861, 0x0840, 0x0840, 0x0820, 0x0820, 0x0820,
  0x0820, 0x0820, 0x0820, 0x0840, 0x1082, 0x0841, 0x1061, 0x0861, 0x1061, 0x0861, 0x0840, 0x0841,
  0x0861, 0x0861, 0x0840, 0x0861, 0x0861, 0x0861, 0x0861, 0x1061, 0x1081, 0x1081, 0x10A2, 0x1081,
  0x1081, 0x1081, 0x0841, 0x0841, 0x0841, 0x0841, 0x1082, 0x0841, 0x1061, 0x10A2, 0x0841, 0x1082,
  0x1081, 0x0861, 0x0861, 0x0861, 0x1081, 0x1061, 0x0841, 0x0840, 0x0841, 0x0841, 0x0840, 0x0841,
  0x1081, 0x0861, 0x0841, 0x1061, 0x0840, 0x1081, 0x0861, 0x1061, 0x0840, 0x1061, 0x0841, 0x0840,
  0x0840, 0x0841, 0x0841, 0x0820, 0x0820, 0x0820, 0x1081, 0x0820, 0x1061, 0x1061, 0x0820, 0x0820,
  0x0820, 0x0820, 0x0020, 0x0861, 0x1081, 0x0020, 0x0820, 0x0820, 0x0820, 0x0820, 0x0820, 0x0820,
  0x0820, 0x0820, 0x0861, 0x0820, 0x0820, 0x0020, 0x0820, 0x0820, 0x0000, 0x0000, 0x0020, 0x0020,
  0x0000, 0x0020, 0x0020, 0x0840, 0x0841, 0x0840, 0x0841, 0x1061, 0x1061, 0x10A1, 0x1081, 0x10A1,
  0x10A2, 0x18C2, 0x10C2, 0x18C2, 0x18C2, 0x18E3, 0x1903, 0x18E3, 0x18E3, 0x1903, 0x1903, 0x2123,
  0x2103, 0x2123, 0x2103, 0x2103, 0x2123, 0x2123, 0x2123, 0x2143, 0x2943, 0x2943, 0x3184, 0x39C6,
  0x39C5, 0x39C5, 0x3164, 0x3185, 0x3185, 0x3185, 0x3185, 0x3185, 0x39A5, 0x39A5, 0x39A5, 0x39C5,
  0x39C5, 0x39C6, 0x4A27, 0x4206, 0x41E6, 0x4207, 0x4A07, 0x4207, 0x4A07, 0x4A27, 0x5269, 0x20E3,
  0x0000, 0x0000, 0x0000, 0x0000, 0x0000, 0x0000, 0x0000, 0x0000, 0x0000, 0x0000, 0x0000, 0x0000,
  0x0000, 0x0000, 0x0000, 0x0000, 0x0000, 0x0000, 0x0000, 0x0000, 0x0000, 0x0000, 0x0000, 0x0000,
  0x0000, 0x0000, 0x0000, 0x0000, 0x0000, 0x0000, 0x0000, 0x0000, 0x0000, 0x0000, 0x0000, 0x0000,
  0x0000, 0x0000, 0x0000, 0x0000, 0x0000, 0x0000, 0x0000, 0x0000, 0x0000, 0x0000, 0x0000, 0x0000,
  0x0000, 0x0000, 0x0000, 0x0000, 0x0000, 0x0000, 0x0000, 0x0000, 0x0000, 0x0000, 0x0000, 0x0000,
  0x0000, 0x0000, 0x0000, 0x0000, 0x0000, 0x0000, 0x0000, 0x0020, 0x1082, 0x0861, 0x0000, 0x0000,
  0x0000, 0x0020, 0x0000, 0x0000, 0x0000, 0x0000, 0x0000, 0x0000, 0x0000, 0x0000, 0x0000, 0x0000,
  0x0000, 0x0000, 0x0000, 0x0000, 0x0000, 0x0000, 0x0000, 0x0000, 0x0000, 0x0000, 0x0000, 0x0000,
  0x0000, 0x0000, 0x0000, 0x0000, 0x0000, 0x0000, 0x0000, 0x0000, 0x0000, 0x0000, 0x0000, 0x0000,
  0x0000, 0x0000, 0x0841, 0x0841, 0x0000, 0x0000, 0x0000, 0x0000, 0x0000, 0x0000, 0x0000, 0x0000,
  0x0020, 0x0840, 0x0820, 0x0840, 0x0840, 0x0840, 0x0840, 0x0840, 0x0840, 0x0840, 0x0841, 0x0841,
  0x0841, 0x0841, 0x0841, 0x0840, 0x1061, 0x0841, 0x0840, 0x0840, 0x0840, 0x0841, 0x0840, 0x0841,
  0x0861, 0x0840, 0x0841, 0x0861, 0x0840, 0x0841, 0x0841, 0x0840, 0x0841, 0x0841, 0x0861, 0x0861,
  0x0840, 0x0840, 0x0841, 0x0840, 0x0840, 0x0840, 0x0840, 0x0840, 0x0840, 0x0840, 0x0841, 0x0820,
  0x1061, 0x1061, 0x0840, 0x0841, 0x0841, 0x0861, 0x0840, 0x0840, 0x0841, 0x0820, 0x0840, 0x0840,
  0x0840, 0x0840, 0x0840, 0x0861, 0x0841, 0x1061, 0x0840, 0x0841, 0x0840, 0x0840, 0x0841, 0x0841,
  0x0841, 0x0840, 0x0861, 0x0840, 0x0820, 0x0861, 0x0841, 0x0841, 0x0861, 0x0841, 0x0841, 0x0841,
  0x0841, 0x0841, 0x0841, 0x0840, 0x0840, 0x0841, 0x0840, 0x0820, 0x0841, 0x0840, 0x0841, 0x0840,
  0x0840, 0x0841, 0x0840, 0x0840, 0x0841, 0x0841, 0x0841, 0x0841, 0x0841, 0x0841, 0x0840, 0x0820,
  0x0820, 0x0820, 0x0820, 0x0820, 0x0820, 0x0820, 0x1061, 0x0840, 0x0820, 0x0820, 0x0820, 0x0861,
  0x0820, 0x0820, 0x0820, 0x0820, 0x0820, 0x0820, 0x0020, 0x0000, 0x0820, 0x0820, 0x0820, 0x0820,
  0x0820, 0x0820, 0x0020, 0x0000, 0x0000, 0x0000, 0x0000, 0x0840, 0x0841, 0x0840, 0x0020, 0x0820,
  0x0820, 0x0820, 0x0820, 0x1061, 0x0840, 0x0841, 0x0861, 0x0840, 0x0841, 0x1081, 0x0861, 0x1081,
  0x10A2, 0x18C2, 0x18C2, 0x10A2, 0x10C2, 0x18C2, 0x10C2, 0x18E2, 0x18E2, 0x2103, 0x1903, 0x2103,
  0x2123, 0x2123, 0x2123, 0x2944, 0x2944, 0x2944, 0x31A5, 0x39C6, 0x41E6, 0x39A5, 0x2964, 0x31A5,
  0x3185, 0x3184, 0x3185, 0x3185, 0x39A5, 0x39A5, 0x39C5, 0x39C5, 0x39C6, 0x41E6, 0x4A27, 0x39C5,
  0x41E6, 0x4A27, 0x4207, 0x4207, 0x4A07, 0x4A48, 0x4207, 0x0020, 0x0000, 0x0000, 0x0000, 0x0000,
  0x0000, 0x0000, 0x0000, 0x0000, 0x0000, 0x0000, 0x0000, 0x0000, 0x0000, 0x0000, 0x0000, 0x0000,
  0x0000, 0x0000, 0x0000, 0x0000, 0x0000, 0x0000, 0x0020, 0x0000, 0x0000, 0x0000, 0x0000, 0x0000,
  0x0000, 0x0000, 0x0000, 0x0000, 0x0000, 0x0000, 0x0000, 0x0000, 0x0000, 0x0000, 0x0000, 0x0000,
  0x0000, 0x0000, 0x0000, 0x0000, 0x0000, 0x0000, 0x0000, 0x0000, 0x0000, 0x0000, 0x0000, 0x0000,
  0x0000, 0x0000, 0x0000, 0x0000, 0x0000, 0x0000, 0x0000, 0x0000, 0x0000, 0x0000, 0x0000, 0x0000,
  0x0000, 0x0000, 0x0000, 0x0000, 0x0000, 0x0000, 0x0000, 0x0000, 0x0000, 0x0841, 0x0020, 0x0000,
  0x0000, 0x0000, 0x0000, 0x0000, 0x0000, 0x0000, 0x0000, 0x0020, 0x0000, 0x0000, 0x0000, 0x0000,
  0x0000, 0x0000, 0x0841, 0x0000, 0x0841, 0x0020, 0x0000, 0x0000, 0x0000, 0x0000, 0x0000, 0x0000,
  0x0000, 0x0000, 0x0000, 0x0000, 0x0000, 0x0000, 0x0000, 0x0000, 0x0000, 0x0000, 0x0000, 0x0000,
  0x0000, 0x0000, 0x0000, 0x0000, 0x0000, 0x0020, 0x0020, 0x0000, 0x0000, 0x0840, 0x0820, 0x0820,
  0x0840, 0x0820, 0x0840, 0x0840, 0x0840, 0x0840, 0x0840, 0x0841, 0x0840, 0x0841, 0x0841, 0x1061,
  0x0840, 0x0861, 0x0840, 0x0820, 0x0840, 0x0841, 0x0841, 0x0841, 0x0861, 0x0840, 0x0840, 0x0861,
  0x0840, 0x0840, 0x0841, 0x0840, 0x0840, 0x0841, 0x0861, 0x0861, 0x0841, 0x0861, 0x0861, 0x0840,
  0x0840, 0x0840, 0x0840, 0x0840, 0x0840, 0x0820, 0x0861, 0x0841, 0x0840, 0x0840, 0x0840, 0x0841,
  0x0841, 0x0861, 0x0841, 0x0840, 0x0840, 0x1081, 0x0841, 0x0861, 0x0840, 0x0840, 0x0840, 0x0840,
  0x0861, 0x1061, 0x0861, 0x0861, 0x0841, 0x0861, 0x0841, 0x0841, 0x0840, 0x0841, 0x0861, 0x0840,
  0x0820, 0x0840, 0x0841, 0x0840, 0x0820, 0x0841, 0x0841, 0x0840, 0x0840, 0x0840, 0x0840, 0x0841,
  0x0840, 0x0841, 0x0840, 0x0840, 0x0840, 0x0840, 0x0820, 0x0841, 0x0840, 0x0840, 0x0841, 0x0841,
  0x0840, 0x0840, 0x0841, 0x1061, 0x0840, 0x0820, 0x0820, 0x0820, 0x0820, 0x0820, 0x0820, 0x0820,
  0x0820, 0x0820, 0x0820, 0x0820, 0x0820, 0x0840, 0x0820, 0x0820, 0x0820, 0x0820, 0x0020, 0x0841,
  0x0820, 0x0000, 0x0820, 0x1061, 0x0820, 0x0820, 0x0840, 0x0840, 0x0820, 0x0820, 0x0820, 0x0000,
  0x0000, 0x0000, 0x0000, 0x0000, 0x0820, 0x0820, 0x0820, 0x0841, 0x0020, 0x0820, 0x0820, 0x0861,
  0x1061, 0x1081, 0x0861, 0x1081, 0x0861, 0x1081, 0x1081, 0x1081, 0x10A2, 0x18E3, 0x10A2, 0x10A2,
  0x18C2, 0x18E3, 0x18E3, 0x18E3, 0x18E2, 0x1903, 0x2103, 0x2103, 0x2103, 0x2123, 0x2943, 0x2944,
  0x2944, 0x2964, 0x39A5, 0x39C5, 0x39C5, 0x3184, 0x3164, 0x3185, 0x3185, 0x3185, 0x3184, 0x3185,
  0x39A5, 0x39A5, 0x39C5, 0x39A5, 0x39C5, 0x4207, 0x41E6, 0x39A5, 0x41E6, 0x4A27, 0x4206, 0x4207,
  0x4A07, 0x5268, 0x2124, 0x0000, 0x0000, 0x0000, 0x0000, 0x0000, 0x0000, 0x0000, 0x0000, 0x0000,
  0x0000, 0x0000, 0x0000, 0x0861, 0x0841, 0x0000, 0x0000, 0x0000, 0x0000, 0x0000, 0x0000, 0x0000,
  0x0000, 0x0000, 0x0000, 0x0000, 0x0000, 0x0000, 0x0000, 0x0000, 0x0000, 0x0000, 0x0000, 0x0000,
  0x0000, 0x0000, 0x0000, 0x0000, 0x0000, 0x0000, 0x0000, 0x0000, 0x0000, 0x0000, 0x0000, 0x0000,
  0x0000, 0x0000, 0x0000, 0x0000, 0x0000, 0x0000, 0x0000, 0x0000, 0x0000, 0x0000, 0x0000, 0x0000,
  0x0000, 0x0000, 0x0000, 0x0000, 0x0000, 0x0000, 0x0000, 0x0000, 0x0000, 0x0000, 0x0000, 0x0000,
  0x0000, 0x0000, 0x0000, 0x0000, 0x0000, 0x0000, 0x0000, 0x0000, 0x0000, 0x0000, 0x0000, 0x0000,
  0x0000, 0x0000, 0x0000, 0x0000, 0x0000, 0x0000, 0x0000, 0x0000, 0x0000, 0x0000, 0x0020, 0x0000,
  0x0020, 0x0020, 0x0000, 0x0000, 0x0841, 0x0000, 0x0000, 0x0000, 0x0000, 0x0000, 0x0000, 0x0000,
  0x0000, 0x0000, 0x0000, 0x0000, 0x0000, 0x0000, 0x0000, 0x0000, 0x0000, 0x0000, 0x0000, 0x0000,
  0x0000, 0x0000, 0x0020, 0x0000, 0x0000, 0x0020, 0x0840, 0x0820, 0x0820, 0x0840, 0x0840, 0x0840,
  0x0840, 0x0840, 0x0840, 0x0841, 0x0841, 0x0840, 0x10A2, 0x18C2, 0x1081, 0x1061, 0x0860, 0x1061,
  0x0841, 0x0841, 0x0861, 0x0840, 0x0841, 0x0841, 0x0840, 0x0841, 0x0841, 0x0841, 0x0841, 0x0841,
  0x0841, 0x0841, 0x0861, 0x0861, 0x0841, 0x0841, 0x0861, 0x0841, 0x0840, 0x0840, 0x0840, 0x0840,
  0x0840, 0x0820, 0x0840, 0x0840, 0x0840, 0x0820, 0x0841, 0x0841, 0x0820, 0x0861, 0x0841, 0x0820,
  0x0841, 0x0841, 0x0841, 0x0861, 0x0840, 0x0840, 0x0840, 0x0841, 0x0861, 0x1061, 0x0861, 0x0840,
  0x0840, 0x0841, 0x0841, 0x0841, 0x0841, 0x0841, 0x0841, 0x0841, 0x0861, 0x0820, 0x1061, 0x0841,
  0x0840, 0x0841, 0x0841, 0x0840, 0x0841, 0x0841, 0x0841, 0x0841, 0x0820, 0x0840, 0x0820, 0x0840,
  0x0820, 0x0841, 0x0841, 0x0840, 0x0841, 0x0840, 0x0840, 0x0840, 0x0840, 0x0820, 0x0840, 0x0840,
  0x0840, 0x0820, 0x0820, 0x0820, 0x0820, 0x0820, 0x0820, 0x0820, 0x0820, 0x0820, 0x0820, 0x0840,
  0x0840, 0x0861, 0x0820, 0x0820, 0x0820, 0x0820, 0x0000, 0x1061, 0x0840, 0x0861, 0x0840, 0x0861,
  0x0820, 0x0820, 0x0840, 0x0820, 0x0820, 0x0820, 0x0020, 0x0000, 0x0000, 0x0000, 0x0000, 0x0000,
  0x0000, 0x0000, 0x0841, 0x0841, 0x0020, 0x0820, 0x0820, 0x0840, 0x0841, 0x0841, 0x0861, 0x0861,
  0x0861, 0x0861, 0x0861, 0x1081, 0x10A2, 0x18E3, 0x10A2, 0x10A2, 0x18C2, 0x1903, 0x2103, 0x18E2,
  0x18E2, 0x1903, 0x2103, 0x2103, 0x2123, 0x2123, 0x2943, 0x2943, 0x2944, 0x3164, 0x39C5, 0x39C5,
  0x39C5, 0x2964, 0x3185, 0x3185, 0x3184, 0x3184, 0x3185, 0x39A5, 0x39A5, 0x39A5, 0x39C5, 0x39C5,
  0x39C5, 0x4A27, 0x39C6, 0x39C6, 0x4207, 0x4206, 0x4206, 0x4207, 0x4A47, 0x4207, 0x0840, 0x0000,
  0x0000, 0x0000, 0x0000, 0x0000, 0x0000, 0x0000, 0x0000, 0x0000, 0x0000, 0x0000, 0x0000, 0x0000,
  0x0000, 0x0000, 0x0000, 0x0000, 0x0000, 0x0000, 0x0020, 0x0020, 0x0000, 0x0000, 0x0000, 0x0000,
  0x0000, 0x0000, 0x0000, 0x0000, 0x0000, 0x0000, 0x0000, 0x0000, 0x0020, 0x0000, 0x0000, 0x0000,
  0x0000, 0x0000, 0x0000, 0x0000, 0x0000, 0x0000, 0x0000, 0x0000, 0x0000, 0x0000, 0x0000, 0x1082,
  0x39C7, 0x0821, 0x0000, 0x0000, 0x0000, 0x0000, 0x0000, 0x0000, 0x0000, 0x0000, 0x0000, 0x0000,
  0x0020, 0x0000, 0x0000, 0x0000, 0x0000, 0x0000, 0x0000, 0x0000, 0x0000, 0x0000, 0x0000, 0x0000,
  0x0000, 0x0000, 0x0000, 0x0000, 0x0000, 0x0000, 0x0000, 0x0000, 0x0000, 0x0000, 0x0000, 0x0000,
  0x0000, 0x0000, 0x0000, 0x0000, 0x0000, 0x0000, 0x0000, 0x0000, 0x0000, 0x0000, 0x0000, 0x0000,
  0x0020, 0x0000, 0x0000, 0x0020, 0x0000, 0x0000, 0x0000, 0x0000, 0x0000, 0x0000, 0x0000, 0x0000,
  0x0000, 0x0000, 0x0000, 0x0000, 0x0000, 0x0000, 0x0000, 0x0000, 0x0000, 0x0000, 0x0000, 0x0000,
  0x0000, 0x0000, 0x0820, 0x0820, 0x0820, 0x0820, 0x0840, 0x0840, 0x0820, 0x0840, 0x0840, 0x0840,
  0x0841, 0x0840, 0x0861, 0x0861, 0x0861, 0x1061, 0x0861, 0x1061, 0x0861, 0x0861, 0x0861, 0x0841,
  0x0841, 0x0861, 0x0840, 0x0841, 0x0841, 0x0841, 0x0841, 0x0840, 0x0840, 0x0840, 0x0841, 0x0861,
  0x0841, 0x0841, 0x0841, 0x0841, 0x0840, 0x0840, 0x0840, 0x0840, 0x0840, 0x0840, 0x0840, 0x0840,
  0x0840, 0x0840, 0x0841, 0x0841, 0x0840, 0x0841, 0x0861, 0x0840, 0x0841, 0x0840, 0x0841, 0x0840,
  0x0840, 0x0840, 0x0840, 0x0841, 0x0841, 0x1061, 0x0861, 0x0841, 0x0841, 0x0841, 0x0841, 0x0841,
  0x0861, 0x0841, 0x0841, 0x0841, 0x0840, 0x0840, 0x0841, 0x0840, 0x0841, 0x0840, 0x0841, 0x0841,
  0x0841, 0x0841, 0x0840, 0x0840, 0x0820, 0x0840, 0x0840, 0x0840, 0x0840, 0x0841, 0x0841, 0x0840,
  0x0840, 0x0841, 0x0841, 0x0840, 0x0820, 0x0820, 0x0840, 0x0840, 0x0840, 0x0820, 0x0820, 0x0820,
  0x0820, 0x0820, 0x0820, 0x0820, 0x0020, 0x0820, 0x0841, 0x0841, 0x0820, 0x0820, 0x0820, 0x0820,
  0x0820, 0x0841, 0x0841, 0x0000, 0x0000, 0x0861, 0x0000, 0x0020, 0x0820, 0x0820, 0x0820, 0x0820,
  0x0820, 0x0820, 0x0020, 0x0000, 0x0000, 0x0000, 0x0000, 0x0000, 0x0000, 0x0000, 0x0820, 0x0820,
  0x0820, 0x0020, 0x0020, 0x0820, 0x0840, 0x0840, 0x0840, 0x0840, 0x1081, 0x0861, 0x1082, 0x10A2,
  0x10A2, 0x10C2, 0x18C2, 0x18E3, 0x18C2, 0x18C2, 0x18E2, 0x18E2, 0x18E3, 0x18E3, 0x2103, 0x2103,
  0x2103, 0x2123, 0x2123, 0x2923, 0x2944, 0x3184, 0x39C5, 0x39C5, 0x31A5, 0x2964, 0x3185, 0x3185,
  0x3185, 0x3184, 0x3184, 0x39A5, 0x31A5, 0x39C5, 0x39C5, 0x39A5, 0x41E6, 0x4206, 0x39A5, 0x41E6,
  0x4206, 0x41E6, 0x41E6, 0x4207, 0x5268, 0x2944, 0x0000, 0x0000, 0x0000, 0x0000, 0x0000, 0x0000,
  0x0020, 0x0000, 0x0000, 0x0000, 0x0000, 0x0000, 0x0000, 0x0000, 0x0000, 0x0000, 0x0000, 0x0020,
  0x0000, 0x0000, 0x0000, 0x0000, 0x0000, 0x0000, 0x0000, 0x0000, 0x0000, 0x0000, 0x0000, 0x0000,
  0x0000, 0x0000, 0x0841, 0x1082, 0x0000, 0x0000, 0x0000, 0x0000, 0x0000, 0x0000, 0x0000, 0x0000,
  0x0000, 0x0000, 0x0000, 0x0000, 0x0000, 0x0000, 0x0000, 0x0820, 0x18C3, 0x0000, 0x0000, 0x0000,
  0x0000, 0x0000, 0x0000, 0x0000, 0x0000, 0x0000, 0x0000, 0x0000, 0x0861, 0x0000, 0x0000, 0x0000,
  0x0000, 0x0000, 0x0000, 0x0000, 0x0000, 0x0000, 0x0000, 0x0000, 0x0000, 0x0000, 0x0000, 0x0000,
  0x0000, 0x0000, 0x0000, 0x0000, 0x0000, 0x0000, 0x0000, 0x0000, 0x0000, 0x0000, 0x0000, 0x0000,
  0x0000, 0x0000, 0x0000, 0x0000, 0x0000, 0x0000, 0x0000, 0x0000, 0x0000, 0x0000, 0x0000, 0x0000,
  0x0000, 0x0000, 0x0000, 0x0000, 0x0000, 0x0000, 0x0000, 0x0000, 0x0000, 0x0000, 0x0000, 0x0000,
  0x0000, 0x0000, 0x0000, 0x0000, 0x0000, 0x0000, 0x0000, 0x0000, 0x0000, 0x0000, 0x0020, 0x0820,
  0x0820, 0x0820, 0x0840, 0x0840, 0x0820, 0x0840, 0x0840, 0x0840, 0x0861, 0x0841, 0x0840, 0x0840,
  0x0861, 0x0861, 0x0861, 0x0840, 0x0840, 0x0841, 0x0861, 0x0841, 0x0841, 0x0861, 0x0840, 0x0840,
  0x0841, 0x0841, 0x0861, 0x0840, 0x0861, 0x0841, 0x0841, 0x0861, 0x0841, 0x0840, 0x0841, 0x0841,
  0x0840, 0x0840, 0x0840, 0x0840, 0x0840, 0x0820, 0x0820, 0x0841, 0x0840, 0x0841, 0x0841, 0x0840,
  0x0841, 0x0840, 0x0861, 0x0820, 0x0840, 0x0840, 0x0840, 0x1081, 0x0840, 0x0840, 0x0841, 0x0861,
  0x0841, 0x0861, 0x0861, 0x0841, 0x0841, 0x0841, 0x0861, 0x0841, 0x0861, 0x0841, 0x0841, 0x0841,
  0x0820, 0x0841, 0x0840, 0x0840, 0x0840, 0x0840, 0x0841, 0x0841, 0x0841, 0x0841, 0x0841, 0x0840,
  0x0820, 0x0840, 0x0840, 0x0840, 0x0840, 0x0840, 0x0841, 0x0840, 0x0840, 0x0841, 0x0841, 0x0840,
  0x0840, 0x0840, 0x0820, 0x0820, 0x0840, 0x0840, 0x0820, 0x0820, 0x0820, 0x0020, 0x0020, 0x0820,
  0x0820, 0x0820, 0x0841, 0x0020, 0x0820, 0x0820, 0x0820, 0x0020, 0x0820, 0x1061, 0x0840, 0x0000,
  0x0020, 0x0000, 0x0020, 0x0820, 0x0820, 0x0820, 0x0861, 0x0820, 0x0820, 0x0820, 0x0020, 0x0840,
  0x0820, 0x0020, 0x0000, 0x0000, 0x0000, 0x0020, 0x0000, 0x0000, 0x0820, 0x0820, 0x0840, 0x0840,
  0x0840, 0x0840, 0x0861, 0x0861, 0x1081, 0x0861, 0x1081, 0x10A2, 0x18C2, 0x18C2, 0x10A2, 0x10C2,
  0x18C2, 0x18C2, 0x18E3, 0x18E2, 0x1903, 0x1903, 0x2103, 0x2103, 0x2123, 0x2123, 0x2123, 0x2943,
  0x2943, 0x39A5, 0x39C5, 0x39C5, 0x3184, 0x3164, 0x31A5, 0x3184, 0x3184, 0x3184, 0x3185, 0x39A5,
  0x31A5, 0x39C5, 0x39A5, 0x39A5, 0x4207, 0x39C5, 0x39C5, 0x41E6, 0x41C6, 0x41E6, 0x41E6, 0x4A27,
  0x4207, 0x0841, 0x0000, 0x0000, 0x0000, 0x0000, 0x0000, 0x0000, 0x0000, 0x0000, 0x0000, 0x0000,
  0x0000, 0x0000, 0x0000, 0x0000, 0x0000, 0x0000, 0x0000, 0x0841, 0x0000, 0x0000, 0x0000, 0x0000,
  0x0000, 0x0000, 0x0000, 0x0000, 0x0000, 0x0000, 0x0000, 0x0000, 0x0000, 0x0000, 0x0861, 0x18C3,
  0x0000, 0x0000, 0x0000, 0x0000, 0x0000, 0x0000, 0x0000, 0x0000, 0x0000, 0x0000, 0x0000, 0x0000,
  0x0000, 0x0000, 0x0000, 0x0000, 0x0000, 0x0000, 0x0000, 0x0000, 0x0000, 0x0000, 0x0000, 0x0000,
  0x0000, 0x0000, 0x0000, 0x0000, 0x0000, 0x0000, 0x0000, 0x0000, 0x0000, 0x0000, 0x0000, 0x0000,
  0x0000, 0x0000, 0x0000, 0x0000, 0x0000, 0x0000, 0x0000, 0x0861, 0x0861, 0x0861, 0x0000, 0x0000,
  0x0000, 0x0000, 0x0000, 0x0000, 0x0000, 0x0000, 0x0000, 0x0000, 0x0000, 0x0000, 0x0000, 0x0000,
  0x0000, 0x0000, 0x0000, 0x0000, 0x0000, 0x0000, 0x0000, 0x0000, 0x0000, 0x0000, 0x0020, 0x0020,
  0x0000, 0x0000, 0x0000, 0x0000, 0x0000, 0x1061, 0x1082, 0x0000, 0x0000, 0x0000, 0x0000, 0x0000,
  0x0000, 0x0000, 0x0000, 0x0000, 0x0000, 0x0000, 0x0000, 0x0840, 0x0841, 0x0820, 0x0820, 0x0820,
  0x0820, 0x0820, 0x0820, 0x0840, 0x0841, 0x0861, 0x0841, 0x0841, 0x0861, 0x0841, 0x0861, 0x0861,
  0x0840, 0x0841, 0x0861, 0x0861, 0x0841, 0x0841, 0x0840, 0x0840, 0x0861, 0x0841, 0x0841, 0x0841,
  0x0861, 0x0841, 0x0841, 0x0861, 0x0861, 0x0841, 0x0841, 0x0841, 0x0841, 0x0840, 0x0840, 0x0840,
  0x0840, 0x0840, 0x0840, 0x0840, 0x0841, 0x0820, 0x0840, 0x0841, 0x0840, 0x0840, 0x0861, 0x0840,
  0x0840, 0x0861, 0x0840, 0x1061, 0x0861, 0x0840, 0x0841, 0x0841, 0x0861, 0x0861, 0x0861, 0x0841,
  0x0841, 0x0841, 0x0841, 0x0841, 0x0841, 0x0841, 0x0841, 0x0861, 0x0840, 0x0841, 0x0840, 0x0840,
  0x0840, 0x0841, 0x0841, 0x0841, 0x0841, 0x0841, 0x0840, 0x0841, 0x0841, 0x0840, 0x0840, 0x0820,
  0x0840, 0x0841, 0x0841, 0x0841, 0x0841, 0x0840, 0x0840, 0x0841, 0x0840, 0x0820, 0x0840, 0x0840,
  0x0820, 0x0820, 0x0820, 0x0820, 0x0820, 0x0820, 0x0820, 0x0020, 0x0820, 0x0820, 0x0820, 0x0820,
  0x0820, 0x0820, 0x0820, 0x0820, 0x0840, 0x0861, 0x0820, 0x0000, 0x0820, 0x0820, 0x0820, 0x0820,
  0x0820, 0x0820, 0x0840, 0x0820, 0x0820, 0x0020, 0x0020, 0x0841, 0x0841, 0x0820, 0x0000, 0x0000,
  0x0000, 0x0820, 0x0020, 0x0820, 0x0000, 0x0020, 0x0841, 0x0841, 0x0841, 0x0840, 0x0861, 0x0861,
  0x1061, 0x0861, 0x1081, 0x1082, 0x18C2, 0x18C2, 0x18C2, 0x10C2, 0x18C2, 0x18E2, 0x18E2, 0x18E2,
  0x18E2, 0x1903, 0x2103, 0x2103, 0x2103, 0x2123, 0x2123, 0x2943, 0x2964, 0x39C5, 0x39C5, 0x39A5,
  0x2964, 0x3184, 0x3185, 0x3184, 0x3164, 0x3184, 0x31A5, 0x31A5, 0x39A5, 0x39A5, 0x39A5, 0x39C5,
  0x4207, 0x39A5, 0x39C6, 0x4206, 0x39C6, 0x41E6, 0x41E6, 0x4A48, 0x2923, 0x0000, 0x0000, 0x0000,
  0x0000, 0x0000, 0x0000, 0x0000, 0x0000, 0x0000, 0x0000, 0x0000, 0x0000, 0x0000, 0x0000, 0x0000,
  0x0000, 0x0000, 0x0000, 0x0000, 0x0000, 0x0000, 0x0000, 0x0000, 0x0000, 0x0000, 0x0000, 0x0000,
  0x0000, 0x0000, 0x0000, 0x0000, 0x0000, 0x0000, 0x0000, 0x0000, 0x0000, 0x0000, 0x0020, 0x0000,
  0x0000, 0x0000, 0x0000, 0x0000, 0x0000, 0x0000, 0x0000, 0x0000, 0x0000, 0x0000, 0x0000, 0x0020,
  0x0020, 0x0000, 0x0000, 0x0000, 0x0000, 0x0000, 0x0000, 0x0000, 0x0000, 0x0000, 0x0000, 0x0000,
  0x0000, 0x0000, 0x0000, 0x0000, 0x0000, 0x0000, 0x0000, 0x0000, 0x0000, 0x0000, 0x0000, 0x0000,
  0x0000, 0x0000, 0x0000, 0x0841, 0x0841, 0x0841, 0x0000, 0x0000, 0x0000, 0x0000, 0x0020, 0x0000,
  0x0000, 0x0861, 0x0841, 0x0000, 0x0000, 0x0000, 0x0000, 0x0000, 0x0000, 0x0000, 0x0000, 0x0000,
  0x0000, 0x0000, 0x0000, 0x0000, 0x0000, 0x0000, 0x0000, 0x0000, 0x0000, 0x0000, 0x0000, 0x0000,
  0x0000, 0x1082, 0x18C3, 0x0000, 0x0000, 0x0000, 0x0000, 0x0000, 0x0000, 0x0000, 0x0000, 0x0000,
  0x0000, 0x0000, 0x0000, 0x0000, 0x0840, 0x0820, 0x0820, 0x0820, 0x0820, 0x0820, 0x0820, 0x0820,
  0x0840, 0x0841, 0x0841, 0x0840, 0x0840, 0x0841, 0x0861, 0x0861, 0x0840, 0x0841, 0x0841, 0x0861,
  0x0841, 0x0841, 0x0841, 0x0841, 0x0861, 0x0861, 0x0840, 0x0820, 0x0840, 0x0861, 0x0840, 0x0841,
  0x1061, 0x0841, 0x0841, 0x0841, 0x0841, 0x0840, 0x0840, 0x0820, 0x0841, 0x0840, 0x0840, 0x0840,
  0x0861, 0x0841, 0x0841, 0x0841, 0x0841, 0x0820, 0x0861, 0x0840, 0x0840, 0x0840, 0x0840, 0x0861,
  0x0861, 0x0840, 0x0841, 0x0840, 0x0841, 0x0861, 0x0861, 0x0841, 0x0841, 0x0841, 0x0841, 0x0841,
  0x0841, 0x0841, 0x0861, 0x0841, 0x0820, 0x0840, 0x1061, 0x0841, 0x0840, 0x0840, 0x0841, 0x0841,
  0x0841, 0x0841, 0x0841, 0x0840, 0x0840, 0x0840, 0x0840, 0x0820, 0x0840, 0x0841, 0x0841, 0x0840,
  0x0841, 0x0840, 0x0820, 0x0840, 0x0840, 0x0840, 0x0820, 0x0840, 0x0840, 0x0841, 0x0820, 0x0820,
  0x0820, 0x0820, 0x0820, 0x0820, 0x0820, 0x0820, 0x0820, 0x0820, 0x0820, 0x0020, 0x0020, 0x0020,
  0x0820, 0x0020, 0x0000, 0x0000, 0x0000, 0x0000, 0x0020, 0x0820, 0x0820, 0x0820, 0x0840, 0x0820,
  0x0820, 0x0020, 0x0000, 0x0000, 0x0020, 0x0000, 0x0000, 0x0000, 0x0000, 0x0000, 0x0820, 0x0840,
  0x0820, 0x0861, 0x0861, 0x0861, 0x0840, 0x0861, 0x0840, 0x0861, 0x0861, 0x1081, 0x1081, 0x1081,
  0x10C2, 0x10A2, 0x18C2, 0x10A2, 0x10A2, 0x18E3, 0x18E2, 0x18E2, 0x18E2, 0x18E3, 0x2103, 0x2103,
  0x2103, 0x2123, 0x2123, 0x2923, 0x3184, 0x39C5, 0x39C5, 0x3185, 0x2944, 0x3185, 0x3184, 0x3164,
  0x3164, 0x3184, 0x39A5, 0x3184, 0x39A5, 0x3184, 0x39A5, 0x41E6, 0x41E6, 0x39C5, 0x41E6, 0x41E6,
  0x39C6, 0x41E6, 0x4A27, 0x41E7, 0x0020, 0x0000, 0x0000, 0x0000, 0x0000, 0x0000, 0x0000, 0x0000,
  0x0000, 0x0000, 0x0020, 0x0020, 0x0000, 0x0000, 0x0000, 0x0000, 0x0000, 0x0000, 0x0000, 0x0000,
  0x0000, 0x0000, 0x0000, 0x0000, 0x0000, 0x0000, 0x0000, 0x0000, 0x0000, 0x0000, 0x0000, 0x0000,
  0x0000, 0x0000, 0x0000, 0x0000, 0x0000, 0x0000, 0x0000, 0x0000, 0x0000, 0x0000, 0x0000, 0x0000,
  0x0000, 0x0000, 0x0000, 0x0000, 0x0000, 0x0020, 0x0000, 0x0020, 0x0020, 0x0000, 0x0000, 0x0000,
  0x0000, 0x0000, 0x0000, 0x0020, 0x0000, 0x0000, 0x0000, 0x0000, 0x0000, 0x0000, 0x0000, 0x0000,
  0x0000, 0x0000, 0x0000, 0x0000, 0x0841, 0x0020, 0x0000, 0x0000, 0x0000, 0x0000, 0x0000, 0x0000,
  0x0000, 0x0000, 0x0000, 0x0000, 0x0000, 0x0020, 0x2104, 0x0020, 0x0000, 0x0020, 0x0020, 0x0000,
  0x0000, 0x0000, 0x0000, 0x0000, 0x0000, 0x0020, 0x0020, 0x0000, 0x0000, 0x0000, 0x0000, 0x0000,
  0x0000, 0x0000, 0x0000, 0x0000, 0x0000, 0x0020, 0x1082, 0x0000, 0x0000, 0x0000, 0x0000, 0x0000,
  0x0000, 0x0000, 0x0000, 0x0000, 0x0000, 0x0000, 0x0000, 0x0000, 0x0000, 0x0000, 0x0000, 0x0000,
  0x0020, 0x0820, 0x0840, 0x0820, 0x0820, 0x0840, 0x0840, 0x0840, 0x0840, 0x0840, 0x0841, 0x0840,
  0x0840, 0x0840, 0x0840, 0x0861, 0x0841, 0x0841, 0x0841, 0x0841, 0x0841, 0x0840, 0x0861, 0x0840,
  0x0840, 0x0841, 0x0840, 0x0840, 0x0840, 0x0840, 0x0840, 0x0840, 0x1061, 0x0861, 0x0841, 0x0841,
  0x0861, 0x0840, 0x0840, 0x0841, 0x0841, 0x0841, 0x0840, 0x0840, 0x0861, 0x0820, 0x0820, 0x0820,
  0x0840, 0x0820, 0x0861, 0x0861, 0x0840, 0x1081, 0x10A2, 0x0861, 0x0861, 0x0840, 0x0841, 0x0840,
  0x0840, 0x0861, 0x1061, 0x0841, 0x0840, 0x0840, 0x0840, 0x0840, 0x0840, 0x0840, 0x0840, 0x0841,
  0x0861, 0x0840, 0x0840, 0x0820, 0x0840, 0x0840, 0x0861, 0x0841, 0x0840, 0x0841, 0x0841, 0x0841,
  0x0840, 0x0840, 0x0840, 0x0820, 0x0840, 0x0840, 0x0840, 0x0840, 0x0840, 0x0841, 0x0840, 0x0840,
  0x0841, 0x0841, 0x0820, 0x0840, 0x0840, 0x0841, 0x0820, 0x0820, 0x0820, 0x0820, 0x0820, 0x0820,
  0x0820, 0x0820, 0x0820, 0x0820, 0x0820, 0x0820, 0x0020, 0x0020, 0x0820, 0x0820, 0x0020, 0x0820,
  0x0820, 0x0820, 0x0840, 0x0820, 0x0820, 0x0820, 0x0820, 0x0820, 0x0820, 0x0000, 0x0000, 0x0020,
  0x0841, 0x0000, 0x0000, 0x0000, 0x0000, 0x0000, 0x0000, 0x0000, 0x0820, 0x0861, 0x0861, 0x0861,
  0x0840, 0x0861, 0x0841, 0x0861, 0x0861, 0x1081, 0x1081, 0x10A2, 0x18C2, 0x10A2, 0x10A2, 0x10C2,
  0x18C2, 0x18E3, 0x18C2, 0x18E2, 0x2103, 0x1903, 0x1903, 0x2103, 0x2103, 0x2123, 0x2123, 0x2943,
  0x31A5, 0x39C5, 0x39C5, 0x2964, 0x3164, 0x3184, 0x3164, 0x3164, 0x3164, 0x3185, 0x31A5, 0x3185,
  0x3185, 0x3185, 0x39A5, 0x4207, 0x39C5, 0x39C5, 0x4206, 0x39C6, 0x39C6, 0x41E6, 0x4A27, 0x2103,
  0x0000, 0x0000, 0x0000, 0x0841, 0x0020, 0x0000, 0x0000, 0x0000, 0x0000, 0x0000, 0x0020, 0x0020,
  0x0000, 0x0000, 0x0000, 0x0000, 0x0000, 0x0000, 0x0000, 0x0000, 0x0000, 0x0000, 0x0000, 0x0000,
  0x0000, 0x0000, 0x0000, 0x0000, 0x0000, 0x0000, 0x0000, 0x0000, 0x0000, 0x0000, 0x0000, 0x0000,
  0x0000, 0x0000, 0x0000, 0x0000, 0x0000, 0x0000, 0x0000, 0x0000, 0x0000, 0x0000, 0x0000, 0x0000,
  0x0000, 0x0000, 0x0020, 0x0000, 0x0000, 0x0000, 0x0000, 0x0000, 0x0000, 0x0000, 0x0000, 0x0020,
  0x0000, 0x0000, 0x0000, 0x0000, 0x0000, 0x0000, 0x0000, 0x0000, 0x0000, 0x0000, 0x0000, 0x0000,
  0x0000, 0x0000, 0x0000, 0x0000, 0x0000, 0x0000, 0x0000, 0x0000, 0x0000, 0x0000, 0x0000, 0x0000,
  0x0000, 0x0000, 0x0020, 0x0000, 0x0000, 0x0000, 0x0000, 0x0000, 0x0000, 0x0000, 0x0000, 0x0000,
  0x0000, 0x0020, 0x0020, 0x0000, 0x0000, 0x0000, 0x0000, 0x0000, 0x0000, 0x0000, 0x0000, 0x0000,
  0x0000, 0x0821, 0x2124, 0x0000, 0x0000, 0x0000, 0x0000, 0x0000, 0x0000, 0x0000, 0x0000, 0x0000,
  0x0000, 0x0000, 0x0000, 0x0000, 0x0000, 0x0000, 0x0000, 0x0000, 0x0000, 0x0020, 0x0820, 0x0020,
  0x0820, 0x0861, 0x0861, 0x0861, 0x0840, 0x0841, 0x0841, 0x0841, 0x0840, 0x0840, 0x0840, 0x0861,
  0x0861, 0x0840, 0x0841, 0x0841, 0x0841, 0x0840, 0x0840, 0x0841, 0x0841, 0x0841, 0x0861, 0x0840,
  0x0841, 0x0841, 0x0840, 0x0820, 0x1061, 0x1061, 0x0841, 0x0841, 0x0841, 0x0840, 0x0861, 0x0841,
  0x0840, 0x0861, 0x0840, 0x0840, 0x0841, 0x0840, 0x0841, 0x0840, 0x0840, 0x0820, 0x0841, 0x0841,
  0x0820, 0x0840, 0x0840, 0x0840, 0x0841, 0x0841, 0x0840, 0x0840, 0x0841, 0x0841, 0x1061, 0x0841,
  0x0841, 0x0841, 0x0841, 0x0841, 0x0840, 0x0840, 0x0840, 0x0841, 0x0840, 0x0820, 0x0841, 0x0820,
  0x0820, 0x0840, 0x0841, 0x0841, 0x0840, 0x0841, 0x0840, 0x0841, 0x0840, 0x0820, 0x0840, 0x0820,
  0x0840, 0x0840, 0x0840, 0x0840, 0x0840, 0x0840, 0x0840, 0x0840, 0x0840, 0x0820, 0x0820, 0x0840,
  0x0840, 0x0841, 0x0820, 0x0820, 0x0820, 0x0820, 0x0820, 0x0840, 0x0820, 0x0820, 0x0820, 0x0820,
  0x0000, 0x0020, 0x0020, 0x0000, 0x0820, 0x0820, 0x0000, 0x0820, 0x0820, 0x0020, 0x0820, 0x0820,
  0x0820, 0x1061, 0x0840, 0x0820, 0x0820, 0x0000, 0x0000, 0x0000, 0x0000, 0x0000, 0x0000, 0x0000,
  0x0000, 0x0000, 0x0840, 0x0020, 0x0000, 0x0020, 0x0820, 0x0820, 0x0820, 0x0840, 0x0861, 0x0861,
  0x0861, 0x0881, 0x1081, 0x10A2, 0x10A2, 0x10A2, 0x10A2, 0x10A2, 0x18C2, 0x18E2, 0x18C2, 0x18E3,
  0x18E3, 0x2103, 0x2103, 0x2103, 0x2123, 0x2123, 0x2123, 0x2964, 0x39A5, 0x39C5, 0x39A5, 0x2943,
  0x3185, 0x3164, 0x3164, 0x3164, 0x3164, 0x3185, 0x3164, 0x3185, 0x3184, 0x39A5, 0x41E6, 0x41E6,
  0x39A5, 0x41E6, 0x41E6, 0x39C5, 0x41E6, 0x4A27, 0x39A6, 0x0020, 0x0000, 0x0000, 0x0000, 0x0861,
  0x0841, 0x0000, 0x0000, 0x0000, 0x0000, 0x0000, 0x0000, 0x0000, 0x0020, 0x0020, 0x0000, 0x0000,
  0x0000, 0x0000, 0x0000, 0x0000, 0x0000, 0x0000, 0x0000, 0x0000, 0x0000, 0x0000, 0x0000, 0x0000,
  0x0000, 0x0000, 0x0000, 0x0000, 0x0000, 0x0000, 0x0000, 0x0000, 0x0000, 0x0000, 0x0000, 0x0000,
  0x0000, 0x0000, 0x0000, 0x0000, 0x0000, 0x0000, 0x0000, 0x0000, 0x0000, 0x0000, 0x0000, 0x0000,
  0x0000, 0x0000, 0x0000, 0x0000, 0x0000, 0x0000, 0x0020, 0x0000, 0x0000, 0x0000, 0x0000, 0x0000,
  0x0000, 0x0000, 0x0000, 0x0000, 0x0000, 0x0000, 0x0000, 0x0000, 0x0000, 0x0000, 0x0000, 0x0000,
  0x0000, 0x0000, 0x0000, 0x0000, 0x0000, 0x0000, 0x0000, 0x0000, 0x0000, 0x0000, 0x0000, 0x0000,
  0x0000, 0x0000, 0x0000, 0x0000, 0x0000, 0x0000, 0x0000, 0x0000, 0x0000, 0x0000, 0x0000, 0x0000,
  0x0000, 0x0000, 0x0000, 0x0000, 0x0000, 0x0000, 0x0000, 0x0000, 0x0000, 0x0000, 0x0000, 0x0000,
  0x0000, 0x0000, 0x0000, 0x0000, 0x0000, 0x0000, 0x0000, 0x0000, 0x0000, 0x0000, 0x0000, 0x0000,
  0x0000, 0x0000, 0x0000, 0x0000, 0x0000, 0x0000, 0x0020, 0x0840, 0x0020, 0x0840, 0x0861, 0x0861,
  0x0840, 0x0861, 0x0861, 0x0861, 0x0840, 0x0841, 0x0840, 0x0841, 0x0861, 0x0841, 0x0841, 0x0861,
  0x0841, 0x0841, 0x0840, 0x0841, 0x0840, 0x0841, 0x0861, 0x0840, 0x0841, 0x0841, 0x0840, 0x0840,
  0x0841, 0x1061, 0x0841, 0x0841, 0x0841, 0x0841, 0x0840, 0x0841, 0x0840, 0x0840, 0x0840, 0x0840,
  0x0861, 0x0861, 0x0861, 0x0840, 0x0840, 0x0820, 0x0840, 0x0861, 0x0840, 0x0840, 0x0840, 0x0840,
  0x0840, 0x0840, 0x0840, 0x0840, 0x0840, 0x0841, 0x1061, 0x0861, 0x0840, 0x0841, 0x0840, 0x0840,
  0x0840, 0x0840, 0x0840, 0x0840, 0x0820, 0x0820, 0x0841, 0x0820, 0x0820, 0x0840, 0x0841, 0x0841,
  0x0840, 0x0841, 0x0841, 0x0841, 0x0840, 0x0840, 0x0840, 0x0820, 0x0840, 0x0840, 0x0840, 0x0840,
  0x0840, 0x0840, 0x0840, 0x0840, 0x0840, 0x0820, 0x0840, 0x0820, 0x0840, 0x0840, 0x0820, 0x0820,
  0x0820, 0x0820, 0x0820, 0x0820, 0x0820, 0x0820, 0x0820, 0x0820, 0x0820, 0x0820, 0x0020, 0x0000,
  0x0820, 0x0020, 0x0000, 0x0820, 0x0820, 0x0000, 0x0820, 0x0820, 0x0820, 0x0840, 0x0820, 0x0820,
  0x0820, 0x0000, 0x0000, 0x0000, 0x0000, 0x0000, 0x0000, 0x0000, 0x0000, 0x0000, 0x0841, 0x0020,
  0x0000, 0x0020, 0x0820, 0x0841, 0x0820, 0x0841, 0x0861, 0x0861, 0x0861, 0x0861, 0x1081, 0x10A2,
  0x10A2, 0x10A2, 0x10A2, 0x10A2, 0x18C2, 0x18C2, 0x18C2, 0x18E2, 0x18E2, 0x2103, 0x2103, 0x2103,
  0x2123, 0x2123, 0x2943, 0x3184, 0x39A5, 0x39C5, 0x3164, 0x2944, 0x3184, 0x3164, 0x3164, 0x3164,
  0x3185, 0x31A5, 0x3185, 0x3184, 0x3184, 0x39A5, 0x41E6, 0x39A5, 0x39C5, 0x4206, 0x41E6, 0x4207,
  0x4206, 0x4207, 0x10A2, 0x0000, 0x0000, 0x0000, 0x0000, 0x0000, 0x0000, 0x0000, 0x0000, 0x0000,
  0x0000, 0x0000, 0x0020, 0x0000, 0x0000, 0x0000, 0x0000, 0x0000, 0x0000, 0x0000, 0x0000, 0x0000,
  0x0000, 0x0000, 0x0000, 0x0000, 0x0000, 0x0000, 0x0000, 0x0000, 0x0000, 0x0000, 0x0000, 0x0000,
  0x0000, 0x0000, 0x0000, 0x0000, 0x0020, 0x0020, 0x0000, 0x0000, 0x0000, 0x0000, 0x0000, 0x0000,
  0x0000, 0x0000, 0x0841, 0x0020, 0x0000, 0x0000, 0x0000, 0x0000, 0x0000, 0x0000, 0x0000, 0x0000,
  0x0000, 0x0000, 0x0020, 0x0000, 0x0000, 0x0000, 0x0000, 0x0000, 0x0000, 0x0020, 0x0861, 0x0000,
  0x0000, 0x0000, 0x0000, 0x0000, 0x0000, 0x0000, 0x0000, 0x0000, 0x0020, 0x0841, 0x0000, 0x0000,
  0x0000, 0x0020, 0x0841, 0x0000, 0x0000, 0x0000, 0x0000, 0x0000, 0x0000, 0x0000, 0x0000, 0x0000,
  0x0000, 0x0000, 0x0000, 0x0000, 0x0841, 0x0020, 0x0000, 0x0000, 0x0000, 0x0000, 0x0000, 0x0000,
  0x0000, 0x0000, 0x0000, 0x0000, 0x0000, 0x0000, 0x0000, 0x0000, 0x0000, 0x0000, 0x0000, 0x0000,
  0x0020, 0x0020, 0x0000, 0x0000, 0x0000, 0x0000, 0x0000, 0x0000, 0x0020, 0x0841, 0x0000, 0x0000,
  0x0000, 0x0000, 0x0000, 0x0820, 0x0840, 0x0020, 0x0861, 0x0861, 0x0841, 0x0820, 0x0840, 0x0840,
  0x0840, 0x0840, 0x0861, 0x0840, 0x0861, 0x0861, 0x0841, 0x1061, 0x0841, 0x0841, 0x0841, 0x0840,
  0x0840, 0x0840, 0x0841, 0x0841, 0x0840, 0x0840, 0x0861, 0x0840, 0x0840, 0x1061, 0x0861, 0x0840,
  0x0841, 0x0841, 0x0840, 0x0841, 0x0840, 0x0841, 0x0861, 0x0840, 0x0841, 0x0841, 0x0820, 0x0840,
  0x0820, 0x0840, 0x0820, 0x0861, 0x0840, 0x0840, 0x0840, 0x0840, 0x0840, 0x0840, 0x0840, 0x0841,
  0x0840, 0x0841, 0x0861, 0x0861, 0x0840, 0x0841, 0x0840, 0x0840, 0x0840, 0x0840, 0x0841, 0x0841,
  0x0820, 0x0820, 0x0840, 0x0820, 0x0820, 0x0840, 0x0841, 0x0841, 0x0841, 0x0841, 0x0841, 0x0840,
  0x0840, 0x0840, 0x0820, 0x0820, 0x0840, 0x0840, 0x0820, 0x0840, 0x0840, 0x0840, 0x0820, 0x0840,
  0x0820, 0x0820, 0x0820, 0x0820, 0x0820, 0x0820, 0x0820, 0x0820, 0x0820, 0x0020, 0x0820, 0x0820,
  0x0820, 0x0820, 0x0020, 0x0820, 0x0820, 0x0020, 0x0020, 0x0820, 0x0020, 0x0020, 0x0020, 0x0000,
  0x0000, 0x0000, 0x0820, 0x0820, 0x0820, 0x0820, 0x0820, 0x0820, 0x0820, 0x0000, 0x0000, 0x0020,
  0x0000, 0x0000, 0x0000, 0x0000, 0x0000, 0x0000, 0x0020, 0x0000, 0x0020, 0x0820, 0x0840, 0x0820,
  0x0840, 0x0841, 0x0861, 0x0861, 0x0861, 0x0861, 0x10A2, 0x10A2, 0x1081, 0x10A2, 0x10A2, 0x10A2,
  0x18C2, 0x18C2, 0x18E2, 0x18E2, 0x18E3, 0x1903, 0x2103, 0x2123, 0x2123, 0x2123, 0x2943, 0x31A5,
  0x39A5, 0x39A5, 0x2944, 0x3184, 0x3184, 0x3164, 0x3184, 0x3184, 0x3185, 0x3184, 0x3185, 0x3184,
  0x39A5, 0x41E6, 0x4206, 0x41E6, 0x41E6, 0x41E6, 0x41E6, 0x39C5, 0x41E6, 0x2945, 0x0000, 0x0000,
  0x0000, 0x0000, 0x0000, 0x0000, 0x0000, 0x0000, 0x0000, 0x0000, 0x0000, 0x0000, 0x0020, 0x0020,
  0x0000, 0x0000, 0x0000, 0x0000, 0x0000, 0x0000, 0x0000, 0x0000, 0x0000, 0x0000, 0x0000, 0x0000,
  0x0000, 0x0000, 0x0000, 0x0000, 0x0000, 0x0000, 0x0000, 0x0000, 0x0000, 0x0000, 0x0000, 0x0000,
  0x0000, 0x0000, 0x0000, 0x0000, 0x0000, 0x0000, 0x0000, 0x0000, 0x0000, 0x0000, 0x0020, 0x0020,
  0x0000, 0x0000, 0x0000, 0x0000, 0x0000, 0x0000, 0x0000, 0x0000, 0x0000, 0x0000, 0x0000, 0x0000,
  0x0000, 0x0000, 0x0000, 0x0000, 0x0000, 0x0000, 0x0000, 0x0000, 0x0000, 0x0000, 0x0000, 0x0000,
  0x0000, 0x0000, 0x0000, 0x0000, 0x0020, 0x0020, 0x0000, 0x0000, 0x0000, 0x0841, 0x0841, 0x0000,
  0x0000, 0x0000, 0x0000, 0x0000, 0x0000, 0x0000, 0x0000, 0x0000, 0x0000, 0x0000, 0x0000, 0x0000,
  0x0000, 0x0000, 0x0000, 0x0000, 0x0000, 0x0000, 0x0000, 0x0000, 0x0000, 0x0000, 0x0000, 0x0000,
  0x0000, 0x0000, 0x0000, 0x0000, 0x0000, 0x0020, 0x0020, 0x0000, 0x1082, 0x1082, 0x0000, 0x0000,
  0x0000, 0x0000, 0x0000, 0x0000, 0x0000, 0x0000, 0x0000, 0x0000, 0x0000, 0x0000, 0x0000, 0x0020,
  0x0820, 0x0020, 0x0820, 0x0861, 0x0861, 0x0840, 0x0820, 0x0820, 0x0840, 0x0840, 0x0840, 0x0841,
  0x0840, 0x0841, 0x0841, 0x0861, 0x0841, 0x0841, 0x0841, 0x0840, 0x0841, 0x0841, 0x0841, 0x0841,
  0x0841, 0x0861, 0x0841, 0x0820, 0x0820, 0x0840, 0x1061, 0x0840, 0x0840, 0x0841, 0x0840, 0x0841,
  0x0820, 0x0840, 0x0861, 0x0820, 0x0840, 0x1061, 0x0840, 0x0840, 0x0840, 0x0840, 0x0820, 0x0861,
  0x0840, 0x0840, 0x0840, 0x0840, 0x0840, 0x0840, 0x0840, 0x0840, 0x0861, 0x0841, 0x0861, 0x0861,
  0x0840, 0x0840, 0x0840, 0x0840, 0x0840, 0x0840, 0x0840, 0x0840, 0x0840, 0x0841, 0x0840, 0x0820,
  0x0820, 0x0820, 0x0840, 0x0841, 0x0840, 0x0840, 0x0840, 0x0840, 0x0840, 0x0840, 0x0840, 0x0820,
  0x0840, 0x0840, 0x0840, 0x0840, 0x0840, 0x0820, 0x0840, 0x0840, 0x0820, 0x0820, 0x0820, 0x0820,
  0x0820, 0x0820, 0x0820, 0x0820, 0x0820, 0x0820, 0x0820, 0x0820, 0x0820, 0x0020, 0x0020, 0x0861,
  0x0820, 0x0000, 0x0000, 0x0820, 0x0020, 0x0000, 0x0020, 0x0000, 0x0020, 0x0000, 0x0820, 0x0820,
  0x0820, 0x0841, 0x0820, 0x0820, 0x0020, 0x0000, 0x0000, 0x0020, 0x0000, 0x0000, 0x0000, 0x0000,
  0x0000, 0x0000, 0x0820, 0x0000, 0x0000, 0x0820, 0x0840, 0x0820, 0x0841, 0x0841, 0x0861, 0x0861,
  0x0861, 0x0861, 0x10A1, 0x10A1, 0x1081, 0x10A2, 0x10A2, 0x10C2, 0x18E2, 0x18C2, 0x18E2, 0x18E2,
  0x1903, 0x2103, 0x2103, 0x2103, 0x2123, 0x2123, 0x3164, 0x39A5, 0x39A5, 0x3164, 0x2944, 0x3164,
  0x3164, 0x3164, 0x3184, 0x3184, 0x39A5, 0x39C5, 0x39E6, 0x39E6, 0x41E6, 0x41E6, 0x39C6, 0x39C5,
  0x39A5, 0x39A5, 0x39C5, 0x39C5, 0x39E6, 0x0861, 0x0000, 0x0000, 0x0000, 0x0000, 0x0000, 0x0000,
  0x0000, 0x0000, 0x0000, 0x0000, 0x0000, 0x0000, 0x0000, 0x0000, 0x0000, 0x0000, 0x0000, 0x0000,
  0x0000, 0x0000, 0x0000, 0x0000, 0x0000, 0x0000, 0x0000, 0x0000, 0x0000, 0x0000, 0x0000, 0x0000,
  0x0000, 0x0000, 0x0000, 0x0000, 0x0000, 0x0000, 0x0000, 0x0000, 0x0000, 0x0000, 0x0000, 0x0000,
  0x0000, 0x0000, 0x0000, 0x0000, 0x0000, 0x0000, 0x0000, 0x0000, 0x0000, 0x0000, 0x0000, 0x0000,
  0x0000, 0x0000, 0x0000, 0x0000, 0x0000, 0x0000, 0x0000, 0x0000, 0x0020, 0x0000, 0x0000, 0x0000,
  0x0000, 0x0000, 0x0000, 0x0000, 0x0000, 0x0000, 0x0000, 0x0000, 0x0000, 0x0000, 0x0861, 0x0000,
  0x0000, 0x0000, 0x0000, 0x0000, 0x0000, 0x0000, 0x0000, 0x0000, 0x0000, 0x0000, 0x0000, 0x0000,
  0x0000, 0x0000, 0x0000, 0x0000, 0x0000, 0x0000, 0x0000, 0x0000, 0x0000, 0x0000, 0x0000, 0x0000,
  0x0000, 0x0000, 0x0000, 0x0000, 0x0000, 0x0000, 0x0000, 0x0000, 0x0000, 0x0000, 0x0000, 0x0000,
  0x0000, 0x0000, 0x0020, 0x0000, 0x0000, 0x0000, 0x0000, 0x0000, 0x0000, 0x0000, 0x0000, 0x0000,
  0x0000, 0x0000, 0x1082, 0x0000, 0x0000, 0x0000, 0x0000, 0x0000, 0x0020, 0x0020, 0x0020, 0x0841,
  0x0861, 0x0841, 0x0820, 0x0820, 0x0820, 0x0840, 0x0840, 0x0861, 0x0840, 0x0841, 0x0841, 0x0840,
  0x0840, 0x0841, 0x0840, 0x0840, 0x0840, 0x0840, 0x0840, 0x0840, 0x1081, 0x10A2, 0x1061, 0x1061,
  0x1082, 0x1081, 0x0861, 0x0861, 0x0841, 0x0841, 0x0841, 0x0840, 0x0820, 0x0840, 0x0840, 0x0840,
  0x0840, 0x0861, 0x0840, 0x0820, 0x0820, 0x0820, 0x0820, 0x0840, 0x0841, 0x0820, 0x0840, 0x0840,
  0x0840, 0x0840, 0x0840, 0x0841, 0x0841, 0x0841, 0x0841, 0x0861, 0x0841, 0x0840, 0x0840, 0x0840,
  0x0840, 0x0840, 0x0840, 0x0841, 0x0840, 0x0820, 0x0820, 0x0820, 0x0820, 0x0820, 0x0841, 0x0841,
  0x0840, 0x0841, 0x0840, 0x0840, 0x0840, 0x0840, 0x0840, 0x0840, 0x0840, 0x0840, 0x0840, 0x0840,
  0x0820, 0x0840, 0x0820, 0x0840, 0x0820, 0x0820, 0x0820, 0x0820, 0x0841, 0x1061, 0x0840, 0x1061,
  0x0820, 0x0820, 0x0840, 0x0820, 0x0020, 0x0820, 0x0841, 0x1061, 0x0861, 0x0820, 0x0820, 0x0820,
  0x0820, 0x0020, 0x0020, 0x0020, 0x0020, 0x0000, 0x0820, 0x0820, 0x0840, 0x0840, 0x0820, 0x0820,
  0x0020, 0x0000, 0x0000, 0x0000, 0x0000, 0x0000, 0x0000, 0x0000, 0x0000, 0x0820, 0x0020, 0x0020,
  0x0020, 0x0820, 0x0820, 0x0840, 0x0840, 0x0861, 0x0861, 0x0861, 0x0861, 0x0861, 0x10A2, 0x1082,
  0x10A2, 0x10A2, 0x10A2, 0x18C2, 0x18C2, 0x18C2, 0x18E2, 0x18E2, 0x18E2, 0x18E2, 0x2103, 0x2123,
  0x2103, 0x2943, 0x3184, 0x31A5, 0x39A5, 0x3164, 0x3184, 0x31A5, 0x3185, 0x39C5, 0x39C5, 0x39C5,
  0x39A5, 0x39A5, 0x39E6, 0x31A5, 0x31A5, 0x39A5, 0x39A5, 0x39A5, 0x39A5, 0x39C5, 0x39A5, 0x4206,
  0x2103, 0x0000, 0x0000, 0x0000, 0x0000, 0x0000, 0x0000, 0x0000, 0x0000, 0x0000, 0x0000, 0x0000,
  0x0000, 0x0000, 0x0000, 0x0000, 0x0000, 0x0000, 0x0000, 0x0000, 0x0000, 0x0000, 0x0000, 0x0000,
  0x0000, 0x0000, 0x0000, 0x0000, 0x0000, 0x0000, 0x0000, 0x0000, 0x0000, 0x0000, 0x0000, 0x0000,
  0x0000, 0x0000, 0x0000, 0x0000, 0x0000, 0x0000, 0x0000, 0x0000, 0x0000, 0x0000, 0x0000, 0x0000,
  0x0000, 0x0000, 0x0000, 0x0000, 0x0000, 0x0000, 0x0000, 0x0000, 0x0000, 0x0000, 0x0000, 0x0000,
  0x0000, 0x0000, 0x0000, 0x0000, 0x0020, 0x0000, 0x0000, 0x0000, 0x0000, 0x0000, 0x0000, 0x0000,
  0x0000, 0x0000, 0x0000, 0x0000, 0x0000, 0x0000, 0x0861, 0x0000, 0x0000, 0x0000, 0x0000, 0x0000,
  0x0000, 0x0000, 0x0000, 0x0000, 0x0000, 0x0000, 0x0000, 0x0000, 0x0000, 0x0020, 0x0000, 0x0000,
  0x0000, 0x0000, 0x0000, 0x0000, 0x0000, 0x0000, 0x0000, 0x0000, 0x0000, 0x0000, 0x0000, 0x0000,
  0x0000, 0x0000, 0x0000, 0x0000, 0x0000, 0x0000, 0x0000, 0x0000, 0x0000, 0x0000, 0x0000, 0x0000,
  0x0000, 0x0861, 0x0841, 0x0000, 0x0000, 0x0000, 0x1082, 0x0020, 0x0000, 0x0000, 0x0861, 0x0000,
  0x0000, 0x0000, 0x0000, 0x0000, 0x0000, 0x0020, 0x0020, 0x0820, 0x0861, 0x0861, 0x0840, 0x0820,
  0x0820, 0x0820, 0x0840, 0x0841, 0x0841, 0x0840, 0x0841, 0x0841, 0x0840, 0x0840, 0x0840, 0x0840,
  0x0840, 0x0840, 0x0840, 0x0841, 0x0861, 0x0841, 0x0840, 0x0841, 0x0841, 0x0840, 0x0840, 0x0861,
  0x1061, 0x1061, 0x0840, 0x1081, 0x18C2, 0x18C3, 0x1081, 0x0840, 0x0840, 0x1081, 0x1081, 0x0861,
  0x1081, 0x0861, 0x0841, 0x0861, 0x0861, 0x0020, 0x0840, 0x0820, 0x0820, 0x0820, 0x0820, 0x0840,
  0x0820, 0x0840, 0x0841, 0x0861, 0x0840, 0x0820, 0x0840, 0x0840, 0x0840, 0x0840, 0x0840, 0x0841,
  0x0840, 0x0020, 0x0820, 0x0840, 0x0840, 0x0840, 0x0841, 0x0841, 0x0840, 0x0840, 0x0840, 0x0840,
  0x0840, 0x0840, 0x0840, 0x0840, 0x0840, 0x0840, 0x0840, 0x0820, 0x0820, 0x0840, 0x0820, 0x0820,
  0x0820, 0x0840, 0x0820, 0x0820, 0x0820, 0x0840, 0x0820, 0x0820, 0x0820, 0x0820, 0x0820, 0x0820,
  0x0820, 0x0820, 0x0841, 0x0840, 0x0841, 0x0820, 0x0820, 0x0020, 0x0820, 0x0000, 0x0020, 0x0000,
  0x0000, 0x0020, 0x0820, 0x0820, 0x0820, 0x0820, 0x0820, 0x0820, 0x0000, 0x0000, 0x0000, 0x0000,
  0x0000, 0x0000, 0x0000, 0x0000, 0x0000, 0x0820, 0x0000, 0x0000, 0x0020, 0x0020, 0x0820, 0x0840,
  0x0820, 0x0840, 0x0841, 0x0861, 0x0861, 0x0881, 0x10A2, 0x1081, 0x10A1, 0x10A2, 0x10A2, 0x18C2,
  0x18E2, 0x18E2, 0x18E2, 0x2103, 0x2103, 0x2123, 0x2143, 0x2943, 0x2944, 0x3164, 0x3185, 0x39A5,
  0x3184, 0x3164, 0x3184, 0x3184, 0x3184, 0x3184, 0x3184, 0x3164, 0x3164, 0x39A5, 0x39A5, 0x3184,
  0x39A5, 0x39A5, 0x39A5, 0x39A5, 0x39A5, 0x39A5, 0x39E6, 0x39A5, 0x0020, 0x0000, 0x0000, 0x0000,
  0x0000, 0x0000, 0x0000, 0x0000, 0x0000, 0x0000, 0x0000, 0x0000, 0x0000, 0x0000, 0x0000, 0x0000,
  0x0000, 0x0000, 0x0000, 0x0000, 0x0000, 0x0000, 0x0000, 0x0000, 0x0000, 0x0000, 0x0000, 0x0000,
  0x0000, 0x0000, 0x0000, 0x0000, 0x0000, 0x0000, 0x0000, 0x0000, 0x0000, 0x0000, 0x0000, 0x0000,
  0x0000, 0x0000, 0x0000, 0x0000, 0x0000, 0x0000, 0x0000, 0x0000, 0x0000, 0x0000, 0x0000, 0x0000,
  0x0000, 0x0000, 0x0000, 0x0000, 0x0000, 0x0000, 0x0000, 0x0000, 0x0000, 0x0000, 0x0000, 0x0000,
  0x0000, 0x1082, 0x0841, 0x0000, 0x0000, 0x0000, 0x0000, 0x0000, 0x0000, 0x0000, 0x0000, 0x0000,
  0x0000, 0x0000, 0x0000, 0x0000, 0x0000, 0x0000, 0x0000, 0x0000, 0x0020, 0x10A2, 0x0020, 0x0841,
  0x0000, 0x0000, 0x0000, 0x0000, 0x0000, 0x1082, 0x0020, 0x0000, 0x0000, 0x0000, 0x0000, 0x0000,
  0x0000, 0x0000, 0x0000, 0x0000, 0x0000, 0x0000, 0x0000, 0x0000, 0x0000, 0x0000, 0x0000, 0x0000,
  0x0000, 0x0000, 0x0000, 0x0000, 0x0000, 0x0000, 0x0000, 0x0000, 0x0000, 0x0861, 0x0841, 0x0000,
  0x0000, 0x0000, 0x0020, 0x0000, 0x0000, 0x0000, 0x0000, 0x0000, 0x0000, 0x0000, 0x0000, 0x0000,
  0x0000, 0x0020, 0x0020, 0x0000, 0x0840, 0x0861, 0x0861, 0x0820, 0x0820, 0x0840, 0x0840, 0x0840,
  0x0841, 0x0841, 0x0841, 0x0841, 0x0861, 0x0861, 0x0861, 0x0841, 0x0840, 0x0840, 0x0840, 0x0840,
  0x0841, 0x0861, 0x0840, 0x0820, 0x0840, 0x0820, 0x0840, 0x0841, 0x1081, 0x0841, 0x0840, 0x0841,
  0x1081, 0x1081, 0x0840, 0x0840, 0x0840, 0x0840, 0x1061, 0x1081, 0x10A2, 0x1081, 0x0861, 0x0861,
  0x0841, 0x0841, 0x1081, 0x0840, 0x0861, 0x10A2, 0x1061, 0x0861, 0x0840, 0x0840, 0x0841, 0x0861,
  0x0861, 0x0840, 0x0840, 0x0840, 0x0840, 0x0840, 0x0840, 0x0840, 0x0840, 0x0000, 0x0820, 0x0820,
  0x0820, 0x0820, 0x0840, 0x0841, 0x0820, 0x0840, 0x0840, 0x0820, 0x0820, 0x0820, 0x0820, 0x0820,
  0x0820, 0x0840, 0x0840, 0x0840, 0x0820, 0x0820, 0x0820, 0x0820, 0x0820, 0x0820, 0x0820, 0x0820,
  0x0820, 0x0820, 0x0820, 0x0820, 0x0820, 0x0820, 0x0820, 0x0820, 0x0820, 0x0820, 0x0820, 0x0820,
  0x0820, 0x0820, 0x0820, 0x0020, 0x0020, 0x0020, 0x0000, 0x0000, 0x0000, 0x0820, 0x0820, 0x0820,
  0x0820, 0x0820, 0x0820, 0x0000, 0x0000, 0x0000, 0x0841, 0x0020, 0x0000, 0x0020, 0x0000, 0x0000,
  0x0000, 0x0841, 0x0861, 0x0840, 0x0820, 0x0841, 0x0820, 0x0840, 0x1081, 0x10A2, 0x1061, 0x1081,
  0x1081, 0x18C2, 0x18C2, 0x18C2, 0x18E2, 0x18E2, 0x18E3, 0x1903, 0x2103, 0x2103, 0x2103, 0x2103,
  0x2103, 0x2123, 0x2123, 0x2123, 0x2923, 0x3184, 0x31A5, 0x31A5, 0x2943, 0x2923, 0x2944, 0x2943,
  0x2964, 0x2964, 0x3164, 0x3164, 0x3185, 0x39C5, 0x3185, 0x31A5, 0x39A5, 0x39A5, 0x39A5, 0x39A5,
  0x39A5, 0x39A5, 0x4207, 0x1081, 0x0000, 0x0000, 0x0000, 0x0000, 0x0000, 0x0000, 0x0000, 0x0000,
  0x0000, 0x0000, 0x0000, 0x0000, 0x0000, 0x0000, 0x0000, 0x0000, 0x0000, 0x0000, 0x0000, 0x0000,
  0x0000, 0x0000, 0x0000, 0x0000, 0x0000, 0x0000, 0x0000, 0x0000, 0x0000, 0x0000, 0x0000, 0x0000,
  0x0000, 0x0000, 0x0000, 0x0000, 0x0000, 0x0000, 0x0000, 0x0000, 0x0000, 0x0000, 0x0000, 0x0000,
  0x0000, 0x0000, 0x0000, 0x0000, 0x0000, 0x0000, 0x0000, 0x0000, 0x0000, 0x0000, 0x0000, 0x0000,
  0x0000, 0x0000, 0x0000, 0x0000, 0x0020, 0x0000, 0x0000, 0x0000, 0x0000, 0x0020, 0x0020, 0x0000,
  0x0000, 0x0000, 0x0841, 0x0841, 0x0000, 0x1082, 0x0841, 0x0000, 0x0000, 0x0000, 0x0000, 0x0000,
  0x0000, 0x0000, 0x0000, 0x0000, 0x0000, 0x0020, 0x0020, 0x0020, 0x0000, 0x0841, 0x0020, 0x0000,
  0x0000, 0x0000, 0x0000, 0x0000, 0x0000, 0x0000, 0x0000, 0x0000, 0x0000, 0x0000, 0x0000, 0x0000,
  0x0000, 0x0000, 0x0000, 0x0000, 0x0000, 0x0000, 0x0000, 0x0000, 0x0000, 0x0000, 0x0000, 0x0000,
  0x0000, 0x0000, 0x0000, 0x0000, 0x0020, 0x0841, 0x0000, 0x0000, 0x0000, 0x0000, 0x0000, 0x0000,
  0x0000, 0x0000, 0x0000, 0x0000, 0x0000, 0x0000, 0x0020, 0x0000, 0x0000, 0x0000, 0x0020, 0x0020,
  0x0020, 0x0841, 0x0861, 0x0841, 0x0820, 0x0820, 0x0820, 0x0840, 0x0840, 0x0841, 0x0841, 0x0841,
  0x0840, 0x0840, 0x0840, 0x0840, 0x0840, 0x0841, 0x0840, 0x0840, 0x0841, 0x0861, 0x0861, 0x0820,
  0x0840, 0x0840, 0x0840, 0x0840, 0x0841, 0x0841, 0x0840, 0x0840, 0x0861, 0x0861, 0x0841, 0x0840,
  0x0840, 0x0840, 0x0840, 0x0840, 0x0820, 0x0840, 0x0820, 0x0820, 0x0820, 0x0840, 0x0840, 0x0840,
  0x0861, 0x1061, 0x0861, 0x0861, 0x0841, 0x0841, 0x1061, 0x0840, 0x1061, 0x1081, 0x1081, 0x1081,
  0x1081, 0x0861, 0x0861, 0x1061, 0x0840, 0x0840, 0x0840, 0x0840, 0x0840, 0x0861, 0x0841, 0x0841,
  0x0840, 0x0841, 0x0840, 0x0840, 0x0820, 0x0820, 0x0820, 0x0820, 0x0820, 0x0820, 0x0841, 0x0841,
  0x0840, 0x0820, 0x0820, 0x0840, 0x0841, 0x0820, 0x0820, 0x0820, 0x0820, 0x0820, 0x0820, 0x0820,
  0x0820, 0x0840, 0x0020, 0x0020, 0x0820, 0x0820, 0x0820, 0x0820, 0x0820, 0x0820, 0x0820, 0x0820,
  0x0820, 0x0820, 0x0820, 0x0820, 0x0841, 0x0840, 0x0820, 0x0840, 0x0840, 0x0820, 0x0820, 0x0020,
  0x0020, 0x0000, 0x0861, 0x0020, 0x0000, 0x0840, 0x0020, 0x0000, 0x0020, 0x0841, 0x0841, 0x0840,
  0x0841, 0x1061, 0x0840, 0x0861, 0x1061, 0x1061, 0x1061, 0x1081, 0x1081, 0x1081, 0x10A2, 0x10A2,
  0x10A2, 0x10A2, 0x18C2, 0x18C2, 0x18C2, 0x18C2, 0x18E2, 0x18E2, 0x18E2, 0x2103, 0x2103, 0x2103,
  0x2923, 0x3184, 0x31A5, 0x3184, 0x2123, 0x2944, 0x2944, 0x2964, 0x2964, 0x2964, 0x3184, 0x3164,
  0x39A5, 0x39A5, 0x3184, 0x31A5, 0x39A5, 0x39A5, 0x31A5, 0x39A5, 0x39A5, 0x41E6, 0x2103, 0x0000,
  0x0000, 0x0000, 0x0000, 0x0000, 0x0000, 0x0000, 0x0000, 0x0000, 0x0000, 0x0000, 0x0000, 0x0000,
  0x0000, 0x0000, 0x0000, 0x0000, 0x0000, 0x0000, 0x0000, 0x0000, 0x0000, 0x0000, 0x0000, 0x0000,
  0x0000, 0x0000, 0x0000, 0x0000, 0x0000, 0x0000, 0x0000, 0x0000, 0x0000, 0x0000, 0x0000, 0x0000,
  0x0000, 0x0000, 0x0000, 0x0000, 0x0000, 0x0000, 0x0000, 0x0000, 0x0000, 0x0000, 0x0000, 0x0000,
  0x0000, 0x0000, 0x0000, 0x0000, 0x0000, 0x0000, 0x0000, 0x0000, 0x0000, 0x0000, 0x0000, 0x0000,
  0x0000, 0x0000, 0x0000, 0x0000, 0x0000, 0x0000, 0x0000, 0x0000, 0x0000, 0x0000, 0x0020, 0x0020,
  0x0000, 0x10A2, 0x0841, 0x0000, 0x0000, 0x0020, 0x0020, 0x0000, 0x0000, 0x0000, 0x0000, 0x0000,
  0x0000, 0x0000, 0x0000, 0x0000, 0x0000, 0x0841, 0x0020, 0x0000, 0x0000, 0x0000, 0x0000, 0x0000,
  0x0000, 0x0000, 0x0000, 0x0000, 0x0000, 0x0000, 0x0000, 0x0000, 0x0000, 0x0000, 0x0000, 0x0000,
  0x0000, 0x0000, 0x0000, 0x0000, 0x0000, 0x0000, 0x0000, 0x0000, 0x0000, 0x0000, 0x0000, 0x0000,
  0x0000, 0x0020, 0x0000, 0x0000, 0x0000, 0x0000, 0x0020, 0x0020, 0x0000, 0x0000, 0x0000, 0x0000,
  0x0000, 0x0000, 0x0861, 0x0000, 0x0000, 0x0000, 0x0000, 0x0020, 0x0020, 0x0020, 0x0841, 0x0861,
  0x0840, 0x0820, 0x0820, 0x0820, 0x0840, 0x0841, 0x0840, 0x0840, 0x0841, 0x0840, 0x0840, 0x0840,
  0x0840, 0x0840, 0x0840, 0x0820, 0x0840, 0x0861, 0x0861, 0x0840, 0x0840, 0x0820, 0x0820, 0x0820,
  0x0840, 0x0840, 0x0840, 0x0840, 0x0841, 0x1061, 0x0841, 0x0841, 0x0840, 0x0841, 0x0840, 0x0841,
  0x0840, 0x0840, 0x0840, 0x0840, 0x0840, 0x0820, 0x0820, 0x0820, 0x0820, 0x0820, 0x0840, 0x0820,
  0x0840, 0x0840, 0x0820, 0x0820, 0x0820, 0x0820, 0x0840, 0x0841, 0x0841, 0x0841, 0x0840, 0x0820,
  0x0840, 0x0841, 0x0840, 0x0840, 0x0840, 0x0841, 0x0841, 0x0840, 0x0841, 0x0841, 0x0820, 0x0840,
  0x0840, 0x0840, 0x0840, 0x0840, 0x0820, 0x0820, 0x0820, 0x0820, 0x0840, 0x0841, 0x0820, 0x0841,
  0x0820, 0x0820, 0x0820, 0x0820, 0x0820, 0x0820, 0x0820, 0x0820, 0x0820, 0x0820, 0x0820, 0x0820,
  0x0820, 0x0820, 0x0820, 0x0820, 0x0820, 0x0820, 0x0820, 0x0820, 0x0820, 0x0020, 0x0000, 0x0820,
  0x0820, 0x0820, 0x0820, 0x0020, 0x0000, 0x0000, 0x0000, 0x0000, 0x0000, 0x0000, 0x0000, 0x0000,
  0x0000, 0x0020, 0x0000, 0x0000, 0x0000, 0x0000, 0x0000, 0x0820, 0x0020, 0x0820, 0x0820, 0x0840,
  0x0820, 0x0820, 0x0841, 0x0861, 0x0861, 0x1081, 0x1081, 0x1081, 0x10A1, 0x10A2, 0x10C2, 0x18C2,
  0x18C2, 0x18C2, 0x18E2, 0x18E2, 0x2103, 0x2103, 0x2103, 0x2103, 0x2964, 0x3184, 0x31A5, 0x2943,
  0x2923, 0x2944, 0x2944, 0x2944, 0x2944, 0x3164, 0x3164, 0x3184, 0x39C5, 0x3184, 0x3184, 0x39A5,
  0x31A5, 0x3184, 0x39A5, 0x39A5, 0x39C5, 0x3164, 0x0000, 0x0000, 0x0000, 0x0000, 0x0000, 0x0000,
  0x0000, 0x0000, 0x0000, 0x0000, 0x0000, 0x0000, 0x0000, 0x0000, 0x0000, 0x0000, 0x0000, 0x0000,
  0x0000, 0x0000, 0x0000, 0x0000, 0x0000, 0x0000, 0x0000, 0x0000, 0x0000, 0x0000, 0x0000, 0x0000,
  0x0000, 0x0000, 0x0000, 0x0000, 0x0000, 0x0000, 0x0000, 0x0000, 0x0000, 0x0000, 0x0000, 0x18C3,
  0x10A2, 0x0000, 0x0000, 0x0000, 0x0000, 0x0000, 0x0000, 0x0000, 0x0000, 0x0000, 0x0000, 0x0000,
  0x0000, 0x0000, 0x0000, 0x0000, 0x0000, 0x0000, 0x0841, 0x0000, 0x0000, 0x0000, 0x0000, 0x0000,
  0x0000, 0x0000, 0x0000, 0x0000, 0x0000, 0x0000, 0x0000, 0x0000, 0x0000, 0x0000, 0x0000, 0x0000,
  0x0000, 0x0000, 0x0000, 0x0000, 0x0000, 0x0000, 0x0000, 0x0000, 0x0000, 0x0000, 0x0000, 0x0020,
  0x0000, 0x0000, 0x10A2, 0x0020, 0x0000, 0x0000, 0x0000, 0x0000, 0x0000, 0x0000, 0x0000, 0x0000,
  0x0000, 0x0000, 0x0000, 0x0000, 0x0020, 0x0000, 0x0000, 0x0000, 0x0000, 0x0000, 0x0000, 0x0000,
  0x0000, 0x0861, 0x0000, 0x0000, 0x0000, 0x0000, 0x0000, 0x0861, 0x0000, 0x10A2, 0x41E7, 0x0821,
  0x0000, 0x0000, 0x0000, 0x0000, 0x0000, 0x0000, 0x0000, 0x0000, 0x0000, 0x0000, 0x0000, 0x0000,
  0x0000, 0x0000, 0x0000, 0x0000, 0x0000, 0x0000, 0x0820, 0x0861, 0x0861, 0x0820, 0x0820, 0x0820,
  0x0820, 0x0840, 0x0841, 0x0840, 0x0841, 0x0840, 0x0840, 0x0840, 0x0840, 0x0840, 0x0840, 0x0840,
  0x0840, 0x0840, 0x0861, 0x0841, 0x0840, 0x0820, 0x0020, 0x0840, 0x0840, 0x0840, 0x0840, 0x0840,
  0x0840, 0x1061, 0x0861, 0x0840, 0x0840, 0x0841, 0x0820, 0x0840, 0x0840, 0x0840, 0x0820, 0x0820,
  0x0820, 0x0840, 0x0820, 0x0840, 0x0820, 0x0840, 0x0840, 0x0841, 0x0840, 0x0840, 0x0820, 0x0840,
  0x0840, 0x0820, 0x0820, 0x0820, 0x0820, 0x0840, 0x0840, 0x0840, 0x0840, 0x0840, 0x0840, 0x0820,
  0x0820, 0x0820, 0x0840, 0x0840, 0x0840, 0x0841, 0x0820, 0x0820, 0x0820, 0x0820, 0x0820, 0x0840,
  0x0820, 0x0820, 0x0820, 0x0820, 0x0820, 0x0820, 0x0820, 0x0820, 0x0820, 0x0020, 0x0820, 0x0820,
  0x0820, 0x0820, 0x0820, 0x0820, 0x0820, 0x0820, 0x0840, 0x0820, 0x0820, 0x0820, 0x0820, 0x0820,
  0x0820, 0x0020, 0x0000, 0x0000, 0x0000, 0x0020, 0x0020, 0x0020, 0x0000, 0x0000, 0x0000, 0x0000,
  0x0000, 0x0000, 0x0000, 0x0000, 0x0000, 0x0000, 0x0000, 0x0000, 0x0000, 0x0020, 0x0000, 0x0000,
  0x0000, 0x0000, 0x0000, 0x0000, 0x0820, 0x0020, 0x0840, 0x0840, 0x0840, 0x0841, 0x0861, 0x0861,
  0x1081, 0x1081, 0x1081, 0x1081, 0x10A2, 0x18C2, 0x10A2, 0x18C2, 0x18C2, 0x18C2, 0x18C2, 0x18E2,
  0x2103, 0x2103, 0x2123, 0x2923, 0x3184, 0x3185, 0x3184, 0x2103, 0x2943, 0x2944, 0x2943, 0x2964,
  0x2964, 0x3164, 0x3164, 0x39A5, 0x3184, 0x3184, 0x31A5, 0x3185, 0x3184, 0x3184, 0x31A5, 0x31A5,
  0x31A5, 0x0841, 0x0000, 0x0000, 0x0000, 0x0000, 0x0000, 0x0000, 0x0000, 0x0000, 0x0000, 0x0000,
  0x0000, 0x0000, 0x0000, 0x0000, 0x0000, 0x0000, 0x0000, 0x0020, 0x0020, 0x0000, 0x0000, 0x0000,
  0x0000, 0x0000, 0x0000, 0x0000, 0x0000, 0x0000, 0x0000, 0x0000, 0x0000, 0x0000, 0x0000, 0x0000,
  0x0000, 0x0000, 0x0000, 0x0000, 0x0000, 0x0000, 0x0000, 0x1082, 0x0861, 0x0000, 0x0000, 0x0000,
  0x0000, 0x0000, 0x0000, 0x0000, 0x0000, 0x0000, 0x0000, 0x0000, 0x0000, 0x0000, 0x0000, 0x0000,
  0x0000, 0x0000, 0x0861, 0x0020, 0x0000, 0x0000, 0x0000, 0x0000, 0x0020, 0x0000, 0x0000, 0x0000,
  0x0000, 0x0000, 0x0000, 0x0000, 0x0000, 0x0000, 0x0000, 0x0000, 0x1082, 0x1082, 0x0000, 0x0000,
  0x0000, 0x0000, 0x0000, 0x0000, 0x0000, 0x0000, 0x0000, 0x10A2, 0x0020, 0x0000, 0x0841, 0x0020,
  0x0000, 0x0000, 0x0000, 0x0000, 0x0000, 0x0000, 0x0000, 0x0000, 0x0000, 0x0020, 0x0000, 0x0000,
  0x0020, 0x0000, 0x0000, 0x0000, 0x0000, 0x0000, 0x0000, 0x0000, 0x0000, 0x0000, 0x0000, 0x0000,
  0x0000, 0x0000, 0x0000, 0x0841, 0x0000, 0x0841, 0x18E3, 0x0020, 0x0000, 0x0000, 0x0000, 0x0000,
  0x0000, 0x0000, 0x0000, 0x0000, 0x0000, 0x0000, 0x0000, 0x0000, 0x0000, 0x0000, 0x0000, 0x0000,
  0x0000, 0x0020, 0x0000, 0x0840, 0x1061, 0x0841, 0x0820, 0x0820, 0x0020, 0x0820, 0x0840, 0x0841,
  0x0840, 0x0840, 0x0840, 0x0840, 0x0840, 0x0841, 0x0840, 0x0840, 0x0840, 0x0840, 0x0861, 0x0861,
  0x0840, 0x0840, 0x0820, 0x0820, 0x0840, 0x0840, 0x0840, 0x0840, 0x0840, 0x0861, 0x1061, 0x0840,
  0x0840, 0x0840, 0x0841, 0x0841, 0x0840, 0x0840, 0x0840, 0x0840, 0x0840, 0x0820, 0x0820, 0x0840,
  0x0820, 0x0840, 0x0840, 0x0820, 0x0840, 0x0840, 0x0820, 0x0820, 0x0840, 0x0820, 0x0840, 0x0840,
  0x0840, 0x0840, 0x0840, 0x0840, 0x0840, 0x0820, 0x0820, 0x0840, 0x0820, 0x0840, 0x0840, 0x0820,
  0x0840, 0x0841, 0x0820, 0x0820, 0x0820, 0x0820, 0x0820, 0x0840, 0x0820, 0x0820, 0x0820, 0x0820,
  0x0820, 0x0820, 0x0820, 0x0820, 0x0820, 0x0820, 0x0820, 0x0820, 0x0820, 0x0820, 0x0820, 0x0820,
  0x0820, 0x0020, 0x0840, 0x0820, 0x0820, 0x0820, 0x0820, 0x0820, 0x0820, 0x0020, 0x0020, 0x0020,
  0x0820, 0x0020, 0x0020, 0x0820, 0x0020, 0x0020, 0x0020, 0x0000, 0x0000, 0x0000, 0x0000, 0x0000,
  0x0000, 0x0000, 0x0000, 0x0000, 0x0020, 0x0020, 0x0000, 0x0000, 0x0000, 0x0000, 0x0000, 0x0020,
  0x0020, 0x0820, 0x0840, 0x0861, 0x0840, 0x0861, 0x0841, 0x1061, 0x1081, 0x1082, 0x10A2, 0x1081,
  0x10A2, 0x10A2, 0x18C2, 0x18C2, 0x18C2, 0x18C2, 0x18C2, 0x18E2, 0x2102, 0x2103, 0x2103, 0x2964,
  0x3184, 0x31A5, 0x2923, 0x2923, 0x2944, 0x2943, 0x2944, 0x2944, 0x2964, 0x2964, 0x3184, 0x39A5,
  0x3164, 0x3184, 0x3184, 0x3184, 0x3184, 0x3184, 0x3184, 0x39C5, 0x18C2, 0x0000, 0x0000, 0x0000,
  0x0840, 0x0861, 0x0000, 0x0000, 0x0000, 0x0000, 0x0020, 0x1082, 0x0841, 0x0000, 0x0000, 0x0000,
  0x0000, 0x0000, 0x0841, 0x0000, 0x0000, 0x0000, 0x0000, 0x0000, 0x0000, 0x0020, 0x1082, 0x0000,
  0x0000, 0x0000, 0x0000, 0x0000, 0x0000, 0x0000, 0x0000, 0x0000, 0x0020, 0x0000, 0x0020, 0x0020,
  0x0000, 0x0000, 0x0000, 0x0000, 0x0000, 0x0000, 0x0000, 0x0000, 0x0000, 0x0000, 0x0000, 0x0000,
  0x0000, 0x0000, 0x0000, 0x0000, 0x0841, 0x0000, 0x0000, 0x0000, 0x0000, 0x0000, 0x0000, 0x0000,
  0x0000, 0x0000, 0x0000, 0x0000, 0x0000, 0x0000, 0x0000, 0x0000, 0x0000, 0x0000, 0x0000, 0x0000,
  0x0000, 0x0020, 0x0861, 0x0000, 0x0861, 0x0861, 0x0000, 0x0000, 0x0000, 0x0000, 0x0000, 0x0000,
  0x0000, 0x0000, 0x0000, 0x0000, 0x0000, 0x0000, 0x0000, 0x0000, 0x0000, 0x0000, 0x0000, 0x0000,
  0x0000, 0x0000, 0x0000, 0x0000, 0x0000, 0x0000, 0x0000, 0x0000, 0x0000, 0x0000, 0x0000, 0x0000,
  0x0000, 0x0000, 0x0000, 0x0000, 0x0000, 0x0000, 0x0020, 0x1082, 0x0000, 0x0000, 0x0000, 0x0000,
  0x0000, 0x0000, 0x0000, 0x0000, 0x0000, 0x0000, 0x0000, 0x0000, 0x0000, 0x0000, 0x0000, 0x0000,
  0x0000, 0x0000, 0x0000, 0x0000, 0x0000, 0x0000, 0x0000, 0x0000, 0x0020, 0x0000, 0x0020, 0x0020,
  0x0841, 0x0861, 0x0840, 0x0020, 0x0820, 0x0820, 0x0820, 0x0841, 0x0840, 0x0840, 0x0840, 0x0840,
  0x0840, 0x0840, 0x0840, 0x0840, 0x0840, 0x0840, 0x0841, 0x0861, 0x0841, 0x0840, 0x0820, 0x0840,
  0x0841, 0x0840, 0x0840, 0x0840, 0x0840, 0x0840, 0x1061, 0x0841, 0x0820, 0x0840, 0x0841, 0x0840,
  0x0840, 0x0840, 0x1081, 0x1081, 0x0820, 0x0841, 0x0841, 0x0840, 0x0861, 0x0820, 0x0841, 0x0861,
  0x0840, 0x0840, 0x0820, 0x0840, 0x0840, 0x0820, 0x0840, 0x0840, 0x0840, 0x0840, 0x0820, 0x0840,
  0x0840, 0x0841, 0x1081, 0x0841, 0x0841, 0x0841, 0x0841, 0x0840, 0x0820, 0x0841, 0x0820, 0x0820,
  0x0820, 0x0820, 0x0820, 0x0841, 0x0840, 0x0820, 0x0820, 0x0820, 0x0820, 0x0020, 0x0820, 0x0820,
  0x0820, 0x0820, 0x0820, 0x0820, 0x0820, 0x0820, 0x0820, 0x0820, 0x0820, 0x0820, 0x0820, 0x0820,
  0x0820, 0x0820, 0x0820, 0x0820, 0x0820, 0x0020, 0x0020, 0x0020, 0x0820, 0x0020, 0x0020, 0x0020,
  0x0000, 0x0000, 0x0020, 0x0000, 0x0000, 0x0000, 0x0000, 0x0000, 0x0000, 0x0000, 0x0000, 0x0000,
  0x0000, 0x0000, 0x0000, 0x0000, 0x0020, 0x0000, 0x0820, 0x0820, 0x0020, 0x0020, 0x0840, 0x0840,
  0x0820, 0x0841, 0x0841, 0x0861, 0x1061, 0x1061, 0x1081, 0x1081, 0x10A2, 0x10A2, 0x18C2, 0x18C2,
  0x18C2, 0x18C2, 0x18C2, 0x18E2, 0x2103, 0x2103, 0x2123, 0x3164, 0x3184, 0x3164, 0x2103, 0x2943,
  0x2943, 0x2943, 0x2943, 0x2944, 0x2964, 0x2964, 0x39A5, 0x3164, 0x3164, 0x3164, 0x3184, 0x3184,
  0x3184, 0x3184, 0x39A5, 0x2123, 0x0000, 0x0000, 0x0000, 0x0000, 0x0841, 0x10A2, 0x0000, 0x0000,
  0x0000, 0x0000, 0x0000, 0x1082, 0x0861, 0x0000, 0x0000, 0x0000, 0x0000, 0x0000, 0x0000, 0x0000,
  0x0000, 0x0000, 0x0000, 0x0000, 0x0000, 0x0841, 0x18E3, 0x0000, 0x0000, 0x0000, 0x0000, 0x0000,
  0x0000, 0x0000, 0x0000, 0x0000, 0x0000, 0x0000, 0x0020, 0x0841, 0x0000, 0x0000, 0x0000, 0x0000,
  0x0000, 0x0000, 0x0000, 0x0000, 0x0000, 0x0000, 0x0000, 0x0000, 0x0000, 0x0000, 0x0000, 0x0000,
  0x0000, 0x0000, 0x0000, 0x0000, 0x0000, 0x0000, 0x0000, 0x0000, 0x0000, 0x0000, 0x0000, 0x0000,
  0x0000, 0x0000, 0x0000, 0x0000, 0x0000, 0x0000, 0x0000, 0x0000, 0x0000, 0x0020, 0x1082, 0x0000,
  0x0000, 0x0000, 0x0000, 0x0000, 0x0000, 0x0000, 0x0000, 0x0000, 0x0000, 0x0000, 0x0000, 0x0000,
  0x0000, 0x0000, 0x0000, 0x0000, 0x0000, 0x0841, 0x0000, 0x0000, 0x0000, 0x0000, 0x0000, 0x0000,
  0x0000, 0x0000, 0x0000, 0x0000, 0x0000, 0x0000, 0x0000, 0x0000, 0x0000, 0x0000, 0x0000, 0x0000,
  0x0000, 0x0000, 0x0000, 0x0020, 0x0000, 0x0020, 0x0000, 0x0000, 0x0000, 0x0000, 0x0000, 0x0000,
  0x0000, 0x0000, 0x0000, 0x0000, 0x0000, 0x0000, 0x0000, 0x0000, 0x0000, 0x0000, 0x0000, 0x0000,
  0x0000, 0x0000, 0x0000, 0x0000, 0x0000, 0x0000, 0x0000, 0x0000, 0x0020, 0x0841, 0x0861, 0x0820,
  0x0820, 0x0820, 0x0020, 0x0820, 0x0840, 0x0840, 0x0840, 0x0820, 0x0840, 0x0840, 0x0840, 0x0840,
  0x0840, 0x0820, 0x0840, 0x0861, 0x0861, 0x0840, 0x0840, 0x0820, 0x0820, 0x0840, 0x0840, 0x0840,
  0x0840, 0x0840, 0x1061, 0x0861, 0x0840, 0x0840, 0x0840, 0x0840, 0x0840, 0x0840, 0x0820, 0x0840,
  0x0820, 0x0840, 0x0840, 0x0840, 0x0841, 0x0820, 0x0840, 0x0861, 0x0840, 0x0820, 0x0840, 0x0820,
  0x0840, 0x0820, 0x0820, 0x0840, 0x0840, 0x0840, 0x0841, 0x0840, 0x0840, 0x0840, 0x0861, 0x0841,
  0x0840, 0x1061, 0x1061, 0x0840, 0x0820, 0x0840, 0x0820, 0x0820, 0x0820, 0x0820, 0x0820, 0x0820,
  0x0820, 0x0820, 0x0820, 0x0820, 0x0820, 0x0841, 0x0820, 0x0820, 0x0820, 0x0820, 0x0820, 0x0820,
  0x0820, 0x0820, 0x0820, 0x0820, 0x0020, 0x0820, 0x0820, 0x0820, 0x0020, 0x0820, 0x0820, 0x0820,
  0x0020, 0x0020, 0x0000, 0x0020, 0x0020, 0x0820, 0x0820, 0x0000, 0x0841, 0x0020, 0x0020, 0x0840,
  0x0000, 0x0000, 0x0000, 0x0000, 0x0000, 0x0000, 0x0000, 0x0000, 0x0000, 0x0000, 0x0840, 0x0020,
  0x0841, 0x0020, 0x0820, 0x0820, 0x0020, 0x0020, 0x0841, 0x0820, 0x0840, 0x0841, 0x0861, 0x0861,
  0x1061, 0x1081, 0x1061, 0x1082, 0x10A2, 0x10A2, 0x18C2, 0x18A2, 0x18C2, 0x18C2, 0x18E2, 0x20E3,
  0x2103, 0x2103, 0x2944, 0x3164, 0x3185, 0x2123, 0x2123, 0x2943, 0x2943, 0x2943, 0x2943, 0x2964,
  0x2944, 0x3184, 0x3184, 0x3164, 0x3164, 0x3164, 0x3184, 0x3164, 0x3164, 0x3185, 0x2964, 0x0000,
  0x0000, 0x0000, 0x0000, 0x0000, 0x0000, 0x0000, 0x0000, 0x0000, 0x0000, 0x0000, 0x0000, 0x0000,
  0x0000, 0x0000, 0x0000, 0x0000, 0x0000, 0x0000, 0x0000, 0x0000, 0x0000, 0x0000, 0x0000, 0x0000,
  0x0000, 0x0000, 0x0000, 0x0000, 0x0000, 0x0000, 0x0000, 0x0000, 0x0000, 0x0000, 0x0000, 0x0000,
  0x0000, 0x0000, 0x0000, 0x0000, 0x0000, 0x0000, 0x0000, 0x0000, 0x0000, 0x0000, 0x0000, 0x0841,
  0x0020, 0x0000, 0x0000, 0x0000, 0x0000, 0x0000, 0x0000, 0x0000, 0x0000, 0x0000, 0x0000, 0x0000,
  0x0000, 0x0000, 0x0000, 0x0000, 0x0000, 0x0000, 0x0861, 0x0841, 0x0000, 0x0000, 0x0000, 0x0000,
  0x0000, 0x0000, 0x0000, 0x0000, 0x0000, 0x0000, 0x0000, 0x0020, 0x0841, 0x0000, 0x0000, 0x0000,
  0x0020, 0x0000, 0x0000, 0x0000, 0x0000, 0x0000, 0x0000, 0x0000, 0x0000, 0x0000, 0x0000, 0x0000,
  0x0000, 0x0020, 0x0000, 0x0000, 0x0020, 0x0020, 0x0000, 0x0000, 0x0000, 0x0000, 0x0000, 0x0000,
  0x0000, 0x0020, 0x0000, 0x0000, 0x0000, 0x0000, 0x0000, 0x0000, 0x0000, 0x0000, 0x0000, 0x0000,
  0x0000, 0x0000, 0x0000, 0x0000, 0x0000, 0x0000, 0x0000, 0x0000, 0x0000, 0x0000, 0x0000, 0x0000,
  0x0020, 0x0000, 0x0000, 0x0000, 0x0000, 0x0000, 0x0000, 0x0000, 0x0000, 0x0000, 0x0000, 0x0000,
  0x0000, 0x0000, 0x0841, 0x0000, 0x0000, 0x0020, 0x0861, 0x0841, 0x0820, 0x0020, 0x0820, 0x0820,
  0x0840, 0x0820, 0x0840, 0x0840, 0x0820, 0x0840, 0x0840, 0x0840, 0x0840, 0x0840, 0x0840, 0x0840,
  0x0861, 0x0840, 0x0840, 0x0820, 0x0840, 0x0820, 0x0840, 0x0840, 0x0840, 0x0820, 0x0840, 0x1061,
  0x0840, 0x0820, 0x0840, 0x0840, 0x0840, 0x0840, 0x0840, 0x0820, 0x0841, 0x0820, 0x0820, 0x0820,
  0x0820, 0x0820, 0x0820, 0x0820, 0x0840, 0x0840, 0x0820, 0x0820, 0x0840, 0x0820, 0x0820, 0x0820,
  0x0840, 0x0840, 0x0840, 0x0840, 0x0840, 0x0840, 0x0840, 0x0840, 0x0820, 0x0820, 0x0820, 0x0820,
  0x0820, 0x0840, 0x0820, 0x0820, 0x0820, 0x0820, 0x0820, 0x0820, 0x0820, 0x0820, 0x0820, 0x0820,
  0x0820, 0x0820, 0x0820, 0x0820, 0x0820, 0x0840, 0x0820, 0x0820, 0x0861, 0x0841, 0x0840, 0x0820,
  0x0820, 0x0820, 0x0020, 0x0020, 0x0020, 0x0820, 0x0820, 0x0820, 0x0020, 0x0020, 0x0000, 0x0020,
  0x0000, 0x0020, 0x0820, 0x0000, 0x0820, 0x0020, 0x0000, 0x0000, 0x0000, 0x0000, 0x0000, 0x0000,
  0x0000, 0x0000, 0x0000, 0x0000, 0x0000, 0x0000, 0x0000, 0x0000, 0x0000, 0x0020, 0x0000, 0x0820,
  0x0020, 0x0820, 0x0861, 0x0820, 0x0840, 0x0841, 0x0861, 0x0861, 0x0861, 0x1061, 0x1081, 0x1081,
  0x10A1, 0x18C2, 0x18A2, 0x18A2, 0x18C2, 0x18C2, 0x18E3, 0x2103, 0x2103, 0x2123, 0x3164, 0x3185,
  0x2964, 0x2102, 0x2943, 0x2943, 0x2943, 0x2943, 0x2943, 0x3164, 0x3164, 0x3185, 0x3164, 0x3164,
  0x2964, 0x3164, 0x3164, 0x2964, 0x3184, 0x3164, 0x0841, 0x0000, 0x0000, 0x0000, 0x0000, 0x0000,
  0x0000, 0x0000, 0x0000, 0x0000, 0x0000, 0x0000, 0x0000, 0x0000, 0x0000, 0x0000, 0x0000, 0x0000,
  0x0000, 0x0000, 0x0000, 0x0000, 0x0000, 0x0000, 0x0000, 0x0000, 0x0000, 0x0000, 0x0000, 0x0000,
  0x0000, 0x0000, 0x0000, 0x0000, 0x0000, 0x0000, 0x0000, 0x0000, 0x0000, 0x0000, 0x0000, 0x0000,
  0x0000, 0x0000, 0x0000, 0x0000, 0x0000, 0x0000, 0x0000, 0x0841, 0x0020, 0x0000, 0x0000, 0x0000,
  0x0000, 0x0000, 0x0000, 0x0000, 0x0000, 0x0000, 0x0000, 0x0000, 0x0000, 0x0000, 0x0000, 0x0000,
  0x0000, 0x0000, 0x0000, 0x0000, 0x0000, 0x0000, 0x0000, 0x0861, 0x0020, 0x0020, 0x0000, 0x0000,
  0x0000, 0x0000, 0x0000, 0x0020, 0x0020, 0x0000, 0x0000, 0x0000, 0x0000, 0x0000, 0x0000, 0x0000,
  0x0000, 0x0000, 0x0000, 0x0000, 0x0000, 0x0020, 0x0020, 0x0000, 0x0000, 0x0000, 0x0000, 0x0000,
  0x0020, 0x0000, 0x0000, 0x0000, 0x0000, 0x0000, 0x0000, 0x0000, 0x0000, 0x0000, 0x0000, 0x0000,
  0x0020, 0x0000, 0x0000, 0x0000, 0x0000, 0x0000, 0x0000, 0x0000, 0x0000, 0x0000, 0x0000, 0x0000,
  0x0000, 0x0000, 0x0000, 0x0000, 0x0000, 0x0000, 0x0000, 0x0000, 0x0841, 0x0020, 0x0000, 0x0000,
  0x0000, 0x0000, 0x0000, 0x0000, 0x0000, 0x0000, 0x0000, 0x0000, 0x0000, 0x0000, 0x0020, 0x0000,
  0x0020, 0x0000, 0x0820, 0x0861, 0x0841, 0x0020, 0x0820, 0x0820, 0x0820, 0x0840, 0x0840, 0x0840,
  0x0820, 0x0840, 0x0840, 0x0840, 0x0840, 0x0840, 0x0840, 0x0840, 0x0841, 0x0861, 0x0840, 0x0840,
  0x0841, 0x0840, 0x0840, 0x0820, 0x0840, 0x0820, 0x0840, 0x1061, 0x0861, 0x0820, 0x0840, 0x0840,
  0x0840, 0x0840, 0x0820, 0x0820, 0x0861, 0x0840, 0x0820, 0x0820, 0x0840, 0x0840, 0x0840, 0x0840,
  0x0841, 0x0841, 0x0841, 0x0841, 0x0840, 0x0820, 0x0820, 0x0840, 0x0840, 0x0840, 0x0820, 0x0820,
  0x0840, 0x0840, 0x0840, 0x0840, 0x0840, 0x0840, 0x0840, 0x0840, 0x0820, 0x0840, 0x0820, 0x0820,
  0x0820, 0x0820, 0x0820, 0x0820, 0x0820, 0x0820, 0x0820, 0x0820, 0x0820, 0x0820, 0x0820, 0x0820,
  0x0820, 0x0820, 0x0820, 0x0820, 0x0820, 0x0820, 0x0820, 0x0820, 0x0820, 0x0820, 0x0820, 0x0820,
  0x0020, 0x0820, 0x0820, 0x0820, 0x0000, 0x0020, 0x0000, 0x0000, 0x0020, 0x0020, 0x0820, 0x0000,
  0x0000, 0x0000, 0x0820, 0x0020, 0x0020, 0x0820, 0x0020, 0x0020, 0x0820, 0x0020, 0x0000, 0x0000,
  0x0000, 0x0000, 0x0000, 0x0000, 0x0000, 0x0000, 0x0000, 0x0000, 0x0020, 0x0840, 0x0820, 0x0820,
  0x0840, 0x0841, 0x0861, 0x0861, 0x0861, 0x0861, 0x1081, 0x1081, 0x10A2, 0x18C2, 0x10A1, 0x18C2,
  0x18C2, 0x18E2, 0x20E3, 0x2103, 0x2103, 0x2944, 0x3184, 0x3184, 0x2103, 0x2123, 0x2943, 0x2943,
  0x2943, 0x2943, 0x2964, 0x2964, 0x3184, 0x3164, 0x3164, 0x2944, 0x2964, 0x3164, 0x2964, 0x3164,
  0x31A5, 0x0861, 0x10A2, 0x2965, 0x0000, 0x0000, 0x0000, 0x0000, 0x0000, 0x0000, 0x0000, 0x0000,
  0x0000, 0x0000, 0x0000, 0x0000, 0x0000, 0x0000, 0x0000, 0x0000, 0x0000, 0x0000, 0x0000, 0x0000,
  0x0000, 0x0000, 0x0000, 0x0000, 0x0000, 0x0000, 0x0000, 0x0000, 0x0000, 0x0000, 0x0000, 0x0000,
  0x0000, 0x0000, 0x0000, 0x0000, 0x0000, 0x0000, 0x0000, 0x0000, 0x0000, 0x0000, 0x0020, 0x0841,
  0x0000, 0x0000, 0x0000, 0x0000, 0x1082, 0x0020, 0x0000, 0x0000, 0x0861, 0x0841, 0x0000, 0x0000,
  0x0000, 0x0000, 0x0000, 0x0000, 0x0000, 0x0000, 0x0000, 0x0000, 0x0000, 0x0000, 0x0000, 0x0000,
  0x0000, 0x0000, 0x0000, 0x0020, 0x0841, 0x1082, 0x0020, 0x1082, 0x0000, 0x0000, 0x0000, 0x0000,
  0x0000, 0x0000, 0x0000, 0x0000, 0x0000, 0x0020, 0x0000, 0x0000, 0x0000, 0x0020, 0x0000, 0x0000,
  0x0000, 0x0020, 0x0000, 0x0000, 0x0000, 0x0000, 0x0000, 0x0000, 0x0000, 0x0000, 0x0000, 0x0000,
  0x0000, 0x0000, 0x0000, 0x0000, 0x0000, 0x0000, 0x0000, 0x0020, 0x0841, 0x0000, 0x0000, 0x0000,
  0x0000, 0x0000, 0x0000, 0x0000, 0x0000, 0x0000, 0x0000, 0x0000, 0x0000, 0x0000, 0x0000, 0x0000,
  0x0000, 0x0000, 0x0000, 0x0000, 0x0000, 0x0000, 0x0000, 0x0000, 0x0020, 0x0020, 0x0000, 0x0000,
  0x0000, 0x0000, 0x0000, 0x0000, 0x0000, 0x0000, 0x0000, 0x0000, 0x0000, 0x0020, 0x0820, 0x0841,
  0x0861, 0x0840, 0x0020, 0x0820, 0x0820, 0x0820, 0x0840, 0x0841, 0x0820, 0x0820, 0x0840, 0x0841,
  0x0840, 0x0840, 0x0840, 0x0840, 0x0840, 0x0861, 0x0841, 0x0840, 0x0820, 0x0841, 0x0840, 0x0820,
  0x0820, 0x0820, 0x0020, 0x0861, 0x1061, 0x0820, 0x0820, 0x0840, 0x0841, 0x0820, 0x0820, 0x0820,
  0x0020, 0x0820, 0x0820, 0x0820, 0x0840, 0x0840, 0x0820, 0x0820, 0x0840, 0x0820, 0x0841, 0x0840,
  0x0820, 0x0840, 0x0820, 0x0820, 0x0820, 0x0820, 0x0820, 0x0820, 0x0820, 0x0820, 0x0840, 0x0840,
  0x0840, 0x0820, 0x0840, 0x0820, 0x0820, 0x0840, 0x0820, 0x0820, 0x0820, 0x0820, 0x0820, 0x0820,
  0x0820, 0x0820, 0x0820, 0x0820, 0x0820, 0x0820, 0x0820, 0x0820, 0x0820, 0x0820, 0x0820, 0x0820,
  0x0820, 0x0820, 0x0820, 0x0820, 0x0820, 0x0020, 0x0020, 0x0820, 0x0820, 0x0820, 0x0820, 0x0820,
  0x0000, 0x0020, 0x0020, 0x0000, 0x0840, 0x0820, 0x0020, 0x0000, 0x0000, 0x0020, 0x0841, 0x0000,
  0x0000, 0x0020, 0x0000, 0x0000, 0x0000, 0x0000, 0x0000, 0x0000, 0x0000, 0x0000, 0x0000, 0x0000,
  0x0000, 0x0000, 0x0000, 0x0000, 0x0820, 0x0861, 0x0820, 0x0820, 0x0840, 0x0841, 0x0841, 0x0861,
  0x0861, 0x0861, 0x1081, 0x1081, 0x10A2, 0x10A2, 0x10A2, 0x18C2, 0x18C2, 0x18E2, 0x18E3, 0x2103,
  0x2123, 0x3164, 0x3184, 0x2943, 0x2102, 0x2943, 0x2943, 0x2923, 0x2923, 0x2943, 0x2943, 0x3164,
  0x3184, 0x2964, 0x2944, 0x2943, 0x3164, 0x2964, 0x3164, 0x3185, 0x10C2, 0x0000, 0x0841, 0x0861,
  0x0000, 0x0000, 0x0000, 0x0020, 0x0000, 0x0000, 0x0000, 0x0000, 0x0000, 0x0000, 0x0000, 0x0000,
  0x0000, 0x0000, 0x0000, 0x0000, 0x0000, 0x0000, 0x0000, 0x0000, 0x0000, 0x0000, 0x0000, 0x0000,
  0x0000, 0x0000, 0x0000, 0x0000, 0x0000, 0x0020, 0x1082, 0x0000, 0x0000, 0x0000, 0x0000, 0x0000,
  0x0000, 0x0000, 0x0000, 0x0000, 0x0000, 0x0000, 0x0020, 0x0841, 0x0000, 0x0000, 0x0000, 0x0000,
  0x0020, 0x0000, 0x0000, 0x0000, 0x0020, 0x0000, 0x0000, 0x0000, 0x0000, 0x0000, 0x0000, 0x0000,
  0x0000, 0x0000, 0x0000, 0x0000, 0x0000, 0x0000, 0x0000, 0x0000, 0x0000, 0x0000, 0x0000, 0x0000,
  0x0000, 0x0000, 0x0000, 0x0020, 0x0020, 0x0000, 0x0000, 0x0000, 0x0000, 0x0000, 0x0000, 0x0000,
  0x0000, 0x10A2, 0x0020, 0x0000, 0x0000, 0x0861, 0x0020, 0x0000, 0x0000, 0x0000, 0x0000, 0x0000,
  0x0000, 0x0000, 0x0000, 0x0000, 0x0000, 0x0000, 0x0000, 0x0000, 0x0000, 0x0000, 0x0000, 0x0000,
  0x0000, 0x0000, 0x0000, 0x0000, 0x0020, 0x0000, 0x0000, 0x0000, 0x0000, 0x0000, 0x0000, 0x0000,
  0x0000, 0x0000, 0x0000, 0x0000, 0x0000, 0x0000, 0x0000, 0x0000, 0x0000, 0x0000, 0x0020, 0x0000,
  0x0000, 0x0000, 0x0000, 0x0000, 0x0020, 0x0020, 0x0000, 0x0000, 0x0000, 0x0000, 0x0000, 0x0000,
  0x0000, 0x0000, 0x0000, 0x0000, 0x0000, 0x0000, 0x0020, 0x0020, 0x0840, 0x0841, 0x0820, 0x0820,
  0x0820, 0x0020, 0x0820, 0x0841, 0x0841, 0x0820, 0x0840, 0x0840, 0x0840, 0x0840, 0x0840, 0x0840,
  0x0840, 0x0841, 0x0861, 0x0840, 0x0840, 0x0840, 0x0820, 0x0840, 0x0820, 0x0820, 0x0820, 0x0820,
  0x1061, 0x0841, 0x0020, 0x0820, 0x0841, 0x0820, 0x0820, 0x0020, 0x0841, 0x0861, 0x0820, 0x0820,
  0x0820, 0x0820, 0x0840, 0x0841, 0x0820, 0x0840, 0x0840, 0x0820, 0x0820, 0x0820, 0x0820, 0x0820,
  0x0820, 0x0820, 0x0840, 0x0820, 0x0820, 0x0840, 0x0840, 0x0820, 0x0840, 0x0820, 0x0840, 0x0820,
  0x0820, 0x0840, 0x0820, 0x0820, 0x0820, 0x0820, 0x0820, 0x0820, 0x0820, 0x0820, 0x0820, 0x0820,
  0x0820, 0x0820, 0x0820, 0x0820, 0x0820, 0x0820, 0x0820, 0x0820, 0x0820, 0x0820, 0x0820, 0x0820,
  0x0020, 0x0820, 0x0020, 0x0000, 0x0820, 0x0820, 0x0820, 0x0000, 0x0000, 0x0000, 0x0000, 0x0000,
  0x0000, 0x0000, 0x0000, 0x0000, 0x0000, 0x0000, 0x0000, 0x0000, 0x0000, 0x0000, 0x0000, 0x0000,
  0x0000, 0x0000, 0x0000, 0x0000, 0x0020, 0x0820, 0x0820, 0x0000, 0x0000, 0x0000, 0x0820, 0x0820,
  0x0820, 0x0020, 0x0020, 0x0840, 0x0840, 0x0841, 0x0841, 0x0841, 0x1061, 0x1081, 0x10A2, 0x1081,
  0x18C2, 0x18C2, 0x10A2, 0x18C2, 0x18E2, 0x18E2, 0x2103, 0x20E2, 0x2964, 0x3164, 0x2964, 0x2102,
  0x2123, 0x2943, 0x2923, 0x2923, 0x2923, 0x2944, 0x2944, 0x3184, 0x2944, 0x2944, 0x2943, 0x2964,
  0x2964, 0x2963, 0x3185, 0x18E3, 0x0000, 0x0000, 0x0000, 0x0000, 0x0000, 0x0000, 0x0000, 0x0000,
  0x0000, 0x0000, 0x0000, 0x0000, 0x0020, 0x0000, 0x0000, 0x0000, 0x0000, 0x0000, 0x0000, 0x0000,
  0x0000, 0x0000, 0x0000, 0x0000, 0x0000, 0x0000, 0x0000, 0x0000, 0x0000, 0x0000, 0x0000, 0x0000,
  0x0000, 0x0000, 0x0861, 0x0000, 0x0000, 0x0000, 0x0000, 0x0000, 0x0000, 0x0000, 0x0000, 0x0000,
  0x0000, 0x0000, 0x0000, 0x0000, 0x0000, 0x0000, 0x0000, 0x0000, 0x0000, 0x0000, 0x0000, 0x0000,
  0x0000, 0x0000, 0x0000, 0x0000, 0x0000, 0x0020, 0x0000, 0x0000, 0x0000, 0x0000, 0x0000, 0x0000,
  0x0000, 0x0000, 0x0000, 0x0000, 0x0000, 0x0000, 0x0000, 0x0000, 0x0000, 0x0000, 0x0000, 0x0000,
  0x0020, 0x0000, 0x0000, 0x0000, 0x0000, 0x0000, 0x0000, 0x0000, 0x0000, 0x0841, 0x0020, 0x0000,
  0x0000, 0x0000, 0x0000, 0x0000, 0x0000, 0x0000, 0x0000, 0x0000, 0x0000, 0x0000, 0x0000, 0x0000,
  0x0000, 0x0000, 0x0000, 0x0000, 0x0000, 0x0000, 0x0000, 0x0000, 0x0000, 0x0000, 0x0000, 0x0000,
  0x0000, 0x0000, 0x0000, 0x0000, 0x0000, 0x0000, 0x0000, 0x0000, 0x0000, 0x0841, 0x0020, 0x0000,
  0x0000, 0x0000, 0x0000, 0x0000, 0x0000, 0x0000, 0x0000, 0x0000, 0x0000, 0x0000, 0x0000, 0x0000,
  0x0000, 0x0000, 0x0000, 0x0000, 0x0000, 0x0000, 0x0000, 0x0000, 0x0000, 0x0000, 0x0000, 0x0000,
  0x0000, 0x0000, 0x0000, 0x0020, 0x0020, 0x0820, 0x0820, 0x0820, 0x0840, 0x0840, 0x0820, 0x0841,
  0x0861, 0x0840, 0x0020, 0x0840, 0x0840, 0x0840, 0x0840, 0x0840, 0x0840, 0x0840, 0x0841, 0x0841,
  0x0820, 0x0820, 0x0840, 0x0820, 0x0820, 0x0820, 0x0820, 0x0020, 0x0841, 0x0861, 0x0820, 0x0820,
  0x0020, 0x0820, 0x0820, 0x0840, 0x0840, 0x0820, 0x0820, 0x0820, 0x0820, 0x0820, 0x0840, 0x0841,
  0x0820, 0x0861, 0x0840, 0x0840, 0x0820, 0x0820, 0x0840, 0x0820, 0x0820, 0x0820, 0x0840, 0x0820,
  0x0820, 0x0840, 0x0820, 0x0820, 0x0820, 0x0820, 0x0820, 0x0820, 0x0820, 0x0820, 0x0840, 0x0820,
  0x0820, 0x0820, 0x0820, 0x0820, 0x0820, 0x0820, 0x0820, 0x0820, 0x0820, 0x0820, 0x0820, 0x0820,
  0x0820, 0x0820, 0x0820, 0x0820, 0x0820, 0x0820, 0x0020, 0x0020, 0x0020, 0x0020, 0x0820, 0x0820,
  0x0820, 0x0820, 0x0820, 0x0841, 0x0820, 0x0820, 0x0840, 0x0840, 0x0820, 0x0820, 0x0820, 0x0020,
  0x0820, 0x0820, 0x0820, 0x0820, 0x0000, 0x0820, 0x0020, 0x0820, 0x0000, 0x0820, 0x0820, 0x0840,
  0x0861, 0x0841, 0x0820, 0x0000, 0x0000, 0x0020, 0x0820, 0x0841, 0x0820, 0x0020, 0x0820, 0x0840,
  0x0840, 0x0841, 0x0841, 0x0861, 0x0861, 0x1081, 0x1081, 0x10A2, 0x10A2, 0x18A2, 0x18C2, 0x18C2,
  0x18E2, 0x18E2, 0x18E2, 0x2923, 0x2964, 0x3164, 0x2103, 0x2103, 0x2923, 0x2123, 0x2123, 0x2123,
  0x2943, 0x2943, 0x3164, 0x2944, 0x2944, 0x2943, 0x2944, 0x2943, 0x2943, 0x3185, 0x2103, 0x0000,
  0x0000, 0x0000, 0x0000, 0x0000, 0x0000, 0x0000, 0x0000, 0x0000, 0x0000, 0x0000, 0x0000, 0x0000,
  0x0000, 0x0000, 0x0000, 0x0000, 0x0000, 0x0000, 0x0000, 0x0000, 0x0000, 0x0000, 0x0000, 0x0000,
  0x0000, 0x0020, 0x0000, 0x0000, 0x0000, 0x0000, 0x0000, 0x0000, 0x0000, 0x0000, 0x0000, 0x0000,
  0x0000, 0x1082, 0x0020, 0x0000, 0x0000, 0x0000, 0x0000, 0x0000, 0x0000, 0x0000, 0x0000, 0x0000,
  0x0000, 0x0000, 0x0000, 0x0000, 0x0000, 0x0000, 0x0000, 0x0000, 0x0000, 0x0000, 0x0000, 0x0000,
  0x0000, 0x0000, 0x0000, 0x0000, 0x0000, 0x0000, 0x0000, 0x0000, 0x0000, 0x0000, 0x0000, 0x0000,
  0x0000, 0x0000, 0x0000, 0x0000, 0x0000, 0x0000, 0x0000, 0x10A2, 0x0000, 0x0000, 0x0000, 0x0000,
  0x0000, 0x0000, 0x18A3, 0x2104, 0x0000, 0x0000, 0x0000, 0x0000, 0x0000, 0x0000, 0x0000, 0x0000,
  0x0000, 0x0000, 0x0000, 0x0000, 0x0000, 0x0000, 0x0000, 0x0000, 0x0000, 0x0000, 0x0000, 0x0000,
  0x0000, 0x0000, 0x0000, 0x0000, 0x0000, 0x0000, 0x0000, 0x0020, 0x0020, 0x0000, 0x0000, 0x0000,
  0x0000, 0x0020, 0x0020, 0x0000, 0x0000, 0x1082, 0x0841, 0x0000, 0x0000, 0x0000, 0x0000, 0x0000,
  0x0000, 0x0000, 0x0000, 0x0000, 0x0000, 0x0000, 0x0000, 0x0000, 0x0000, 0x0000, 0x0000, 0x0000,
  0x0000, 0x0000, 0x0000, 0x0000, 0x0000, 0x0000, 0x0000, 0x0000, 0x0000, 0x0000, 0x0000, 0x0000,
  0x0020, 0x0020, 0x0820, 0x0820, 0x0840, 0x0840, 0x0840, 0x0840, 0x0861, 0x0841, 0x0840, 0x0820,
  0x0820, 0x0840, 0x0840, 0x0840, 0x0840, 0x0840, 0x0840, 0x0861, 0x0840, 0x0820, 0x0820, 0x0820,
  0x0820, 0x0820, 0x0820, 0x0820, 0x0840, 0x0861, 0x0841, 0x0820, 0x0840, 0x0820, 0x0820, 0x0840,
  0x0820, 0x0820, 0x0840, 0x0820, 0x0820, 0x0820, 0x0820, 0x0820, 0x0840, 0x0840, 0x0820, 0x0840,
  0x0840, 0x0840, 0x0840, 0x0820, 0x0820, 0x0820, 0x0820, 0x0820, 0x0820, 0x0820, 0x0820, 0x0820,
  0x0820, 0x0820, 0x0820, 0x0820, 0x0820, 0x0820, 0x0820, 0x0820, 0x0820, 0x0820, 0x0020, 0x0820,
  0x0820, 0x0820, 0x0820, 0x0820, 0x0820, 0x0820, 0x0820, 0x0820, 0x0820, 0x0820, 0x0820, 0x0820,
  0x0820, 0x0820, 0x0820, 0x0820, 0x0820, 0x0020, 0x0020, 0x0820, 0x0820, 0x0820, 0x0820, 0x0841,
  0x0820, 0x0840, 0x0820, 0x0841, 0x0820, 0x0820, 0x0840, 0x0020, 0x0820, 0x0000, 0x0020, 0x0020,
  0x0000, 0x0020, 0x0000, 0x0020, 0x0000, 0x0000, 0x0000, 0x0020, 0x0020, 0x0000, 0x0000, 0x0000,
  0x0000, 0x0000, 0x0000, 0x0020, 0x0020, 0x0020, 0x0820, 0x0840, 0x0841, 0x0841, 0x0861, 0x1061,
  0x1081, 0x1081, 0x1081, 0x10A2, 0x18C2, 0x18C2, 0x18C2, 0x18E2, 0x18E2, 0x18E2, 0x2102, 0x2964,
  0x2964, 0x2943, 0x20E2, 0x2123, 0x2123, 0x2103, 0x2123, 0x2923, 0x2943, 0x3164, 0x2944, 0x2943,
  0x2943, 0x2943, 0x2943, 0x2963, 0x31A5, 0x2924, 0x0000, 0x0000, 0x0000, 0x0000, 0x0000, 0x0000,
  0x0000, 0x0000, 0x0000, 0x0000, 0x0000, 0x0000, 0x0000, 0x0000, 0x0000, 0x0000, 0x0000, 0x0000,
  0x0000, 0x0000, 0x0000, 0x0000, 0x0000, 0x0000, 0x0000, 0x0000, 0x0000, 0x0020, 0x0000, 0x0000,
  0x0000, 0x0000, 0x0000, 0x0000, 0x0000, 0x0000, 0x0000, 0x0000, 0x0000, 0x0020, 0x0020, 0x0000,
  0x0000, 0x0000, 0x0000, 0x0000, 0x0000, 0x0000, 0x0000, 0x0000, 0x0000, 0x0000, 0x0000, 0x0000,
  0x0000, 0x0000, 0x0000, 0x0000, 0x0000, 0x0000, 0x0000, 0x0000, 0x0000, 0x0000, 0x0000, 0x0000,
  0x0000, 0x0000, 0x0000, 0x0000, 0x0000, 0x0000, 0x0000, 0x0000, 0x0000, 0x0000, 0x0000, 0x0000,
  0x0000, 0x0000, 0x0000, 0x0000, 0x0000, 0x0000, 0x0000, 0x0000, 0x0000, 0x0000, 0x3166, 0x31A6,
  0x0000, 0x0000, 0x0000, 0x0000, 0x0000, 0x0000, 0x0000, 0x0000, 0x0000, 0x0000, 0x0000, 0x0000,
  0x0000, 0x0000, 0x0000, 0x0000, 0x0000, 0x0000, 0x0000, 0x0000, 0x0000, 0x0000, 0x0000, 0x0000,
  0x0000, 0x0000, 0x0000, 0x0000, 0x0000, 0x0000, 0x0000, 0x0000, 0x0000, 0x0000, 0x0000, 0x0000,
  0x0000, 0x0000, 0x0000, 0x0000, 0x0000, 0x0000, 0x0000, 0x0000, 0x0000, 0x0000, 0x0000, 0x0000,
  0x0000, 0x0000, 0x0000, 0x0000, 0x0000, 0x0000, 0x0000, 0x0000, 0x0020, 0x0000, 0x0000, 0x0000,
  0x0000, 0x0000, 0x0000, 0x0000, 0x0000, 0x0000, 0x0000, 0x0000, 0x0000, 0x0020, 0x0020, 0x0820,
  0x0820, 0x0840, 0x0820, 0x0020, 0x0820, 0x0820, 0x0840, 0x0840, 0x0840, 0x0841, 0x0840, 0x0841,
  0x0840, 0x0840, 0x0840, 0x0841, 0x0841, 0x0820, 0x0820, 0x0820, 0x0820, 0x0840, 0x0820, 0x0820,
  0x0020, 0x0841, 0x0861, 0x0820, 0x0840, 0x0820, 0x0820, 0x0840, 0x0820, 0x0820, 0x0020, 0x0820,
  0x0820, 0x0820, 0x0820, 0x0820, 0x0820, 0x0840, 0x0820, 0x0840, 0x0840, 0x0820, 0x0820, 0x0020,
  0x0820, 0x0820, 0x0820, 0x0820, 0x0820, 0x0820, 0x0820, 0x0820, 0x0820, 0x0820, 0x0820, 0x0820,
  0x0820, 0x0820, 0x0820, 0x0820, 0x0820, 0x0820, 0x0820, 0x0820, 0x0820, 0x0820, 0x0820, 0x0820,
  0x0820, 0x0820, 0x0820, 0x0820, 0x0020, 0x0820, 0x0820, 0x0820, 0x0820, 0x0820, 0x0020, 0x0020,
  0x0000, 0x0020, 0x0000, 0x0000, 0x0820, 0x0820, 0x0820, 0x0000, 0x0000, 0x0000, 0x0000, 0x0000,
  0x0000, 0x0000, 0x0000, 0x0000, 0x0000, 0x0000, 0x0000, 0x0000, 0x0000, 0x0000, 0x0000, 0x0000,
  0x0000, 0x0000, 0x0000, 0x0000, 0x0000, 0x0000, 0x0000, 0x0000, 0x0000, 0x0000, 0x0000, 0x0820,
  0x0020, 0x0820, 0x0820, 0x0820, 0x0840, 0x0841, 0x0861, 0x0861, 0x1061, 0x1061, 0x10A2, 0x10A2,
  0x10A2, 0x18C2, 0x18C2, 0x18E2, 0x18E2, 0x18E2, 0x2943, 0x2964, 0x2944, 0x18E2, 0x2102, 0x2103,
  0x2103, 0x2123, 0x2923, 0x2943, 0x2943, 0x2943, 0x2923, 0x2943, 0x2943, 0x3164, 0x2964, 0x31A5,
  0x2924, 0x0000, 0x0000, 0x0000, 0x0000, 0x0000, 0x0000, 0x0000, 0x0000, 0x0000, 0x0000, 0x0000,
  0x0000, 0x0000, 0x0000, 0x0000, 0x0000, 0x0000, 0x0020, 0x0841, 0x0000, 0x0000, 0x0000, 0x0000,
  0x0000, 0x0000, 0x0000, 0x0000, 0x0000, 0x0000, 0x0000, 0x0000, 0x0000, 0x0000, 0x0000, 0x0861,
  0x0000, 0x0000, 0x0000, 0x0000, 0x0000, 0x0000, 0x0861, 0x0841, 0x0000, 0x0000, 0x0000, 0x0000,
  0x0000, 0x0000, 0x0000, 0x0000, 0x0861, 0x0861, 0x0000, 0x0000, 0x0000, 0x0000, 0x0000, 0x0000,
  0x0000, 0x0000, 0x0000, 0x0000, 0x0000, 0x0000, 0x0000, 0x0000, 0x0000, 0x0000, 0x0000, 0x0000,
  0x0000, 0x0000, 0x0000, 0x0000, 0x0000, 0x0000, 0x0000, 0x0000, 0x0000, 0x0000, 0x0000, 0x0000,
  0x0000, 0x0000, 0x0000, 0x0000, 0x0000, 0x0000, 0x0841, 0x0021, 0x0000, 0x0000, 0x0000, 0x0000,
  0x0000, 0x0000, 0x0000, 0x0000, 0x0000, 0x0000, 0x0000, 0x0000, 0x0000, 0x0000, 0x0000, 0x0000,
  0x0000, 0x0000, 0x0000, 0x0000, 0x0000, 0x0000, 0x0000, 0x0000, 0x0000, 0x0000, 0x0000, 0x0000,
  0x0000, 0x0000, 0x0000, 0x0000, 0x0000, 0x0000, 0x0000, 0x0000, 0x0000, 0x0000, 0x0000, 0x0000,
  0x0000, 0x0000, 0x0000, 0x0000, 0x0000, 0x0000, 0x0000, 0x0000, 0x0000, 0x0000, 0x0000, 0x0000,
  0x0000, 0x0000, 0x0000, 0x0000, 0x0020, 0x0000, 0x0000, 0x0000, 0x0020, 0x0000, 0x0000, 0x0000,
  0x0000, 0x0000, 0x0000, 0x0000, 0x0000, 0x0000, 0x0020, 0x0020, 0x0820, 0x0820, 0x0840, 0x0820,
  0x0820, 0x0820, 0x0820, 0x0820, 0x0840, 0x0820, 0x0840, 0x0840, 0x0840, 0x0841, 0x0861, 0x0861,
  0x0861, 0x0841, 0x0820, 0x0820, 0x0820, 0x0820, 0x0820, 0x0820, 0x0820, 0x0820, 0x0861, 0x0840,
  0x0820, 0x0840, 0x0840, 0x0840, 0x0841, 0x0820, 0x0820, 0x0820, 0x0020, 0x0820, 0x0820, 0x0820,
  0x0820, 0x0820, 0x0820, 0x0820, 0x0840, 0x0840, 0x0840, 0x0820, 0x0820, 0x0820, 0x0820, 0x0820,
  0x0820, 0x0820, 0x0820, 0x0820, 0x0820, 0x0820, 0x0820, 0x0820, 0x0820, 0x0820, 0x0820, 0x0820,
  0x0820, 0x0820, 0x0820, 0x0820, 0x0820, 0x0820, 0x0820, 0x0820, 0x0820, 0x0820, 0x0820, 0x0820,
  0x0820, 0x0020, 0x0820, 0x0820, 0x0020, 0x0820, 0x0020, 0x0020, 0x0000, 0x0020, 0x0020, 0x0000,
  0x0820, 0x0820, 0x0820, 0x0020, 0x0000, 0x0000, 0x0000, 0x0000, 0x0000, 0x0000, 0x0000, 0x0000,
  0x0000, 0x0000, 0x0000, 0x0000, 0x0000, 0x0000, 0x0000, 0x0000, 0x0000, 0x0000, 0x0000, 0x0000,
  0x0000, 0x0000, 0x0000, 0x0000, 0x0000, 0x0000, 0x0020, 0x0820, 0x0020, 0x0820, 0x0820, 0x0840,
  0x0841, 0x0861, 0x0861, 0x0861, 0x1061, 0x1081, 0x10A2, 0x10A2, 0x18C2, 0x18C2, 0x18C2, 0x18E2,
  0x18C2, 0x2103, 0x2944, 0x3164, 0x2103, 0x18E2, 0x2103, 0x2102, 0x2103, 0x2103, 0x2923, 0x2943,
  0x2944, 0x2943, 0x3164, 0x3164, 0x3164, 0x2943, 0x3164, 0x2124, 0x0020, 0x0000, 0x0000, 0x0000,
  0x0000, 0x0000, 0x0000, 0x0000, 0x0000, 0x0000, 0x0000, 0x0000, 0x0000, 0x0000, 0x0000, 0x0000,
  0x0000, 0x0000, 0x0020, 0x0000, 0x0000, 0x0000, 0x0000, 0x0000, 0x0000, 0x0000, 0x0000, 0x0000,
  0x0000, 0x0000, 0x0000, 0x0000, 0x0000, 0x0000, 0x0000, 0x0000, 0x0000, 0x0000, 0x0000, 0x0000,
  0x0000, 0x0000, 0x0000, 0x0000, 0x0000, 0x0000, 0x0000, 0x0000, 0x0000, 0x0000, 0x0020, 0x0020,
  0x0841, 0x0861, 0x0000, 0x0000, 0x0000, 0x0000, 0x0000, 0x0000, 0x0000, 0x0000, 0x0000, 0x0000,
  0x0020, 0x0000, 0x0000, 0x0000, 0x0000, 0x0000, 0x0000, 0x0841, 0x0020, 0x0000, 0x0000, 0x0000,
  0x0000, 0x0000, 0x0000, 0x0000, 0x0000, 0x0000, 0x0000, 0x0000, 0x0000, 0x0000, 0x0000, 0x0000,
  0x0000, 0x0000, 0x0000, 0x0000, 0x0000, 0x0000, 0x0000, 0x0000, 0x0000, 0x0000, 0x0000, 0x0000,
  0x0000, 0x0000, 0x0000, 0x0000, 0x0020, 0x0861, 0x0000, 0x0000, 0x0000, 0x0000, 0x0000, 0x0000,
  0x0000, 0x0000, 0x0000, 0x0000, 0x0000, 0x0000, 0x0000, 0x0000, 0x0000, 0x0000, 0x0000, 0x0000,
  0x0000, 0x0000, 0x0000, 0x0000, 0x0000, 0x0000, 0x0000, 0x0000, 0x0000, 0x0000, 0x0000, 0x0000,
  0x0000, 0x0000, 0x0000, 0x0000, 0x0000, 0x0000, 0x0000, 0x0000, 0x0000, 0x0000, 0x0000, 0x0000,
  0x0000, 0x0000, 0x0000, 0x0000, 0x0000, 0x0000, 0x0000, 0x0000, 0x0000, 0x0000, 0x0000, 0x0000,
  0x0000, 0x0000, 0x0000, 0x0020, 0x0020, 0x0020, 0x0820, 0x0840, 0x0840, 0x0820, 0x0820, 0x0820,
  0x0840, 0x0820, 0x0820, 0x0820, 0x0820, 0x0820, 0x0840, 0x0840, 0x0841, 0x0861, 0x0840, 0x0840,
  0x0841, 0x0840, 0x0840, 0x0861, 0x0840, 0x0820, 0x0841, 0x0841, 0x0820, 0x0820, 0x0840, 0x0820,
  0x1061, 0x0841, 0x0020, 0x0820, 0x0820, 0x0820, 0x0820, 0x0820, 0x0820, 0x0820, 0x0820, 0x0820,
  0x0840, 0x0820, 0x0820, 0x0820, 0x0820, 0x0820, 0x0820, 0x0820, 0x0820, 0x0820, 0x0820, 0x0820,
  0x0820, 0x0820, 0x0820, 0x0820, 0x0820, 0x0820, 0x0840, 0x0820, 0x0820, 0x0820, 0x0820, 0x0820,
  0x0820, 0x0820, 0x0820, 0x0820, 0x0820, 0x0820, 0x0820, 0x0820, 0x0820, 0x0020, 0x0020, 0x0820,
  0x0820, 0x0020, 0x0020, 0x0020, 0x0020, 0x0000, 0x0000, 0x0020, 0x0820, 0x0820, 0x0820, 0x0020,
  0x0020, 0x0000, 0x0000, 0x0000, 0x0000, 0x0000, 0x0000, 0x0000, 0x0000, 0x0000, 0x0000, 0x0000,
  0x0000, 0x0000, 0x0000, 0x0000, 0x0000, 0x0000, 0x0000, 0x0000, 0x0000, 0x0000, 0x0000, 0x0000,
  0x0000, 0x0000, 0x0820, 0x0020, 0x0020, 0x0820, 0x0820, 0x0840, 0x0841, 0x0861, 0x0861, 0x1061,
  0x1061, 0x1081, 0x10A2, 0x10A2, 0x18A2, 0x18C2, 0x18E2, 0x18E2, 0x18E2, 0x2943, 0x2964, 0x2923,
  0x18C2, 0x2102, 0x2102, 0x2103, 0x2923, 0x2943, 0x2944, 0x2964, 0x3184, 0x31A5, 0x2964, 0x2943,
  0x2923, 0x2964, 0x2123, 0x0020, 0x0000, 0x0000, 0x0000, 0x0000, 0x0841, 0x0000, 0x0000, 0x0000,
  0x0000, 0x0020, 0x0841, 0x0000, 0x0000, 0x0000, 0x0000, 0x0000, 0x0000, 0x0000, 0x0020, 0x0000,
  0x0000, 0x0000, 0x0000, 0x0000, 0x0000, 0x0000, 0x0000, 0x0000, 0x0000, 0x0000, 0x0000, 0x0000,
  0x0000, 0x0000, 0x0000, 0x0000, 0x0000, 0x0000, 0x0000, 0x0000, 0x0000, 0x0000, 0x0000, 0x0000,
  0x0000, 0x0000, 0x0000, 0x0000, 0x0000, 0x0000, 0x0000, 0x0000, 0x0000, 0x0000, 0x0000, 0x0000,
  0x0000, 0x0000, 0x0000, 0x0000, 0x0000, 0x0000, 0x0000, 0x0020, 0x0841, 0x0000, 0x0000, 0x0000,
  0x0000, 0x0000, 0x0000, 0x0841, 0x0020, 0x0000, 0x0000, 0x0000, 0x0000, 0x0000, 0x0000, 0x0000,
  0x0020, 0x0000, 0x0000, 0x0000, 0x0000, 0x0000, 0x0000, 0x0000, 0x0000, 0x0000, 0x0000, 0x0000,
  0x0000, 0x0000, 0x0000, 0x0000, 0x0000, 0x0000, 0x0000, 0x0000, 0x0000, 0x0000, 0x0000, 0x0841,
  0x0020, 0x0020, 0x0000, 0x0000, 0x0000, 0x0000, 0x0000, 0x0000, 0x0000, 0x0000, 0x0000, 0x0000,
  0x0000, 0x0000, 0x0000, 0x0000, 0x0000, 0x0000, 0x0000, 0x0000, 0x0000, 0x0000, 0x0841, 0x0000,
  0x0000, 0x0000, 0x0000, 0x0000, 0x0000, 0x0000, 0x0000, 0x0000, 0x0000, 0x0000, 0x0000, 0x0000,
  0x0000, 0x0000, 0x0000, 0x0000, 0x0000, 0x0000, 0x0000, 0x0000, 0x0000, 0x0000, 0x0000, 0x0000,
  0x0000, 0x0000, 0x0000, 0x0000, 0x0000, 0x0000, 0x0000, 0x0000, 0x0000, 0x0000, 0x0000, 0x0000,
  0x0000, 0x0820, 0x0820, 0x0820, 0x0840, 0x0840, 0x0820, 0x0820, 0x0820, 0x0820, 0x0820, 0x0820,
  0x0820, 0x0820, 0x0840, 0x0840, 0x0820, 0x0861, 0x0841, 0x0820, 0x0020, 0x0820, 0x0820, 0x0840,
  0x0820, 0x0820, 0x0820, 0x0840, 0x0820, 0x0840, 0x0840, 0x0820, 0x0840, 0x0841, 0x0820, 0x0020,
  0x0820, 0x0820, 0x0820, 0x0020, 0x0020, 0x0820, 0x0820, 0x0820, 0x0820, 0x0820, 0x0820, 0x0820,
  0x0820, 0x0820, 0x0820, 0x0820, 0x0820, 0x0820, 0x0820, 0x0820, 0x0820, 0x0820, 0x0820, 0x0820,
  0x0820, 0x0820, 0x0840, 0x0820, 0x0820, 0x0820, 0x0820, 0x0820, 0x0820, 0x0820, 0x0820, 0x0820,
  0x0820, 0x0820, 0x0820, 0x0820, 0x0020, 0x0020, 0x0020, 0x0020, 0x0020, 0x0020, 0x0020, 0x0020,
  0x0000, 0x0000, 0x0000, 0x0000, 0x0820, 0x0820, 0x0020, 0x0020, 0x0020, 0x0000, 0x0000, 0x0000,
  0x0000, 0x0000, 0x0000, 0x0000, 0x0000, 0x0000, 0x0000, 0x0000, 0x0000, 0x0000, 0x0000, 0x0000,
  0x0000, 0x0000, 0x0000, 0x0000, 0x0000, 0x0000, 0x0000, 0x0000, 0x0000, 0x0000, 0x0820, 0x0820,
  0x0820, 0x0840, 0x0840, 0x0841, 0x0841, 0x0861, 0x1061, 0x1061, 0x1061, 0x1082, 0x1081, 0x10A2,
  0x10A1, 0x18C2, 0x18E2, 0x18C2, 0x2923, 0x2964, 0x2964, 0x2103, 0x2103, 0x2923, 0x2943, 0x2943,
  0x2943, 0x2943, 0x2923, 0x2964, 0x31A5, 0x2943, 0x2923, 0x2923, 0x2964, 0x2123, 0x0020, 0x0000,
  0x0000, 0x0000, 0x0020, 0x0020, 0x0000, 0x0000, 0x0000, 0x0000, 0x0000, 0x0000, 0x0000, 0x0000,
  0x0000, 0x0000, 0x0000, 0x0020, 0x0841, 0x0000, 0x0000, 0x0000, 0x0000, 0x0000, 0x0000, 0x0000,
  0x0000, 0x0000, 0x0000, 0x0000, 0x0000, 0x0000, 0x0000, 0x0000, 0x0000, 0x0000, 0x0000, 0x0000,
  0x0000, 0x0000, 0x0000, 0x0000, 0x0000, 0x0000, 0x0841, 0x0861, 0x0000, 0x0000, 0x0000, 0x0000,
  0x0861, 0x0020, 0x0000, 0x0000, 0x0000, 0x0000, 0x0000, 0x0000, 0x0000, 0x0000, 0x0000, 0x0000,
  0x0000, 0x0000, 0x0000, 0x0000, 0x0000, 0x0000, 0x0000, 0x0000, 0x0000, 0x0000, 0x0000, 0x0000,
  0x0000, 0x0000, 0x0000, 0x0000, 0x0000, 0x0000, 0x0000, 0x0000, 0x18C3, 0x0020, 0x0000, 0x0000,
  0x0000, 0x0000, 0x0000, 0x0000, 0x0000, 0x0000, 0x0000, 0x0000, 0x0000, 0x0000, 0x0000, 0x0000,
  0x0000, 0x0000, 0x0000, 0x0000, 0x0000, 0x0000, 0x0000, 0x0000, 0x0000, 0x0000, 0x0000, 0x0000,
  0x0000, 0x0000, 0x0000, 0x0000, 0x0000, 0x0000, 0x0000, 0x0000, 0x0000, 0x0000, 0x0000, 0x0000,
  0x0000, 0x0000, 0x0000, 0x0000, 0x0000, 0x0000, 0x0841, 0x0000, 0x0000, 0x0000, 0x0000, 0x0020,
  0x0000, 0x0000, 0x0000, 0x0000, 0x0000, 0x0000, 0x0000, 0x0000, 0x0000, 0x0000, 0x0000, 0x0000,
  0x0000, 0x0000, 0x0000, 0x0000, 0x0841, 0x0861, 0x0000, 0x0000, 0x0000, 0x0000, 0x0000, 0x0000,
  0x0000, 0x0000, 0x0000, 0x0000, 0x0000, 0x0000, 0x0000, 0x0000, 0x0000, 0x0861, 0x0020, 0x0020,
  0x0820, 0x0840, 0x0820, 0x0820, 0x0840, 0x0820, 0x0820, 0x0820, 0x0820, 0x0820, 0x0820, 0x0840,
  0x0840, 0x0861, 0x0861, 0x0841, 0x0820, 0x0820, 0x0820, 0x0820, 0x0820, 0x0820, 0x0020, 0x0820,
  0x0820, 0x0820, 0x0840, 0x0840, 0x0840, 0x0820, 0x0820, 0x0820, 0x0840, 0x1081, 0x0861, 0x0820,
  0x0841, 0x0820, 0x0820, 0x0840, 0x0841, 0x0820, 0x0820, 0x0820, 0x0820, 0x0020, 0x0820, 0x0820,
  0x0820, 0x0020, 0x0820, 0x0820, 0x0840, 0x0820, 0x0820, 0x0820, 0x0020, 0x0820, 0x0820, 0x0820,
  0x0820, 0x0820, 0x0820, 0x0820, 0x0820, 0x0820, 0x0820, 0x0820, 0x0820, 0x0820, 0x0000, 0x0820,
  0x0820, 0x0020, 0x0820, 0x0820, 0x0020, 0x0820, 0x0020, 0x0000, 0x0020, 0x0000, 0x0000, 0x0020,
  0x0820, 0x0820, 0x0020, 0x0020, 0x0020, 0x0020, 0x0000, 0x0000, 0x0000, 0x0000, 0x0000, 0x0000,
  0x0000, 0x0000, 0x0000, 0x0000, 0x0000, 0x0000, 0x0000, 0x0000, 0x0820, 0x0820, 0x0000, 0x0841,
  0x0000, 0x0000, 0x0000, 0x0840, 0x0820, 0x0840, 0x0000, 0x0841, 0x0820, 0x0840, 0x0861, 0x0861,
  0x0840, 0x0861, 0x1061, 0x1061, 0x1081, 0x10A2, 0x18A2, 0x18C2, 0x18E2, 0x2102, 0x2102, 0x2103,
  0x2123, 0x2123, 0x2103, 0x2103, 0x2103, 0x2103, 0x2103, 0x2103, 0x2923, 0x2123, 0x2943, 0x39A5,
  0x2943, 0x2923, 0x2123, 0x2944, 0x2103, 0x0020, 0x0000, 0x0000, 0x0000, 0x0000, 0x0000, 0x0000,
  0x0000, 0x0000, 0x0000, 0x0000, 0x0000, 0x0000, 0x0000, 0x0000, 0x0000, 0x0000, 0x0000, 0x0000,
  0x0020, 0x0000, 0x0000, 0x0000, 0x0000, 0x0000, 0x0000, 0x0000, 0x0861, 0x0020, 0x0000, 0x0000,
  0x0000, 0x0000, 0x0000, 0x0000, 0x0000, 0x0000, 0x0000, 0x0000, 0x0000, 0x0000, 0x0000, 0x0000,
  0x0000, 0x0000, 0x0841, 0x0841, 0x0000, 0x0000, 0x0000, 0x0000, 0x0861, 0x0020, 0x0000, 0x0000,
  0x0000, 0x0000, 0x0000, 0x0000, 0x0000, 0x0000, 0x0000, 0x0000, 0x0000, 0x0000, 0x0000, 0x0000,
  0x0000, 0x0000, 0x0000, 0x0000, 0x0000, 0x0000, 0x0000, 0x0000, 0x0000, 0x0000, 0x0000, 0x0000,
  0x0000, 0x0000, 0x0000, 0x0000, 0x0000, 0x0000, 0x0020, 0x0000, 0x0000, 0x0000, 0x0000, 0x0000,
  0x0000, 0x0000, 0x0000, 0x0000, 0x0841, 0x0861, 0x0000, 0x0000, 0x0000, 0x0000, 0x0000, 0x0000,
  0x0000, 0x0000, 0x0000, 0x0000, 0x0000, 0x0000, 0x0000, 0x0000, 0x0000, 0x0000, 0x0000, 0x0000,
  0x0000, 0x0020, 0x0020, 0x0000, 0x0000, 0x0000, 0x0000, 0x0000, 0x0000, 0x0000, 0x0000, 0x0000,
  0x0000, 0x0000, 0x0000, 0x0000, 0x0000, 0x0000, 0x0000, 0x1082, 0x0020, 0x0000, 0x0000, 0x0000,
  0x0000, 0x0000, 0x0000, 0x0000, 0x0000, 0x0020, 0x0861, 0x0000, 0x0000, 0x0000, 0x0000, 0x0000,
  0x0020, 0x0020, 0x0000, 0x0000, 0x0000, 0x0000, 0x0020, 0x10A2, 0x0020, 0x0000, 0x0000, 0x0000,
  0x0000, 0x0000, 0x0000, 0x0000, 0x0000, 0x0000, 0x0000, 0x0020, 0x0820, 0x0820, 0x0840, 0x0820,
  0x0820, 0x0820, 0x0820, 0x0840, 0x0820, 0x0820, 0x0820, 0x0820, 0x0840, 0x0820, 0x0820, 0x0841,
  0x0820, 0x0020, 0x0820, 0x0820, 0x0820, 0x0820, 0x0820, 0x0820, 0x0820, 0x0020, 0x0820, 0x0820,
  0x0820, 0x0820, 0x0020, 0x0020, 0x0841, 0x0820, 0x0820, 0x0820, 0x0820, 0x0820, 0x0820, 0x0840,
  0x0820, 0x0820, 0x0840, 0x0841, 0x0820, 0x0820, 0x0840, 0x0820, 0x0820, 0x0820, 0x0820, 0x0820,
  0x0820, 0x0841, 0x0820, 0x0820, 0x0820, 0x0820, 0x0820, 0x0820, 0x0820, 0x0820, 0x0820, 0x0820,
  0x0020, 0x0820, 0x0820, 0x0820, 0x0820, 0x0020, 0x0820, 0x0020, 0x0000, 0x0020, 0x0020, 0x0020,
  0x0000, 0x0000, 0x0000, 0x0000, 0x0000, 0x0000, 0x0000, 0x0000, 0x0820, 0x0820, 0x0000, 0x0000,
  0x0000, 0x0020, 0x0000, 0x0000, 0x0000, 0x0000, 0x0000, 0x0000, 0x0000, 0x0000, 0x0000, 0x0000,
  0x0000, 0x0000, 0x0000, 0x0000, 0x0820, 0x0841, 0x0820, 0x0841, 0x0000, 0x0000, 0x0020, 0x0820,
  0x0820, 0x0840, 0x0020, 0x0820, 0x0840, 0x0840, 0x1061, 0x0861, 0x1061, 0x10A2, 0x1081, 0x10A2,
  0x10A2, 0x18A2, 0x18C2, 0x18C2, 0x18E2, 0x18E2, 0x2102, 0x2103, 0x18E2, 0x18E2, 0x20E2, 0x20E2,
  0x20E2, 0x2102, 0x2103, 0x2123, 0x2923, 0x2923, 0x3184, 0x2943, 0x2103, 0x2123, 0x2944, 0x18E3,
  0x0000, 0x0000, 0x0000, 0x0000, 0x0020, 0x0000, 0x0000, 0x0000, 0x0000, 0x0000, 0x0000, 0x0000,
  0x0000, 0x0020, 0x0020, 0x0000, 0x0000, 0x0000, 0x0000, 0x0000, 0x0000, 0x0000, 0x0020, 0x0020,
  0x0000, 0x0000, 0x0000, 0x0841, 0x0861, 0x0020, 0x0000, 0x0000, 0x0000, 0x0000, 0x0000, 0x0000,
  0x0000, 0x0000, 0x0000, 0x0000, 0x0000, 0x0000, 0x0000, 0x0000, 0x0000, 0x0000, 0x0000, 0x0000,
  0x0000, 0x0000, 0x0000, 0x0000, 0x0000, 0x0000, 0x0000, 0x0000, 0x0000, 0x0000, 0x0000, 0x0000,
  0x0000, 0x0000, 0x0000, 0x0000, 0x0000, 0x0000, 0x0000, 0x0000, 0x0000, 0x0000, 0x0000, 0x0000,
  0x0000, 0x0000, 0x0000, 0x0000, 0x0000, 0x0000, 0x0000, 0x0000, 0x0000, 0x0000, 0x0000, 0x0000,
  0x0000, 0x0000, 0x0841, 0x0000, 0x0000, 0x0000, 0x0000, 0x0000, 0x0000, 0x0000, 0x0000, 0x0000,
  0x0000, 0x0861, 0x0000, 0x0000, 0x0000, 0x0000, 0x0000, 0x0000, 0x0000, 0x0000, 0x0000, 0x0000,
  0x0000, 0x0000, 0x0000, 0x0000, 0x0000, 0x0000, 0x0000, 0x0000, 0x0000, 0x0000, 0x0000, 0x0000,
  0x0000, 0x0000, 0x0000, 0x0000, 0x0000, 0x0000, 0x0000, 0x0000, 0x0000, 0x0000, 0x0000, 0x0000,
  0x0000, 0x0000, 0x0000, 0x0000, 0x0000, 0x0000, 0x0000, 0x0000, 0x0000, 0x0000, 0x0000, 0x0000,
  0x0000, 0x0000, 0x0000, 0x0000, 0x0000, 0x0000, 0x0000, 0x0000, 0x0000, 0x0000, 0x0000, 0x0000,
  0x0000, 0x0000, 0x0020, 0x0020, 0x0000, 0x0000, 0x0000, 0x0000, 0x0000, 0x0000, 0x0000, 0x0000,
  0x0000, 0x0000, 0x0000, 0x0000, 0x0020, 0x0020, 0x0820, 0x0840, 0x0820, 0x0820, 0x0820, 0x0820,
  0x0820, 0x0820, 0x0820, 0x0820, 0x0820, 0x0840, 0x0820, 0x0820, 0x0841, 0x0820, 0x0020, 0x0820,
  0x0820, 0x0820, 0x0820, 0x0000, 0x0820, 0x0820, 0x0820, 0x0820, 0x0820, 0x0820, 0x0820, 0x0020,
  0x0820, 0x0841, 0x0820, 0x0820, 0x0020, 0x0820, 0x0820, 0x0820, 0x0020, 0x0020, 0x0020, 0x0841,
  0x0820, 0x0820, 0x0020, 0x0840, 0x0820, 0x0020, 0x0820, 0x0820, 0x0820, 0x0840, 0x0820, 0x0820,
  0x0820, 0x0840, 0x0820, 0x0820, 0x0820, 0x0820, 0x0820, 0x0840, 0x0840, 0x0820, 0x0820, 0x0820,
  0x0820, 0x0840, 0x0820, 0x0820, 0x0820, 0x0020, 0x0820, 0x0820, 0x0020, 0x0820, 0x0820, 0x0020,
  0x0020, 0x0820, 0x0841, 0x0820, 0x0820, 0x0820, 0x0861, 0x0841, 0x0820, 0x0820, 0x1061, 0x0820,
  0x0820, 0x0820, 0x0820, 0x0820, 0x0841, 0x0820, 0x0820, 0x0820, 0x0841, 0x0820, 0x0020, 0x0820,
  0x0000, 0x0820, 0x0841, 0x0820, 0x0000, 0x0000, 0x0840, 0x0840, 0x0820, 0x1061, 0x0020, 0x0840,
  0x0840, 0x0861, 0x1061, 0x0861, 0x0861, 0x1061, 0x1081, 0x1081, 0x1081, 0x10A2, 0x10A1, 0x18A2,
  0x18C2, 0x18E2, 0x2103, 0x18E2, 0x18E2, 0x20E2, 0x20E2, 0x20E2, 0x2102, 0x2103, 0x2103, 0x2123,
  0x2923, 0x3184, 0x2943, 0x2103, 0x2103, 0x2943, 0x18C2, 0x0000, 0x0000, 0x0000, 0x0000, 0x0000,
  0x0861, 0x0000, 0x0000, 0x0000, 0x0000, 0x0000, 0x0000, 0x0000, 0x0000, 0x0861, 0x18E3, 0x0000,
  0x0000, 0x0000, 0x0000, 0x0000, 0x0000, 0x0000, 0x0861, 0x0020, 0x0000, 0x0000, 0x0000, 0x0000,
  0x0000, 0x0000, 0x0000, 0x0000, 0x0000, 0x0000, 0x0000, 0x0000, 0x0000, 0x0000, 0x0000, 0x0000,
  0x0000, 0x0000, 0x0000, 0x0000, 0x0861, 0x0020, 0x0000, 0x0000, 0x0000, 0x0000, 0x0000, 0x0000,
  0x0000, 0x0000, 0x0000, 0x0000, 0x0000, 0x0000, 0x0000, 0x0000, 0x0000, 0x0000, 0x0000, 0x0000,
  0x0000, 0x0000, 0x0000, 0x0000, 0x0000, 0x0000, 0x0000, 0x0000, 0x0020, 0x0000, 0x0000, 0x0000,
  0x0000, 0x0000, 0x0000, 0x0000, 0x0000, 0x0000, 0x0000, 0x0000, 0x0000, 0x0020, 0x0000, 0x0000,
  0x0000, 0x0000, 0x0000, 0x0000, 0x0000, 0x0000, 0x0000, 0x0000, 0x0000, 0x0000, 0x0000, 0x0000,
  0x0000, 0x0861, 0x0020, 0x0000, 0x0000, 0x0000, 0x0000, 0x0000, 0x0000, 0x0000, 0x0000, 0x0000,
  0x0000, 0x0000, 0x0000, 0x0000, 0x0000, 0x0000, 0x0000, 0x0000, 0x0000, 0x0000, 0x0000, 0x0000,
  0x0000, 0x0000, 0x0000, 0x0000, 0x0000, 0x0000, 0x0000, 0x0000, 0x0000, 0x0000, 0x0841, 0x0020,
  0x0000, 0x0000, 0x0000, 0x0000, 0x0000, 0x0000, 0x0000, 0x0000, 0x0000, 0x0000, 0x0000, 0x0000,
  0x0000, 0x0000, 0x0000, 0x0000, 0x0000, 0x0000, 0x0000, 0x0000, 0x0000, 0x0000, 0x0000, 0x0000,
  0x0000, 0x0000, 0x0000, 0x0000, 0x0000, 0x0000, 0x0000, 0x0000, 0x0000, 0x0000, 0x0000, 0x0000,
  0x0000, 0x0020, 0x0020, 0x0820, 0x0840, 0x0820, 0x0820, 0x0820, 0x0820, 0x0820, 0x0820, 0x0820,
  0x0820, 0x0820, 0x0820, 0x0820, 0x0841, 0x0841, 0x0020, 0x0820, 0x0820, 0x0820, 0x0820, 0x0820,
  0x0020, 0x0820, 0x0820, 0x0820, 0x0820, 0x0820, 0x0820, 0x0820, 0x0820, 0x0841, 0x0820, 0x0820,
  0x0820, 0x0020, 0x0820, 0x0820, 0x0820, 0x0820, 0x0820, 0x0840, 0x0840, 0x0820, 0x0020, 0x0820,
  0x0820, 0x0020, 0x0820, 0x0820, 0x0020, 0x0820, 0x0020, 0x0020, 0x0020, 0x0020, 0x0820, 0x0820,
  0x0820, 0x0820, 0x0820, 0x0840, 0x0840, 0x0820, 0x0820, 0x0020, 0x0020, 0x0820, 0x0020, 0x0020,
  0x0020, 0x0000, 0x0020, 0x0820, 0x0020, 0x0000, 0x0020, 0x0020, 0x0020, 0x0020, 0x0820, 0x0820,
  0x0020, 0x0020, 0x0820, 0x0820, 0x0020, 0x0820, 0x1081, 0x0820, 0x0020, 0x0020, 0x0020, 0x0820,
  0x0020, 0x0020, 0x0000, 0x0020, 0x0020, 0x0020, 0x0841, 0x0020, 0x0000, 0x0000, 0x0000, 0x0000,
  0x0000, 0x0000, 0x0000, 0x0000, 0x0000, 0x0000, 0x0820, 0x0820, 0x0820, 0x0840, 0x0840, 0x0841,
  0x0841, 0x0861, 0x1081, 0x1081, 0x1081, 0x10A2, 0x18A1, 0x18C2, 0x18E2, 0x2102, 0x20E2, 0x18E2,
  0x18E2, 0x20E2, 0x20E2, 0x20E2, 0x2102, 0x2103, 0x2103, 0x2123, 0x3184, 0x2943, 0x2102, 0x2103,
  0x2924, 0x10A2, 0x0000, 0x0000, 0x0000, 0x0000, 0x0000, 0x0000, 0x0000, 0x0000, 0x0000, 0x0000,
  0x0000, 0x0000, 0x0000, 0x0000, 0x0000, 0x0000, 0x0000, 0x0000, 0x0000, 0x0000, 0x0000, 0x0000,
  0x0000, 0x0000, 0x0020, 0x0000, 0x0000, 0x0000, 0x0020, 0x0000, 0x0000, 0x0000, 0x0000, 0x0000,
  0x0000, 0x0000, 0x0000, 0x0000, 0x0000, 0x0000, 0x0000, 0x0000, 0x0000, 0x0000, 0x0000, 0x0000,
  0x0020, 0x0000, 0x0000, 0x0000, 0x0000, 0x0000, 0x0000, 0x0000, 0x0000, 0x0000, 0x0000, 0x0000,
  0x0000, 0x0000, 0x0000, 0x0000, 0x0000, 0x0000, 0x0000, 0x0000, 0x0000, 0x0000, 0x0000, 0x0000,
  0x0000, 0x0000, 0x0000, 0x0000, 0x0000, 0x0000, 0x0000, 0x0000, 0x0000, 0x0000, 0x0000, 0x0000,
  0x0000, 0x0000, 0x0000, 0x0000, 0x0000, 0x0841, 0x0841, 0x0000, 0x0000, 0x0000, 0x0000, 0x0000,
  0x0000, 0x0000, 0x0000, 0x0000, 0x0000, 0x0000, 0x0000, 0x0000, 0x0000, 0x0020, 0x0000, 0x0000,
  0x0000, 0x0000, 0x0000, 0x0000, 0x0000, 0x0000, 0x0000, 0x0000, 0x0000, 0x0000, 0x0000, 0x0000,
  0x0000, 0x0000, 0x0000, 0x0000, 0x0000, 0x0000, 0x0000, 0x0000, 0x0000, 0x0000, 0x0000, 0x0000,
  0x0000, 0x0000, 0x0000, 0x0000, 0x0000, 0x0000, 0x0841, 0x0020, 0x0000, 0x0000, 0x0000, 0x0000,
  0x0000, 0x0000, 0x0000, 0x0000, 0x0000, 0x0861, 0x10A2, 0x0000, 0x0000, 0x0000, 0x0000, 0x0000,
  0x0861, 0x0841, 0x0000, 0x0000, 0x0000, 0x0000, 0x0000, 0x0000, 0x0000, 0x0000, 0x0000, 0x0000,
  0x0000, 0x0000, 0x0000, 0x0000, 0x0000, 0x0000, 0x0000, 0x0000, 0x0000, 0x0000, 0x0820, 0x0820,
  0x0820, 0x0820, 0x0820, 0x0820, 0x0820, 0x0820, 0x0820, 0x0820, 0x0820, 0x0820, 0x0820, 0x0820,
  0x0820, 0x0841, 0x0820, 0x0820, 0x0820, 0x0820, 0x0820, 0x0820, 0x0020, 0x0020, 0x0020, 0x0020,
  0x0820, 0x0820, 0x0820, 0x0020, 0x0020, 0x0840, 0x0841, 0x0820, 0x0820, 0x0020, 0x0820, 0x0820,
  0x0820, 0x0820, 0x0820, 0x0820, 0x0840, 0x0020, 0x0820, 0x0820, 0x0840, 0x0020, 0x0820, 0x0820,
  0x0820, 0x0820, 0x0820, 0x0820, 0x0820, 0x0820, 0x0820, 0x0820, 0x0820, 0x0820, 0x0820, 0x0840,
  0x0840, 0x0820, 0x0820, 0x0820, 0x0820, 0x0820, 0x0820, 0x0000, 0x0000, 0x0000, 0x0020, 0x0000,
  0x0000, 0x0000, 0x0000, 0x0000, 0x0000, 0x0000, 0x0000, 0x0000, 0x0000, 0x0000, 0x0000, 0x0000,
  0x0000, 0x0000, 0x0020, 0x0020, 0x0000, 0x0000, 0x0000, 0x0000, 0x0000, 0x0000, 0x0000, 0x0000,
  0x0000, 0x0000, 0x0841, 0x0000, 0x0000, 0x0000, 0x0000, 0x0000, 0x0000, 0x0000, 0x0000, 0x0000,
  0x0000, 0x0020, 0x0020, 0x0820, 0x0840, 0x0840, 0x0841, 0x0841, 0x1061, 0x1061, 0x1061, 0x1081,
  0x10A2, 0x18A2, 0x18C2, 0x18C2, 0x20E2, 0x20E2, 0x18E2, 0x20E2, 0x20E2, 0x20E2, 0x20E2, 0x2102,
  0x2103, 0x2103, 0x2123, 0x3164, 0x2943, 0x2102, 0x2103, 0x2103, 0x1081, 0x0000, 0x0000, 0x0000,
  0x0000, 0x0000, 0x0000, 0x0000, 0x0000, 0x0000, 0x0000, 0x0000, 0x0000, 0x0000, 0x0000, 0x0000,
  0x0000, 0x0000, 0x0000, 0x0000, 0x0000, 0x0000, 0x0000, 0x0000, 0x0000, 0x0000, 0x0000, 0x0000,
  0x0000, 0x0000, 0x0000, 0x0000, 0x0000, 0x0000, 0x0000, 0x0000, 0x0841, 0x0020, 0x0000, 0x0000,
  0x0000, 0x0000, 0x0000, 0x0000, 0x0000, 0x0000, 0x0000, 0x0000, 0x0000, 0x0000, 0x0000, 0x0000,
  0x0000, 0x0000, 0x0000, 0x0000, 0x0000, 0x0000, 0x0000, 0x0000, 0x0000, 0x0000, 0x0000, 0x0000,
  0x0000, 0x0000, 0x0000, 0x0000, 0x0000, 0x0000, 0x0000, 0x0000, 0x0000, 0x0000, 0x0000, 0x0000,
  0x0000, 0x0000, 0x0000, 0x0000, 0x0000, 0x0000, 0x0000, 0x0000, 0x0000, 0x0000, 0x0000, 0x0000,
  0x0000, 0x0000, 0x0000, 0x0000, 0x0000, 0x0000, 0x0000, 0x0000, 0x0000, 0x0000, 0x0000, 0x0000,
  0x0000, 0x0000, 0x0000, 0x0000, 0x0000, 0x0000, 0x0000, 0x0000, 0x0000, 0x0000, 0x0000, 0x0000,
  0x0000, 0x0000, 0x0000, 0x0000, 0x0000, 0x0000, 0x0000, 0x0000, 0x0000, 0x0000, 0x0000, 0x0000,
  0x0020, 0x0000, 0x0000, 0x0000, 0x0000, 0x0000, 0x0000, 0x0000, 0x0000, 0x0000, 0x0000, 0x0000,
  0x0000, 0x0000, 0x0000, 0x0000, 0x0000, 0x0000, 0x0000, 0x0000, 0x0000, 0x0000, 0x0000, 0x0000,
  0x0000, 0x0020, 0x0861, 0x0000, 0x0000, 0x0000, 0x0000, 0x0000, 0x0020, 0x0000, 0x0000, 0x0000,
  0x0000, 0x0000, 0x0000, 0x0000, 0x0000, 0x0000, 0x0000, 0x0000, 0x0000, 0x0000, 0x0000, 0x0000,
  0x0000, 0x0000, 0x0000, 0x0000, 0x0000, 0x0000, 0x0000, 0x0820, 0x0840, 0x0820, 0x0820, 0x0820,
  0x0020, 0x0820, 0x0820, 0x0820, 0x0820, 0x0820, 0x0820, 0x0820, 0x0820, 0x0820, 0x0841, 0x0820,
  0x0820, 0x0820, 0x0820, 0x0820, 0x0820, 0x0020, 0x0020, 0x0020, 0x0820, 0x0820, 0x0820, 0x0020,
  0x0820, 0x0820, 0x0841, 0x0820, 0x0020, 0x0020, 0x0820, 0x0820, 0x0820, 0x0020, 0x0020, 0x0020,
  0x0820, 0x0820, 0x0820, 0x0820, 0x0840, 0x0820, 0x0820, 0x0820, 0x0020, 0x0020, 0x0820, 0x0020,
  0x0820, 0x0020, 0x0820, 0x0820, 0x0820, 0x0820, 0x0820, 0x0820, 0x0820, 0x0820, 0x0820, 0x0020,
  0x0820, 0x0820, 0x0820, 0x0820, 0x0020, 0x0000, 0x0000, 0x0000, 0x0000, 0x0000, 0x0000, 0x0000,
  0x0000, 0x0000, 0x0000, 0x0000, 0x0000, 0x0000, 0x0000, 0x0000, 0x0000, 0x0000, 0x0000, 0x0000,
  0x0000, 0x0000, 0x0000, 0x0000, 0x0000, 0x0000, 0x0000, 0x0000, 0x0000, 0x0000, 0x0000, 0x0000,
  0x0000, 0x0000, 0x0020, 0x0000, 0x0000, 0x0000, 0x0000, 0x0000, 0x0000, 0x0000, 0x0020, 0x0820,
  0x0820, 0x0840, 0x0840, 0x0841, 0x0861, 0x1061, 0x1081, 0x10A1, 0x10A2, 0x18A2, 0x18C2, 0x18E2,
  0x20E2, 0x18E2, 0x18E2, 0x20E2, 0x20E2, 0x20E2, 0x20E2, 0x2103, 0x2103, 0x2103, 0x2964, 0x2923,
  0x20E2, 0x2103, 0x2103, 0x0861, 0x0000, 0x0000, 0x0000, 0x0000, 0x0000, 0x0000, 0x0020, 0x0000,
  0x0000, 0x0000, 0x0000, 0x0000, 0x0000, 0x0000, 0x0000, 0x0000, 0x0000, 0x0020, 0x0000, 0x0000,
  0x0000, 0x0000, 0x0000, 0x0000, 0x0000, 0x0000, 0x0000, 0x0000, 0x0000, 0x0000, 0x0000, 0x0000,
  0x0000, 0x0000, 0x0000, 0x0000, 0x0000, 0x0000, 0x0000, 0x0000, 0x0000, 0x0000, 0x0000, 0x0000,
  0x0000, 0x0000, 0x0000, 0x0000, 0x0000, 0x0000, 0x0000, 0x0000, 0x0000, 0x0000, 0x0000, 0x0000,
  0x0000, 0x0000, 0x0000, 0x0020, 0x0000, 0x0000, 0x0000, 0x0000, 0x0000, 0x0000, 0x0000, 0x0000,
  0x0000, 0x0000, 0x0000, 0x0000, 0x0000, 0x0000, 0x0000, 0x0000, 0x0000, 0x0000, 0x0000, 0x0000,
  0x0000, 0x0000, 0x0000, 0x0000, 0x0000, 0x0000, 0x0000, 0x0000, 0x0020, 0x0000, 0x0000, 0x0000,
  0x0000, 0x0000, 0x0000, 0x0000, 0x0000, 0x0000, 0x0000, 0x0000, 0x0000, 0x0000, 0x0000, 0x0000,
  0x0000, 0x0000, 0x0020, 0x0841, 0x0000, 0x0000, 0x0000, 0x0000, 0x0000, 0x0000, 0x0020, 0x0841,
  0x0000, 0x0000, 0x0000, 0x0000, 0x0000, 0x0000, 0x0000, 0x0000, 0x0000, 0x0000, 0x0000, 0x0000,
  0x0000, 0x0000, 0x0000, 0x0000, 0x0000, 0x0000, 0x0000, 0x0000, 0x0000, 0x0000, 0x0000, 0x0000,
  0x0000, 0x0000, 0x0000, 0x0000, 0x0000, 0x0000, 0x0000, 0x0000, 0x0000, 0x0000, 0x0000, 0x0000,
  0x0000, 0x0000, 0x0000, 0x0000, 0x0000, 0x0000, 0x0000, 0x0020, 0x0861, 0x0000, 0x0000, 0x0000,
  0x0000, 0x0000, 0x0000, 0x0000, 0x0020, 0x0861, 0x0000, 0x0000, 0x0000, 0x0000, 0x0000, 0x0000,
  0x0000, 0x0000, 0x0000, 0x0000, 0x0020, 0x0841, 0x0841, 0x0840, 0x0820, 0x0820, 0x0820, 0x0820,
  0x0820, 0x0820, 0x0820, 0x0820, 0x0820, 0x0820, 0x0820, 0x0841, 0x0820, 0x0820, 0x0820, 0x0820,
  0x0820, 0x0820, 0x0820, 0x0820, 0x0820, 0x0820, 0x0820, 0x0820, 0x0820, 0x0020, 0x0840, 0x0840,
  0x0820, 0x0820, 0x0820, 0x0820, 0x0820, 0x0820, 0x0000, 0x0000, 0x0820, 0x0820, 0x0020, 0x0020,
  0x0820, 0x0820, 0x0020, 0x0820, 0x0020, 0x0020, 0x0820, 0x0020, 0x0820, 0x0000, 0x0820, 0x0820,
  0x0820, 0x0820, 0x0020, 0x0820, 0x0840, 0x0820, 0x0820, 0x0020, 0x0820, 0x0820, 0x0020, 0x0020,
  0x0020, 0x0020, 0x0000, 0x0000, 0x0000, 0x0000, 0x0000, 0x0000, 0x0000, 0x0000, 0x0000, 0x0000,
  0x0000, 0x0000, 0x0000, 0x0000, 0x0000, 0x0000, 0x0000, 0x0000, 0x0000, 0x0000, 0x0000, 0x0000,
  0x0000, 0x0000, 0x0000, 0x0000, 0x0000, 0x0000, 0x0000, 0x0000, 0x0000, 0x0000, 0x0820, 0x0841,
  0x0000, 0x0000, 0x0000, 0x0000, 0x0000, 0x0000, 0x0820, 0x0820, 0x0840, 0x0840, 0x0841, 0x1061,
  0x1061, 0x1061, 0x1081, 0x10A2, 0x10A2, 0x18A2, 0x18C2, 0x18E2, 0x18C2, 0x18E2, 0x18E2, 0x18E2,
  0x20E2, 0x2102, 0x2102, 0x2102, 0x2103, 0x2964, 0x2923, 0x20E2, 0x2103, 0x2103, 0x0841, 0x0000,
  0x0000, 0x0000, 0x0000, 0x0000, 0x0000, 0x0000, 0x0020, 0x0000, 0x0000, 0x0000, 0x0000, 0x0000,
  0x0000, 0x0000, 0x0000, 0x0000, 0x0000, 0x0000, 0x0000, 0x0000, 0x0000, 0x0020, 0x10A2, 0x0000,
  0x0000, 0x0000, 0x0000, 0x0000, 0x0000, 0x0000, 0x0000, 0x0000, 0x0000, 0x0000, 0x0000, 0x0000,
  0x0000, 0x0020, 0x0000, 0x0000, 0x0000, 0x0000, 0x18A3, 0x2104, 0x0000, 0x0000, 0x0000, 0x0000,
  0x0000, 0x0020, 0x0000, 0x0000, 0x0000, 0x0000, 0x0000, 0x0000, 0x0000, 0x0000, 0x0020, 0x0841,
  0x0000, 0x0000, 0x0000, 0x0020, 0x0000, 0x0000, 0x0000, 0x0000, 0x0000, 0x0000, 0x0000, 0x0000,
  0x0000, 0x0000, 0x0000, 0x0000, 0x0000, 0x0000, 0x0000, 0x0000, 0x0020, 0x0000, 0x0000, 0x0000,
  0x0000, 0x0000, 0x0000, 0x0000, 0x0841, 0x0020, 0x0020, 0x0000, 0x0000, 0x0000, 0x0000, 0x0000,
  0x0000, 0x0000, 0x0000, 0x0000, 0x0020, 0x0000, 0x0000, 0x0000, 0x0000, 0x0000, 0x0000, 0x0000,
  0x0000, 0x0000, 0x0000, 0x0000, 0x0000, 0x0000, 0x0020, 0x0020, 0x0000, 0x0000, 0x0000, 0x0000,
  0x0000, 0x0000, 0x0000, 0x0000, 0x0000, 0x0000, 0x0020, 0x0020, 0x0000, 0x0000, 0x0000, 0x0000,
  0x0000, 0x0000, 0x0000, 0x0000, 0x0000, 0x0000, 0x0000, 0x0000, 0x0000, 0x0000, 0x0000, 0x0000,
  0x0000, 0x0000, 0x0000, 0x0000, 0x0000, 0x0000, 0x0000, 0x0000, 0x0000, 0x0000, 0x0000, 0x0000,
  0x0861, 0x0020, 0x0000, 0x0000, 0x0000, 0x0000, 0x0000, 0x0000, 0x0000, 0x0000, 0x0000, 0x0000,
  0x0020, 0x0020, 0x0000, 0x0000, 0x0000, 0x0000, 0x0000, 0x0000, 0x0000, 0x0000, 0x0000, 0x0000,
  0x0000, 0x0000, 0x0840, 0x0841, 0x0841, 0x0841, 0x0840, 0x0820, 0x0840, 0x0820, 0x0820, 0x0820,
  0x0820, 0x0820, 0x0820, 0x0820, 0x0840, 0x0820, 0x0820, 0x0820, 0x0820, 0x0820, 0x0000, 0x0820,
  0x0820, 0x0820, 0x0820, 0x0820, 0x0820, 0x0820, 0x0820, 0x0841, 0x0820, 0x0820, 0x0020, 0x0820,
  0x0020, 0x0820, 0x0020, 0x0000, 0x0000, 0x0840, 0x0020, 0x0020, 0x0820, 0x0820, 0x0820, 0x0020,
  0x0820, 0x0820, 0x0820, 0x0020, 0x0020, 0x0020, 0x0020, 0x0020, 0x0820, 0x0820, 0x0820, 0x0820,
  0x0840, 0x0820, 0x0020, 0x0020, 0x0020, 0x0820, 0x0020, 0x0000, 0x0000, 0x0000, 0x0000, 0x0000,
  0x0000, 0x0000, 0x0000, 0x0000, 0x0000, 0x0000, 0x0000, 0x0000, 0x0000, 0x0000, 0x0000, 0x0000,
  0x0000, 0x0000, 0x0000, 0x0000, 0x0000, 0x0000, 0x0000, 0x0000, 0x0000, 0x0000, 0x0020, 0x0020,
  0x0841, 0x0020, 0x0000, 0x0020, 0x0000, 0x0000, 0x0840, 0x0861, 0x0000, 0x0000, 0x0000, 0x0000,
  0x0000, 0x0000, 0x0820, 0x0820, 0x0840, 0x0840, 0x0841, 0x0861, 0x1061, 0x1081, 0x1081, 0x10A1,
  0x10A1, 0x18C2, 0x18E2, 0x18C2, 0x18C2, 0x18E2, 0x18E2, 0x20E2, 0x20E2, 0x2102, 0x2102, 0x2103,
  0x2943, 0x2102, 0x20E2, 0x2923, 0x18C2, 0x0020, 0x0000, 0x0000, 0x0000, 0x0000, 0x0000, 0x0000,
  0x0000, 0x0000, 0x0000, 0x0000, 0x0020, 0x0000, 0x0000, 0x0000, 0x0000, 0x0000, 0x0000, 0x0000,
  0x0000, 0x0000, 0x0000, 0x0000, 0x0020, 0x0020, 0x0841, 0x0000, 0x0000, 0x0000, 0x0020, 0x0000,
  0x0000, 0x0841, 0x0000, 0x0000, 0x0000, 0x0000, 0x0000, 0x0000, 0x0000, 0x1082, 0x0000, 0x0000,
  0x0000, 0x0000, 0x18A2, 0x2124, 0x0000, 0x0020, 0x0000, 0x0000, 0x0000, 0x0861, 0x0000, 0x0000,
  0x0000, 0x0000, 0x0000, 0x0000, 0x0000, 0x0000, 0x0000, 0x0000, 0x0000, 0x0000, 0x0000, 0x0000,
  0x0000, 0x0000, 0x0000, 0x0000, 0x0000, 0x0000, 0x0000, 0x0000, 0x0000, 0x0000, 0x0000, 0x0000,
  0x0000, 0x0000, 0x0000, 0x0000, 0x0020, 0x0000, 0x0000, 0x0000, 0x0000, 0x0000, 0x0000, 0x0000,
  0x0000, 0x0000, 0x0000, 0x0000, 0x0000, 0x0000, 0x0000, 0x0000, 0x0000, 0x0000, 0x0000, 0x0000,
  0x0000, 0x0000, 0x0000, 0x0000, 0x0000, 0x0000, 0x0000, 0x0000, 0x0000, 0x0000, 0x0000, 0x0861,
  0x1082, 0x0000, 0x0000, 0x0000, 0x0000, 0x0000, 0x0000, 0x0000, 0x0000, 0x0000, 0x0000, 0x0000,
  0x0000, 0x0000, 0x0841, 0x0841, 0x0000, 0x0000, 0x0000, 0x0000, 0x0000, 0x0000, 0x0000, 0x0000,
  0x0000, 0x0000, 0x0000, 0x0000, 0x0000, 0x0000, 0x0000, 0x0000, 0x0000, 0x0000, 0x0000, 0x0000,
  0x0000, 0x0000, 0x0000, 0x0000, 0x0000, 0x0000, 0x0000, 0x0000, 0x0020, 0x0000, 0x0000, 0x0000,
  0x0000, 0x0000, 0x0000, 0x0000, 0x0000, 0x0000, 0x0000, 0x0000, 0x0000, 0x0000, 0x0000, 0x0000,
  0x0000, 0x0000, 0x0000, 0x0000, 0x0000, 0x0000, 0x0000, 0x0000, 0x0000, 0x0000, 0x0000, 0x0820,
  0x0841, 0x0841, 0x0841, 0x0841, 0x0840, 0x0840, 0x0840, 0x0840, 0x0820, 0x0820, 0x0820, 0x0820,
  0x0820, 0x0840, 0x0020, 0x0820, 0x0820, 0x0820, 0x0840, 0x0820, 0x0820, 0x0820, 0x0820, 0x0820,
  0x0820, 0x0820, 0x0820, 0x0820, 0x0820, 0x0820, 0x0820, 0x0020, 0x0820, 0x0820, 0x0020, 0x0000,
  0x0000, 0x0820, 0x0820, 0x0020, 0x0020, 0x0820, 0x0820, 0x0820, 0x0820, 0x0020, 0x0820, 0x0820,
  0x0020, 0x0020, 0x0020, 0x0020, 0x0820, 0x0820, 0x0000, 0x0820, 0x0820, 0x0820, 0x0000, 0x0820,
  0x0820, 0x0000, 0x0000, 0x0020, 0x0020, 0x0000, 0x0000, 0x0000, 0x0000, 0x0000, 0x0000, 0x0000,
  0x0820, 0x0000, 0x0000, 0x0000, 0x0000, 0x0000, 0x0000, 0x0000, 0x0000, 0x0000, 0x0000, 0x0000,
  0x0000, 0x0000, 0x0000, 0x0000, 0x0000, 0x0000, 0x0020, 0x0020, 0x0841, 0x0000, 0x0000, 0x0000,
  0x0000, 0x0000, 0x0020, 0x0000, 0x0000, 0x0000, 0x0000, 0x0000, 0x0000, 0x0020, 0x0820, 0x0840,
  0x0840, 0x0840, 0x0841, 0x0861, 0x1061, 0x1081, 0x1081, 0x10A1, 0x18A1, 0x18C2, 0x18C2, 0x18C2,
  0x18E2, 0x20E2, 0x20E2, 0x20E2, 0x2102, 0x20E2, 0x2102, 0x2943, 0x2903, 0x2923, 0x2944, 0x10A2,
  0x0000, 0x0000, 0x0000, 0x0000, 0x0000, 0x0020, 0x0000, 0x0000, 0x0000, 0x0000, 0x0000, 0x0000,
  0x0000, 0x0000, 0x0000, 0x0000, 0x0000, 0x0000, 0x0000, 0x0000, 0x0000, 0x0000, 0x0000, 0x0000,
  0x0841, 0x0020, 0x0000, 0x0000, 0x0000, 0x0000, 0x0020, 0x0020, 0x0000, 0x0841, 0x0000, 0x0000,
  0x0000, 0x0000, 0x0000, 0x0000, 0x0000, 0x0000, 0x0000, 0x0000, 0x0000, 0x0000, 0x0000, 0x0000,
  0x0020, 0x0841, 0x0000, 0x0000, 0x0000, 0x0000, 0x0000, 0x0000, 0x0000, 0x0000, 0x0000, 0x0000,
  0x0000, 0x0000, 0x0000, 0x0000, 0x0000, 0x0000, 0x0000, 0x0000, 0x0000, 0x0000, 0x0000, 0x0000,
  0x0020, 0x0841, 0x0020, 0x0000, 0x0000, 0x0000, 0x0000, 0x0000, 0x0000, 0x0000, 0x0000, 0x0000,
  0x0000, 0x0000, 0x0000, 0x0000, 0x0000, 0x0000, 0x0000, 0x0000, 0x0000, 0x0000, 0x0000, 0x0000,
  0x0000, 0x0000, 0x0000, 0x0000, 0x0000, 0x0000, 0x0000, 0x0000, 0x0861, 0x0841, 0x0000, 0x0000,
  0x0000, 0x0000, 0x0000, 0x0000, 0x0000, 0x0000, 0x0000, 0x0020, 0x0020, 0x0000, 0x0000, 0x0000,
  0x0000, 0x0000, 0x0000, 0x0000, 0x0000, 0x0000, 0x0000, 0x0000, 0x0000, 0x0000, 0x0000, 0x0000,
  0x0000, 0x0000, 0x0000, 0x0000, 0x0000, 0x0000, 0x0000, 0x0000, 0x0000, 0x0000, 0x0000, 0x0000,
  0x0000, 0x0000, 0x0000, 0x0000, 0x0000, 0x0000, 0x0000, 0x0000, 0x0000, 0x0000, 0x0000, 0x0000,
  0x0000, 0x0000, 0x0000, 0x0000, 0x0000, 0x0000, 0x0000, 0x0000, 0x0000, 0x0000, 0x0000, 0x0000,
  0x0000, 0x0000, 0x0000, 0x0000, 0x0000, 0x0000, 0x0000, 0x0000, 0x0000, 0x0000, 0x0000, 0x0000,
  0x0000, 0x0000, 0x0000, 0x0000, 0x0000, 0x0000, 0x0000, 0x0000, 0x0020, 0x0840, 0x0841, 0x0840,
  0x0840, 0x0840, 0x0840, 0x0840, 0x0840, 0x0841, 0x0841, 0x0840, 0x0820, 0x0840, 0x0820, 0x0020,
  0x0020, 0x0020, 0x0820, 0x0020, 0x0020, 0x0820, 0x0820, 0x0820, 0x0820, 0x0820, 0x0820, 0x0820,
  0x0841, 0x0820, 0x0820, 0x0820, 0x0820, 0x0820, 0x0820, 0x0000, 0x0000, 0x0020, 0x0820, 0x0020,
  0x0020, 0x0820, 0x0820, 0x0820, 0x0820, 0x0000, 0x0020, 0x0020, 0x0000, 0x0000, 0x0020, 0x0020,
  0x0020, 0x0020, 0x0000, 0x0820, 0x0820, 0x0820, 0x0020, 0x0000, 0x0000, 0x0020, 0x0000, 0x0000,
  0x0000, 0x0000, 0x0000, 0x0000, 0x0000, 0x0000, 0x0000, 0x0000, 0x0020, 0x0000, 0x0000, 0x0000,
  0x0000, 0x0000, 0x0000, 0x0000, 0x0000, 0x0000, 0x0000, 0x0000, 0x0000, 0x0000, 0x0000, 0x0000,
  0x0000, 0x0000, 0x0000, 0x0000, 0x0000, 0x0000, 0x0000, 0x0000, 0x0000, 0x0820, 0x0000, 0x0000,
  0x0000, 0x0000, 0x0000, 0x0000, 0x0000, 0x0820, 0x0820, 0x0840, 0x0840, 0x0861, 0x0861, 0x1061,
  0x1081, 0x1081, 0x1081, 0x18A1, 0x18C2, 0x18C2, 0x18C2, 0x18C2, 0x18E2, 0x20E2, 0x18E2, 0x20E2,
  0x2102, 0x2923, 0x2944, 0x3164, 0x3185, 0x2103, 0x0841, 0x0000, 0x0000, 0x0000, 0x0000, 0x0000,
  0x0000, 0x0841, 0x0020, 0x0000, 0x0000, 0x0000, 0x0000, 0x0000, 0x0000, 0x0000, 0x0000, 0x0020,
  0x0000, 0x0000, 0x0000, 0x0000, 0x0000, 0x0000, 0x0000, 0x0000, 0x0000, 0x0000, 0x0000, 0x0000,
  0x0000, 0x0000, 0x0000, 0x0000, 0x0000, 0x0000, 0x0000, 0x0000, 0x0000, 0x0000, 0x0000, 0x0000,
  0x0000, 0x0000, 0x0000, 0x0000, 0x0000, 0x0000, 0x0000, 0x0000, 0x0000, 0x0000, 0x0000, 0x0000,
  0x0000, 0x0000, 0x0000, 0x0000, 0x0000, 0x0000, 0x0020, 0x0000, 0x0000, 0x0000, 0x0000, 0x0000,
  0x0000, 0x0000, 0x0000, 0x0000, 0x0000, 0x0000, 0x0000, 0x0000, 0x0020, 0x0020, 0x0000, 0x0000,
  0x0000, 0x0000, 0x0000, 0x0000, 0x0000, 0x0000, 0x0000, 0x0000, 0x0000, 0x0000, 0x0000, 0x0000,
  0x0000, 0x0000, 0x0000, 0x0000, 0x0000, 0x0000, 0x0000, 0x0000, 0x0000, 0x0000, 0x0000, 0x0000,
  0x0000, 0x0000, 0x0000, 0x0000, 0x0841, 0x0841, 0x0000, 0x0000, 0x0000, 0x0000, 0x0000, 0x0000,
  0x0000, 0x0000, 0x0000, 0x0000, 0x0000, 0x0000, 0x0000, 0x0000, 0x0000, 0x0000, 0x0000, 0x0000,
  0x0000, 0x0000, 0x0000, 0x0000, 0x0000, 0x0000, 0x0000, 0x0000, 0x0000, 0x0000, 0x0000, 0x0000,
  0x0000, 0x0000, 0x0000, 0x0000, 0x0020, 0x0000, 0x0000, 0x0000, 0x0000, 0x0000, 0x0000, 0x0000,
  0x0000, 0x0000, 0x0000, 0x0000, 0x0000, 0x0000, 0x0000, 0x0000, 0x0000, 0x0000, 0x0000, 0x0000,
  0x0000, 0x0000, 0x0000, 0x0000, 0x0000, 0x0000, 0x0000, 0x0000, 0x0000, 0x0000, 0x0000, 0x0000,
  0x0000, 0x0000, 0x0020, 0x0000, 0x0000, 0x0000, 0x0000, 0x0000, 0x0000, 0x0000, 0x0000, 0x0000,
  0x0000, 0x0000, 0x0020, 0x0000, 0x0000, 0x0000, 0x0020, 0x0840, 0x0840, 0x0840, 0x0840, 0x0840,
  0x0840, 0x0840, 0x0840, 0x0840, 0x0841, 0x0840, 0x0840, 0x0840, 0x0820, 0x0840, 0x0820, 0x0820,
  0x0820, 0x0820, 0x0020, 0x0020, 0x0020, 0x0020, 0x0020, 0x0020, 0x0820, 0x0840, 0x0020, 0x0820,
  0x0820, 0x0820, 0x0820, 0x0820, 0x0000, 0x0000, 0x0820, 0x0020, 0x0000, 0x0820, 0x0820, 0x0820,
  0x0820, 0x0020, 0x0020, 0x0020, 0x0020, 0x0000, 0x0020, 0x0020, 0x0000, 0x0020, 0x0000, 0x0820,
  0x0840, 0x0820, 0x0020, 0x0000, 0x0000, 0x0020, 0x0000, 0x0000, 0x0000, 0x0000, 0x0020, 0x0000,
  0x0000, 0x0000, 0x0000, 0x0000, 0x0000, 0x0000, 0x0000, 0x0000, 0x0000, 0x0000, 0x0000, 0x0000,
  0x0000, 0x0000, 0x0000, 0x0000, 0x0000, 0x0000, 0x0000, 0x0000, 0x0000, 0x0000, 0x0000, 0x0000,
  0x0000, 0x0000, 0x0000, 0x0000, 0x0000, 0x0841, 0x0020, 0x0000, 0x0000, 0x0000, 0x0000, 0x0000,
  0x0020, 0x0820, 0x0820, 0x0840, 0x0840, 0x0861, 0x1061, 0x1081, 0x1081, 0x1081, 0x1081, 0x18A2,
  0x18C2, 0x18C2, 0x18C2, 0x20E2, 0x2102, 0x2103, 0x2923, 0x2943, 0x2944, 0x2944, 0x2944, 0x3164,
  0x2103, 0x0000, 0x0020, 0x0000, 0x0000, 0x0000, 0x0000, 0x0000, 0x0000, 0x0000, 0x0020, 0x0000,
  0x0000, 0x0020, 0x0000, 0x0000, 0x0000, 0x0000, 0x0000, 0x0020, 0x0000, 0x0000, 0x0000, 0x0000,
  0x0000, 0x0000, 0x0000, 0x0000, 0x0000, 0x0000, 0x0000, 0x0000, 0x0000, 0x0000, 0x0000, 0x0000,
  0x0861, 0x20E4, 0x0000, 0x0000, 0x0000, 0x0000, 0x0000, 0x0000, 0x0000, 0x0000, 0x0000, 0x0000,
  0x0000, 0x0000, 0x0000, 0x0000, 0x0000, 0x0000, 0x0000, 0x0000, 0x0000, 0x0000, 0x0000, 0x0000,
  0x0000, 0x0000, 0x0020, 0x0000, 0x0000, 0x0000, 0x0000, 0x0000, 0x0000, 0x0000, 0x0000, 0x0000,
  0x0000, 0x0000, 0x0000, 0x0000, 0x0000, 0x0000, 0x0000, 0x0000, 0x0000, 0x0000, 0x0000, 0x0000,
  0x0000, 0x0000, 0x0000, 0x0000, 0x0000, 0x0000, 0x0000, 0x0000, 0x0000, 0x0000, 0x0000, 0x0000,
  0x0000, 0x0000, 0x0000, 0x0000, 0x0020, 0x0000, 0x0000, 0x0000, 0x0000, 0x0000, 0x0000, 0x0000,
  0x0000, 0x0000, 0x0000, 0x0000, 0x0000, 0x0000, 0x0000, 0x0000, 0x0000, 0x0000, 0x0000, 0x0000,
  0x0000, 0x0000, 0x0000, 0x0000, 0x0000, 0x0000, 0x0000, 0x0000, 0x0000, 0x0000, 0x0000, 0x0000,
  0x0000, 0x0000, 0x0000, 0x0000, 0x0000, 0x0000, 0x0000, 0x0000, 0x0000, 0x0000, 0x0000, 0x0000,
  0x18E3, 0x0861, 0x0000, 0x0000, 0x0000, 0x0000, 0x0000, 0x0000, 0x0000, 0x0000, 0x0000, 0x0000,
  0x0000, 0x0000, 0x0000, 0x0000, 0x0000, 0x0000, 0x0000, 0x0000, 0x0000, 0x0000, 0x0000, 0x0000,
  0x0000, 0x0000, 0x0000, 0x0000, 0x0000, 0x0000, 0x0000, 0x0000, 0x0000, 0x0861, 0x1082, 0x0000,
  0x0000, 0x0000, 0x0000, 0x0000, 0x0000, 0x0020, 0x0020, 0x0000, 0x0000, 0x0020, 0x0020, 0x0000,
  0x0000, 0x0000, 0x0000, 0x0020, 0x0840, 0x0840, 0x0840, 0x0840, 0x0840, 0x0840, 0x0840, 0x0840,
  0x0840, 0x0840, 0x0840, 0x0840, 0x0840, 0x0840, 0x0840, 0x0840, 0x0840, 0x0840, 0x0840, 0x0840,
  0x0840, 0x0820, 0x0820, 0x0020, 0x0020, 0x0820, 0x0820, 0x0020, 0x0000, 0x0000, 0x0020, 0x0020,
  0x0000, 0x0000, 0x0820, 0x0820, 0x0000, 0x0020, 0x0820, 0x0020, 0x0820, 0x0020, 0x0820, 0x0020,
  0x0000, 0x0020, 0x0000, 0x0020, 0x0020, 0x0020, 0x0000, 0x0820, 0x0820, 0x0820, 0x0000, 0x0000,
  0x0000, 0x0000, 0x0000, 0x0000, 0x0000, 0x0000, 0x0000, 0x0820, 0x0000, 0x0000, 0x0000, 0x0820,
  0x0020, 0x0000, 0x0020, 0x0000, 0x0000, 0x0000, 0x0000, 0x0000, 0x0000, 0x0000, 0x0000, 0x0000,
  0x0000, 0x0000, 0x0000, 0x0000, 0x0000, 0x0000, 0x0000, 0x0000, 0x0000, 0x0000, 0x0000, 0x0000,
  0x0000, 0x0000, 0x0000, 0x0000, 0x0000, 0x0000, 0x0000, 0x0000, 0x0020, 0x0820, 0x0820, 0x0820,
  0x0840, 0x0840, 0x1061, 0x1081, 0x1081, 0x10A1, 0x18C2, 0x18E2, 0x2102, 0x2103, 0x2923, 0x2943,
  0x2943, 0x3164, 0x2943, 0x2943, 0x2943, 0x2944, 0x2103, 0x0861, 0x0000, 0x0000, 0x0000, 0x0000,
  0x0000, 0x0000, 0x0000, 0x0000, 0x0000, 0x0000, 0x0000, 0x0000, 0x0000, 0x0000, 0x0000, 0x0000,
  0x0000, 0x0000, 0x0000, 0x0000, 0x0000, 0x0000, 0x0000, 0x0000, 0x0000, 0x0000, 0x0000, 0x0000,
  0x0000, 0x0000, 0x0000, 0x0000, 0x0000, 0x0000, 0x0000, 0x0000, 0x1082, 0x2124, 0x0020, 0x0000,
  0x0000, 0x0000, 0x0000, 0x0000, 0x0000, 0x0000, 0x0000, 0x0000, 0x0000, 0x0000, 0x0000, 0x0000,
  0x0000, 0x0000, 0x0000, 0x0000, 0x0000, 0x0000, 0x0000, 0x0000, 0x0000, 0x0000, 0x0000, 0x0000,
  0x0000, 0x1082, 0x0841, 0x0000, 0x0000, 0x0000, 0x0000, 0x0000, 0x0000, 0x0000, 0x0000, 0x0000,
  0x0000, 0x0000, 0x0020, 0x0020, 0x0020, 0x0000, 0x0000, 0x0020, 0x0861, 0x0000, 0x0000, 0x0000,
  0x0000, 0x0000, 0x0000, 0x0000, 0x0000, 0x0000, 0x0000, 0x0000, 0x0000, 0x0000, 0x0000, 0x0000,
  0x0000, 0x0000, 0x0000, 0x0000, 0x0000, 0x0000, 0x0000, 0x0000, 0x0000, 0x0000, 0x0000, 0x0000,
  0x0000, 0x0000, 0x0000, 0x0000, 0x0000, 0x0000, 0x0000, 0x0000, 0x0000, 0x0000, 0x0000, 0x0000,
  0x0000, 0x0000, 0x0841, 0x0861, 0x0020, 0x0000, 0x0000, 0x0000, 0x0000, 0x0000, 0x0000, 0x0000,
  0x0000, 0x0000, 0x0000, 0x0000, 0x0000, 0x0000, 0x0000, 0x0000, 0x0841, 0x0020, 0x0000, 0x0000,
  0x0000, 0x0000, 0x0000, 0x0000, 0x0000, 0x0000, 0x0000, 0x0000, 0x1082, 0x0000, 0x0000, 0x0000,
  0x0000, 0x0000, 0x0020, 0x0000, 0x0000, 0x0000, 0x0000, 0x0000, 0x0000, 0x0000, 0x0000, 0x0000,
  0x0000, 0x0000, 0x0000, 0x0000, 0x0000, 0x0000, 0x0000, 0x0000, 0x0000, 0x0000, 0x0000, 0x0000,
  0x0000, 0x0020, 0x0000, 0x0000, 0x0020, 0x0020, 0x0000, 0x0000, 0x0000, 0x0000, 0x0000, 0x0000,
  0x0000, 0x0020, 0x0840, 0x0841, 0x0841, 0x0840, 0x0840, 0x0840, 0x0840, 0x0840, 0x0840, 0x0840,
  0x0840, 0x0840, 0x0840, 0x0840, 0x0840, 0x0840, 0x0840, 0x0840, 0x0840, 0x0840, 0x0840, 0x0840,
  0x0820, 0x0840, 0x0840, 0x0820, 0x0840, 0x0820, 0x0820, 0x0820, 0x0820, 0x0020, 0x0000, 0x0820,
  0x0000, 0x0000, 0x0820, 0x0820, 0x0020, 0x0020, 0x0000, 0x0000, 0x0000, 0x0000, 0x0000, 0x0000,
  0x0000, 0x0000, 0x0000, 0x0020, 0x0820, 0x0020, 0x0000, 0x0000, 0x0000, 0x0000, 0x0000, 0x0000,
  0x0000, 0x0000, 0x0000, 0x0820, 0x0000, 0x0000, 0x0000, 0x0820, 0x0020, 0x0000, 0x0020, 0x0000,
  0x0000, 0x0000, 0x0000, 0x0000, 0x0000, 0x0000, 0x0000, 0x0000, 0x0000, 0x0000, 0x0000, 0x0000,
  0x0000, 0x0000, 0x0000, 0x0000, 0x0000, 0x0000, 0x0000, 0x0000, 0x0000, 0x0000, 0x0000, 0x0000,
  0x0000, 0x0000, 0x0020, 0x0820, 0x0840, 0x0840, 0x0840, 0x1061, 0x1081, 0x10A1, 0x18C2, 0x18C2,
  0x20E2, 0x2102, 0x2103, 0x2103, 0x2923, 0x2923, 0x2943, 0x2943, 0x2943, 0x2943, 0x2943, 0x2943,
  0x2943, 0x18A2, 0x0000, 0x0000, 0x0000, 0x0000, 0x0000, 0x0000, 0x0000, 0x0000, 0x0000, 0x0000,
  0x0000, 0x0000, 0x0000, 0x0000, 0x0000, 0x0000, 0x0000, 0x0000, 0x0000, 0x0000, 0x0000, 0x0000,
  0x0000, 0x0000, 0x0000, 0x0000, 0x0000, 0x0000, 0x0000, 0x0000, 0x0000, 0x0000, 0x0000, 0x0000,
  0x0000, 0x0000, 0x0000, 0x0000, 0x0000, 0x0000, 0x0000, 0x0000, 0x0000, 0x0000, 0x0000, 0x0000,
  0x0000, 0x0000, 0x0000, 0x0000, 0x0000, 0x0000, 0x0000, 0x0000, 0x0000, 0x0000, 0x0000, 0x0000,
  0x0000, 0x0000, 0x0000, 0x0020, 0x0000, 0x0000, 0x0000, 0x0000, 0x0000, 0x0000, 0x0000, 0x0000,
  0x0000, 0x0000, 0x0000, 0x0000, 0x0000, 0x0000, 0x0000, 0x0000, 0x0000, 0x0000, 0x0861, 0x10A2,
  0x0020, 0x0000, 0x0000, 0x0020, 0x0841, 0x0000, 0x0000, 0x0000, 0x0000, 0x0841, 0x0841, 0x0000,
  0x0000, 0x0020, 0x0000, 0x0000, 0x0000, 0x0000, 0x0000, 0x0000, 0x0000, 0x0000, 0x0000, 0x0000,
  0x0000, 0x0000, 0x0000, 0x0000, 0x0000, 0x0000, 0x0000, 0x0000, 0x0000, 0x0000, 0x0000, 0x0000,
  0x0000, 0x0000, 0x0000, 0x0000, 0x0020, 0x0000, 0x0000, 0x0000, 0x0000, 0x0000, 0x0841, 0x0861,
  0x0020, 0x0000, 0x0000, 0x0000, 0x0000, 0x0841, 0x0841, 0x0841, 0x0000, 0x0000, 0x0000, 0x0000,
  0x0000, 0x0000, 0x0000, 0x0000, 0x0000, 0x0000, 0x0000, 0x0000, 0x0000, 0x0000, 0x0020, 0x0020,
  0x0000, 0x0000, 0x0000, 0x0000, 0x0841, 0x0000, 0x0841, 0x0000, 0x0000, 0x0020, 0x0841, 0x0000,
  0x0000, 0x0000, 0x0000, 0x0000, 0x0000, 0x0000, 0x0000, 0x0000, 0x0000, 0x0000, 0x0000, 0x0020,
  0x0000, 0x0000, 0x0000, 0x0000, 0x0000, 0x0000, 0x0000, 0x0000, 0x0000, 0x0000, 0x0000, 0x0000,
  0x0000, 0x0000, 0x0000, 0x0000, 0x0000, 0x0000, 0x0000, 0x0000, 0x0000, 0x0000, 0x0000, 0x0020,
  0x0840, 0x0840, 0x0840, 0x0840, 0x0840, 0x0840, 0x0840, 0x0840, 0x0840, 0x0840, 0x0840, 0x0840,
  0x0840, 0x0840, 0x0840, 0x0840, 0x0840, 0x0840, 0x0840, 0x0840, 0x0840, 0x0820, 0x0840, 0x0840,
  0x0840, 0x0840, 0x0840, 0x0840, 0x0840, 0x0840, 0x0840, 0x0840, 0x0820, 0x0820, 0x0840, 0x0820,
  0x0840, 0x0840, 0x0820, 0x0820, 0x0820, 0x0020, 0x0020, 0x0820, 0x0020, 0x0020, 0x0000, 0x0000,
  0x0820, 0x0020, 0x0000, 0x0000, 0x0000, 0x0000, 0x0000, 0x0000, 0x0000, 0x0000, 0x0820, 0x0841,
  0x0000, 0x0020, 0x0820, 0x0000, 0x0020, 0x0000, 0x0000, 0x0000, 0x0000, 0x0000, 0x0000, 0x0000,
  0x0000, 0x0000, 0x0000, 0x0000, 0x0000, 0x0000, 0x0820, 0x0820, 0x0820, 0x0020, 0x0820, 0x0820,
  0x0820, 0x0000, 0x0000, 0x0820, 0x0820, 0x0841, 0x0820, 0x0820, 0x0820, 0x0840, 0x0841, 0x0841,
  0x1061, 0x1081, 0x1081, 0x10A1, 0x18C2, 0x18C2, 0x18E2, 0x20E2, 0x20E2, 0x20E2, 0x2102, 0x2123,
  0x2923, 0x2923, 0x2923, 0x2943, 0x2943, 0x2943, 0x2944, 0x2103, 0x0841, 0x0000, 0x0000, 0x0000,
  0x0000, 0x0000, 0x0000, 0x0000, 0x0000, 0x0000, 0x0000, 0x0000, 0x0000, 0x0000, 0x0000, 0x0000,
  0x0000, 0x0000, 0x0000, 0x0000, 0x0000, 0x0000, 0x0000, 0x0000, 0x0000, 0x0000, 0x0000, 0x0000,
  0x0861, 0x0020, 0x0000, 0x0000, 0x0000, 0x0000, 0x0000, 0x0000, 0x0000, 0x0000, 0x0000, 0x0000,
  0x0000, 0x0000, 0x0861, 0x0841, 0x0000, 0x0000, 0x0000, 0x0000, 0x0000, 0x0000, 0x0000, 0x0000,
  0x0000, 0x0000, 0x0000, 0x0000, 0x0000, 0x0000, 0x0000, 0x0000, 0x0000, 0x0000, 0x0000, 0x0861,
  0x0000, 0x0000, 0x0000, 0x0000, 0x0000, 0x0000, 0x0000, 0x0000, 0x0000, 0x0000, 0x0000, 0x0000,
  0x0000, 0x0000, 0x0000, 0x0000, 0x0000, 0x0000, 0x0000, 0x0841, 0x1082, 0x0000, 0x0000, 0x0000,
  0x0000, 0x0000, 0x0000, 0x0000, 0x0000, 0x0000, 0x0000, 0x0841, 0x0000, 0x0000, 0x0000, 0x0000,
  0x0000, 0x0000, 0x0000, 0x0000, 0x0000, 0x0000, 0x0000, 0x0000, 0x0000, 0x0000, 0x0000, 0x0000,
  0x0000, 0x0000, 0x0000, 0x0000, 0x0000, 0x0000, 0x0000, 0x0000, 0x0000, 0x0020, 0x0000, 0x0000,
  0x0841, 0x0000, 0x0000, 0x0000, 0x0000, 0x0000, 0x0000, 0x0000, 0x0000, 0x0000, 0x0000, 0x0000,
  0x0000, 0x0861, 0x0861, 0x1082, 0x0000, 0x0000, 0x0000, 0x0000, 0x0000, 0x0000, 0x0000, 0x0000,
  0x0000, 0x0000, 0x0000, 0x0000, 0x0000, 0x0000, 0x0000, 0x0000, 0x0000, 0x0000, 0x0000, 0x0000,
  0x0000, 0x0000, 0x0020, 0x0000, 0x0000, 0x0841, 0x0861, 0x0000, 0x0000, 0x0000, 0x0000, 0x0000,
  0x0000, 0x0000, 0x0000, 0x0000, 0x0000, 0x0000, 0x0000, 0x0841, 0x0000, 0x0000, 0x0000, 0x0000,
  0x0000, 0x0000, 0x0000, 0x0000, 0x0000, 0x0000, 0x0000, 0x0000, 0x0000, 0x0000, 0x0000, 0x0000,
  0x0000, 0x0000, 0x0000, 0x0000, 0x0000, 0x0000, 0x0000, 0x0000, 0x0000, 0x0820, 0x0840, 0x0840,
  0x0840, 0x0840, 0x0840, 0x0840, 0x0840, 0x0820, 0x0820, 0x0840, 0x0840, 0x0840, 0x0820, 0x0840,
  0x0840, 0x0840, 0x0840, 0x0840, 0x0840, 0x0820, 0x0820, 0x0820, 0x0820, 0x0840, 0x0820, 0x0840,
  0x0820, 0x0820, 0x0820, 0x0820, 0x0820, 0x0820, 0x0820, 0x0820, 0x0820, 0x0820, 0x0820, 0x0820,
  0x0820, 0x0820, 0x0820, 0x0820, 0x0820, 0x0820, 0x0820, 0x0820, 0x0820, 0x0820, 0x0820, 0x0020,
  0x0020, 0x0820, 0x0020, 0x0020, 0x0020, 0x0020, 0x0820, 0x0820, 0x0000, 0x0020, 0x0820, 0x0000,
  0x0820, 0x0000, 0x0000, 0x0820, 0x0000, 0x0020, 0x0000, 0x0000, 0x0000, 0x0820, 0x0020, 0x0000,
  0x0000, 0x0020, 0x0841, 0x1061, 0x0840, 0x0820, 0x0840, 0x0841, 0x0841, 0x0820, 0x0000, 0x0000,
  0x0000, 0x0000, 0x0000, 0x0020, 0x0820, 0x0020, 0x0820, 0x0841, 0x0861, 0x1081, 0x1081, 0x18A1,
  0x18C2, 0x18C2, 0x18E2, 0x18E2, 0x20E2, 0x2102, 0x2103, 0x2923, 0x2923, 0x2923, 0x2923, 0x2943,
  0x2943, 0x2123, 0x1082, 0x0000, 0x0000, 0x0020, 0x0020, 0x0000, 0x0000, 0x0000, 0x0000, 0x0000,
  0x0000, 0x0000, 0x0000, 0x0000, 0x0000, 0x0000, 0x0000, 0x0000, 0x0000, 0x0000, 0x0000, 0x0000,
  0x0000, 0x0000, 0x0000, 0x0000, 0x0000, 0x0000, 0x0000, 0x0000, 0x0020, 0x0000, 0x0000, 0x0000,
  0x0000, 0x0000, 0x0000, 0x0000, 0x0000, 0x0000, 0x0000, 0x0000, 0x0000, 0x0000, 0x0841, 0x0020,
  0x0000, 0x0000, 0x0000, 0x0841, 0x0000, 0x0000, 0x0000, 0x0000, 0x0000, 0x0000, 0x0000, 0x0000,
  0x0000, 0x0000, 0x0000, 0x0000, 0x0000, 0x0000, 0x0000, 0x0000, 0x0000, 0x0000, 0x0000, 0x0000,
  0x0000, 0x0020, 0x0000, 0x0000, 0x0000, 0x0000, 0x0000, 0x0000, 0x0000, 0x0000, 0x0000, 0x0000,
  0x0000, 0x0000, 0x0841, 0x0000, 0x0000, 0x0000, 0x0000, 0x0000, 0x0000, 0x0000, 0x0000, 0x0000,
  0x0000, 0x0000, 0x0000, 0x0841, 0x0020, 0x0000, 0x0000, 0x0000, 0x0000, 0x0000, 0x0000, 0x0000,
  0x0000, 0x0000, 0x0000, 0x0000, 0x0000, 0x0000, 0x0000, 0x0000, 0x0000, 0x0000, 0x0841, 0x0000,
  0x0000, 0x0000, 0x0000, 0x0000, 0x0000, 0x0000, 0x0000, 0x0000, 0x0000, 0x0000, 0x0000, 0x0000,
  0x0000, 0x0000, 0x0000, 0x0000, 0x0000, 0x0000, 0x0000, 0x0000, 0x0000, 0x0000, 0x0000, 0x0000,
  0x0000, 0x0000, 0x0000, 0x0000, 0x0020, 0x0000, 0x0000, 0x0000, 0x0000, 0x0000, 0x0000, 0x0000,
  0x0000, 0x0000, 0x0000, 0x0000, 0x0000, 0x0000, 0x0000, 0x0000, 0x0000, 0x0000, 0x0000, 0x0000,
  0x0000, 0x0000, 0x0000, 0x0000, 0x0000, 0x0000, 0x0000, 0x0000, 0x0000, 0x0000, 0x0000, 0x0000,
  0x0000, 0x0000, 0x0000, 0x0000, 0x0000, 0x0000, 0x0000, 0x0000, 0x0020, 0x0020, 0x0000, 0x0000,
  0x0000, 0x0000, 0x0000, 0x0000, 0x0000, 0x0000, 0x0000, 0x0000, 0x0000, 0x0000, 0x0000, 0x0000,
  0x0000, 0x0000, 0x0000, 0x0000, 0x0000, 0x0000, 0x0000, 0x0840, 0x0820, 0x0820, 0x0820, 0x0820,
  0x0840, 0x0820, 0x0820, 0x0840, 0x0820, 0x0820, 0x0820, 0x0820, 0x0840, 0x0820, 0x0840, 0x0840,
  0x0840, 0x0840, 0x0820, 0x0820, 0x0820, 0x0840, 0x0820, 0x0820, 0x0840, 0x0820, 0x0820, 0x0820,
  0x0840, 0x0820, 0x0820, 0x0820, 0x0820, 0x0820, 0x0820, 0x0820, 0x0820, 0x0820, 0x0820, 0x0820,
  0x0820, 0x0820, 0x0820, 0x0820, 0x0820, 0x0820, 0x0820, 0x0820, 0x0820, 0x0820, 0x0820, 0x0820,
  0x0820, 0x0820, 0x0820, 0x0820, 0x0820, 0x0820, 0x0020, 0x0020, 0x0020, 0x0020, 0x0020, 0x0000,
  0x0820, 0x0000, 0x0000, 0x0020, 0x0000, 0x0820, 0x0020, 0x0000, 0x0000, 0x0000, 0x0820, 0x0000,
  0x0000, 0x0020, 0x0000, 0x0000, 0x0000, 0x0020, 0x0000, 0x0000, 0x0000, 0x0000, 0x0000, 0x0000,
  0x0820, 0x0820, 0x0841, 0x1061, 0x1061, 0x1081, 0x10A1, 0x18A1, 0x18C1, 0x18C2, 0x18E2, 0x20E2,
  0x2102, 0x2102, 0x2123, 0x2923, 0x2123, 0x2923, 0x2943, 0x2923, 0x18C2, 0x0020, 0x0000, 0x0000,
  0x0000, 0x0000, 0x0000, 0x0000, 0x0000, 0x0000, 0x0000, 0x0000, 0x0000, 0x0000, 0x0000, 0x0000,
  0x0000, 0x0000, 0x0000, 0x0000, 0x0000, 0x0000, 0x0000, 0x0000, 0x0000, 0x0000, 0x0000, 0x0000,
  0x0000, 0x0000, 0x0000, 0x0000, 0x0000, 0x0000, 0x0000, 0x0000, 0x0000, 0x0000, 0x0000, 0x0000,
  0x0000, 0x0000, 0x0000, 0x0000, 0x0000, 0x0000, 0x0000, 0x0000, 0x0000, 0x0000, 0x0000, 0x0000,
  0x0000, 0x0000, 0x0020, 0x0000, 0x0000, 0x0000, 0x0000, 0x0000, 0x0841, 0x0861, 0x0000, 0x0000,
  0x0000, 0x0000, 0x0000, 0x0000, 0x0000, 0x0000, 0x0000, 0x0000, 0x0000, 0x0020, 0x0000, 0x0000,
  0x0000, 0x0000, 0x0000, 0x0000, 0x0000, 0x0000, 0x0000, 0x0000, 0x0000, 0x0000, 0x0000, 0x0000,
  0x0000, 0x0000, 0x0000, 0x0000, 0x0000, 0x0000, 0x0000, 0x0000, 0x0000, 0x0000, 0x0000, 0x0000,
  0x0020, 0x0000, 0x0000, 0x0000, 0x0000, 0x0000, 0x0861, 0x0841, 0x0000, 0x0000, 0x0000, 0x0000,
  0x0000, 0x0000, 0x0000, 0x0000, 0x0000, 0x0000, 0x0020, 0x0000, 0x0000, 0x0000, 0x0000, 0x0000,
  0x0000, 0x0000, 0x0000, 0x0000, 0x0000, 0x0000, 0x0000, 0x0000, 0x0000, 0x0000, 0x0000, 0x0000,
  0x0000, 0x0000, 0x0000, 0x0000, 0x0000, 0x0000, 0x0000, 0x0000, 0x0000, 0x0000, 0x0000, 0x0000,
  0x0000, 0x0000, 0x0000, 0x0000, 0x0000, 0x0000, 0x0000, 0x0000, 0x0000, 0x0000, 0x0000, 0x0000,
  0x2124, 0x2104, 0x0000, 0x0000, 0x0000, 0x0000, 0x0000, 0x0000, 0x0000, 0x0000, 0x0000, 0x0000,
  0x0000, 0x0000, 0x0000, 0x0000, 0x0000, 0x0000, 0x0000, 0x0000, 0x0000, 0x0020, 0x0000, 0x0000,
  0x0000, 0x0000, 0x0000, 0x0000, 0x0841, 0x0020, 0x0000, 0x0000, 0x0000, 0x0000, 0x0000, 0x0000,
  0x0000, 0x0000, 0x0000, 0x0000, 0x0000, 0x0000, 0x0000, 0x0020, 0x0861, 0x0000, 0x0000, 0x0000,
  0x0000, 0x0000, 0x0000, 0x0000, 0x0020, 0x0820, 0x0820, 0x0820, 0x0840, 0x0820, 0x0820, 0x0820,
  0x0840, 0x0840, 0x0820, 0x0840, 0x0840, 0x0820, 0x0840, 0x0820, 0x0820, 0x0820, 0x0840, 0x0820,
  0x0820, 0x0820, 0x0820, 0x0820, 0x0820, 0x0820, 0x0820, 0x0820, 0x0820, 0x0820, 0x0820, 0x0820,
  0x0820, 0x0820, 0x0820, 0x0820, 0x0820, 0x0820, 0x0820, 0x0820, 0x0820, 0x0820, 0x0820, 0x0820,
  0x0820, 0x0820, 0x0820, 0x0820, 0x0020, 0x0820, 0x0820, 0x0820, 0x0820, 0x0820, 0x0820, 0x0820,
  0x0820, 0x0820, 0x0020, 0x0020, 0x0020, 0x0020, 0x0000, 0x0000, 0x0000, 0x0000, 0x0000, 0x0820,
  0x0840, 0x0000, 0x0000, 0x0000, 0x0000, 0x0000, 0x0000, 0x0000, 0x0000, 0x0000, 0x0000, 0x0000,
  0x0000, 0x0000, 0x0000, 0x0000, 0x0000, 0x0000, 0x0000, 0x0000, 0x0020, 0x0840, 0x0841, 0x1061,
  0x1061, 0x1081, 0x10A1, 0x18A2, 0x18C2, 0x18E2, 0x20E2, 0x2102, 0x2102, 0x2102, 0x2123, 0x2923,
  0x2923, 0x2923, 0x18E2, 0x0841, 0x0000, 0x0000, 0x0000, 0x0000, 0x0000, 0x0000, 0x0000, 0x0000,
  0x0000, 0x0000, 0x0000, 0x0000, 0x0000, 0x0841, 0x0000, 0x0000, 0x0000, 0x0000, 0x0000, 0x0000,
  0x0000, 0x0000, 0x0000, 0x0000, 0x0000, 0x0000, 0x0000, 0x0000, 0x0000, 0x0000, 0x0000, 0x0000,
  0x0000, 0x0000, 0x0000, 0x0000, 0x0000, 0x0000, 0x0000, 0x0000, 0x0000, 0x0000, 0x0000, 0x0000,
  0x0000, 0x0000, 0x0000, 0x0000, 0x0000, 0x0000, 0x0000, 0x0000, 0x0000, 0x0000, 0x0020, 0x0000,
  0x0000, 0x0000, 0x0000, 0x0000, 0x0020, 0x0020, 0x0000, 0x0020, 0x0020, 0x0000, 0x0000, 0x0000,
  0x0000, 0x0000, 0x0000, 0x0000, 0x0000, 0x0000, 0x0000, 0x0000, 0x0000, 0x0000, 0x0000, 0x0000,
  0x0000, 0x0020, 0x0000, 0x0000, 0x0000, 0x0000, 0x0020, 0x0020, 0x0000, 0x0000, 0x0000, 0x0000,
  0x0000, 0x0000, 0x0000, 0x0020, 0x0020, 0x0000, 0x0000, 0x0000, 0x0000, 0x0000, 0x0000, 0x0000,
  0x0000, 0x0000, 0x0000, 0x0000, 0x0000, 0x0000, 0x0000, 0x0000, 0x0000, 0x0000, 0x0000, 0x0000,
  0x0000, 0x0000, 0x0000, 0x0000, 0x0000, 0x0000, 0x0000, 0x0000, 0x0000, 0x0020, 0x0000, 0x0000,
  0x0000, 0x0000, 0x0000, 0x0000, 0x0000, 0x0000, 0x0000, 0x0000, 0x0000, 0x0000, 0x0000, 0x0000,
  0x0000, 0x0000, 0x0000, 0x0000, 0x0020, 0x0000, 0x0000, 0x0000, 0x0000, 0x0000, 0x0000, 0x0000,
  0x0000, 0x0000, 0x0000, 0x0000, 0x0000, 0x0000, 0x0000, 0x0000, 0x1082, 0x0841, 0x0000, 0x0000,
  0x0000, 0x0000, 0x0000, 0x0000, 0x0000, 0x0020, 0x0020, 0x0000, 0x0000, 0x0000, 0x0000, 0x0000,
  0x0000, 0x0000, 0x0000, 0x0000, 0x0000, 0x0000, 0x0841, 0x0861, 0x0000, 0x0000, 0x0000, 0x0000,
  0x0000, 0x0000, 0x0000, 0x0000, 0x0000, 0x0000, 0x0000, 0x0020, 0x0020, 0x0000, 0x0000, 0x0000,
  0x0000, 0x0000, 0x0000, 0x0000, 0x0000, 0x0000, 0x0000, 0x0000, 0x0000, 0x0000, 0x0000, 0x0000,
  0x0000, 0x0000, 0x0000, 0x0020, 0x0820, 0x0820, 0x0820, 0x0020, 0x0820, 0x0820, 0x0820, 0x0820,
  0x0820, 0x0820, 0x0820, 0x0840, 0x0820, 0x0820, 0x0820, 0x0820, 0x0820, 0x0820, 0x0820, 0x0820,
  0x0820, 0x0820, 0x0820, 0x0820, 0x0820, 0x0820, 0x0820, 0x0820, 0x0820, 0x0820, 0x0820, 0x0820,
  0x0820, 0x0820, 0x0820, 0x0820, 0x0820, 0x0820, 0x0820, 0x0820, 0x0820, 0x0820, 0x0820, 0x0820,
  0x0020, 0x0820, 0x0020, 0x0020, 0x0820, 0x0820, 0x0020, 0x0820, 0x0820, 0x0020, 0x0020, 0x0020,
  0x0000, 0x0000, 0x0000, 0x0000, 0x0000, 0x0000, 0x0000, 0x0820, 0x0820, 0x0000, 0x0000, 0x0000,
  0x0000, 0x0000, 0x0000, 0x0000, 0x0000, 0x0000, 0x0000, 0x0000, 0x0000, 0x0000, 0x0000, 0x0000,
  0x0000, 0x0000, 0x0000, 0x0000, 0x0820, 0x0840, 0x0840, 0x1061, 0x1061, 0x1081, 0x18A2, 0x18C2,
  0x18C2, 0x18E2, 0x20E2, 0x2102, 0x2102, 0x2103, 0x2103, 0x2103, 0x18C2, 0x0840, 0x0000, 0x0000,
  0x0000, 0x0000, 0x0000, 0x0000, 0x0000, 0x0000, 0x0000, 0x0000, 0x0000, 0x0000, 0x0000, 0x0000,
  0x0000, 0x0861, 0x0020, 0x0000, 0x0000, 0x0000, 0x0000, 0x0000, 0x0000, 0x0000, 0x0000, 0x0000,
  0x0861, 0x0841, 0x0000, 0x0000, 0x0000, 0x0000, 0x0000, 0x0000, 0x0020, 0x0020, 0x0841, 0x0861,
  0x0000, 0x0000, 0x0841, 0x0020, 0x0000, 0x0000, 0x0000, 0x0000, 0x0000, 0x0000, 0x0000, 0x0000,
  0x0000, 0x0000, 0x0000, 0x0000, 0x0000, 0x0000, 0x0000, 0x1082, 0x0020, 0x0000, 0x0000, 0x0000,
  0x0000, 0x0000, 0x0000, 0x0000, 0x0000, 0x0000, 0x0000, 0x0000, 0x0000, 0x0000, 0x0020, 0x0000,
  0x0000, 0x0000, 0x0000, 0x0000, 0x0000, 0x0000, 0x0000, 0x0000, 0x0000, 0x0841, 0x0000, 0x0000,
  0x0000, 0x0000, 0x0020, 0x0020, 0x0000, 0x0000, 0x0000, 0x0000, 0x0000, 0x0000, 0x0000, 0x1082,
  0x18E3, 0x0000, 0x0000, 0x0000, 0x0000, 0x0000, 0x0000, 0x0000, 0x0000, 0x0000, 0x0000, 0x0000,
  0x0000, 0x0000, 0x0000, 0x0000, 0x0000, 0x0000, 0x0000, 0x0000, 0x0000, 0x0000, 0x0000, 0x0000,
  0x0000, 0x0000, 0x0000, 0x0000, 0x0000, 0x0020, 0x0020, 0x0000, 0x0000, 0x0000, 0x0000, 0x0000,
  0x0000, 0x0000, 0x0000, 0x0000, 0x0000, 0x0000, 0x0000, 0x0000, 0x0000, 0x0000, 0x0000, 0x0000,
  0x0000, 0x0000, 0x0000, 0x0000, 0x0000, 0x0000, 0x0000, 0x0000, 0x0000, 0x0000, 0x0000, 0x0000,
  0x0000, 0x0000, 0x0000, 0x0000, 0x0861, 0x0020, 0x0000, 0x0000, 0x0000, 0x0000, 0x0000, 0x0000,
  0x0000, 0x0000, 0x0841, 0x0000, 0x0000, 0x0000, 0x0000, 0x0861, 0x0020, 0x0000, 0x0000, 0x0000,
  0x0000, 0x0000, 0x0841, 0x1082, 0x0000, 0x0841, 0x0000, 0x0000, 0x0000, 0x0000, 0x0020, 0x0020,
  0x0000, 0x0000, 0x0000, 0x0020, 0x0020, 0x0000, 0x0000, 0x0000, 0x0000, 0x0000, 0x0000, 0x0000,
  0x0000, 0x0000, 0x0000, 0x0000, 0x0000, 0x0000, 0x0000, 0x0020, 0x0861, 0x0000, 0x0000, 0x0000,
  0x0020, 0x0820, 0x0820, 0x0820, 0x0020, 0x0020, 0x0820, 0x0000, 0x0000, 0x0000, 0x0000, 0x0020,
  0x0020, 0x0020, 0x0820, 0x0820, 0x0820, 0x0820, 0x0820, 0x0820, 0x0820, 0x0820, 0x0820, 0x0820,
  0x0820, 0x0820, 0x0820, 0x0820, 0x0820, 0x0820, 0x0820, 0x0820, 0x0820, 0x0820, 0x0820, 0x0820,
  0x0820, 0x0820, 0x0820, 0x0820, 0x0820, 0x0820, 0x0820, 0x0020, 0x0000, 0x0020, 0x0000, 0x0000,
  0x0020, 0x0820, 0x0020, 0x0020, 0x0020, 0x0020, 0x0000, 0x0000, 0x0000, 0x0000, 0x0000, 0x0000,
  0x0000, 0x0000, 0x0000, 0x0020, 0x0820, 0x0000, 0x0000, 0x0000, 0x0000, 0x0000, 0x0000, 0x0000,
  0x0000, 0x0000, 0x0000, 0x0000, 0x0000, 0x0000, 0x0000, 0x0000, 0x0000, 0x0000, 0x0000, 0x0800,
  0x0820, 0x0840, 0x0841, 0x1061, 0x1081, 0x1081, 0x18A1, 0x18C2, 0x18E2, 0x20E2, 0x20E2, 0x20E2,
  0x20E2, 0x18E2, 0x10A1, 0x0820, 0x0000, 0x0000, 0x0000, 0x0000, 0x0000, 0x0000, 0x0000, 0x0000,
  0x0000, 0x0000, 0x0000, 0x0000, 0x0000, 0x0000, 0x0000, 0x0000, 0x0000, 0x0000, 0x0000, 0x0000,
  0x0000, 0x0000, 0x0000, 0x0000, 0x0000, 0x0000, 0x0000, 0x0000, 0x0000, 0x0000, 0x0000, 0x0000,
  0x0000, 0x0000, 0x0000, 0x0000, 0x10A2, 0x1082, 0x0000, 0x0020, 0x0000, 0x0000, 0x0020, 0x0000,
  0x0000, 0x0000, 0x0000, 0x0000, 0x0000, 0x0000, 0x0000, 0x0000, 0x0000, 0x0000, 0x0000, 0x0000,
  0x0000, 0x0000, 0x0841, 0x0020, 0x0020, 0x0000, 0x0000, 0x0000, 0x0000, 0x0000, 0x0000, 0x0000,
  0x0000, 0x0000, 0x0000, 0x0000, 0x0841, 0x0020, 0x0841, 0x0020, 0x0000, 0x0000, 0x0000, 0x0000,
  0x0000, 0x0000, 0x0000, 0x0000, 0x0000, 0x0000, 0x0000, 0x0000, 0x0000, 0x0000, 0x0000, 0x0000,
  0x0000, 0x0000, 0x0000, 0x0000, 0x0000, 0x0000, 0x0000, 0x0000, 0x0000, 0x0000, 0x0000, 0x0000,
  0x0000, 0x0000, 0x0000, 0x0000, 0x0000, 0x0000, 0x0000, 0x0000, 0x0000, 0x0000, 0x0000, 0x0000,
  0x0000, 0x0000, 0x0000, 0x0000, 0x18C3, 0x0020, 0x0000, 0x0000, 0x0000, 0x0000, 0x0000, 0x0000,
  0x0000, 0x0000, 0x0000, 0x0000, 0x0000, 0x0000, 0x0000, 0x0000, 0x0000, 0x10A2, 0x0841, 0x0000,
  0x0000, 0x0000, 0x0000, 0x0000, 0x0000, 0x0000, 0x0000, 0x0000, 0x0000, 0x0000, 0x0000, 0x0000,
  0x0000, 0x0000, 0x0000, 0x0000, 0x0000, 0x0000, 0x0000, 0x0000, 0x0000, 0x0000, 0x0000, 0x0020,
  0x0000, 0x0000, 0x0000, 0x0000, 0x0000, 0x0000, 0x0000, 0x0000, 0x0000, 0x0000, 0x0000, 0x0000,
  0x0000, 0x0000, 0x0000, 0x0841, 0x0020, 0x0000, 0x0000, 0x0000, 0x0000, 0x0000, 0x0000, 0x0000,
  0x0000, 0x0000, 0x0020, 0x0000, 0x0000, 0x0000, 0x0020, 0x0020, 0x0000, 0x0000, 0x0000, 0x0000,
  0x0000, 0x0000, 0x0000, 0x0000, 0x0000, 0x0000, 0x0000, 0x0000, 0x0000, 0x0000, 0x0000, 0x0000,
  0x0000, 0x0000, 0x0000, 0x0000, 0x0000, 0x0000, 0x0000, 0x0000, 0x0000, 0x0000, 0x0000, 0x0020,
  0x0820, 0x0820, 0x0020, 0x0820, 0x0820, 0x0000, 0x0000, 0x0000, 0x0000, 0x0000, 0x0000, 0x0820,
  0x0820, 0x0820, 0x0020, 0x0820, 0x0820, 0x0820, 0x0820, 0x0820, 0x0020, 0x0820, 0x0820, 0x0820,
  0x0820, 0x0820, 0x0820, 0x0820, 0x0820, 0x0820, 0x0820, 0x0820, 0x0820, 0x0020, 0x0020, 0x0020,
  0x0020, 0x0020, 0x0020, 0x0020, 0x0000, 0x0000, 0x0000, 0x0020, 0x0020, 0x0020, 0x0020, 0x0000,
  0x0000, 0x0000, 0x0000, 0x0000, 0x0000, 0x0000, 0x0000, 0x0000, 0x0000, 0x0000, 0x0000, 0x0000,
  0x0020, 0x0000, 0x0000, 0x0000, 0x0000, 0x0000, 0x0000, 0x0000, 0x0000, 0x0000, 0x0000, 0x0000,
  0x0000, 0x0000, 0x0000, 0x0000, 0x0000, 0x0000, 0x0000, 0x0820, 0x0840, 0x0841, 0x1061, 0x1081,
  0x1081, 0x18A1, 0x18A1, 0x18E2, 0x18C2, 0x18C1, 0x18C2, 0x18C2, 0x1081, 0x0020, 0x0000, 0x0000,
  0x0000, 0x0020, 0x0000, 0x0000, 0x0000, 0x0000, 0x0000, 0x0000, 0x0000, 0x0000, 0x0000, 0x0000,
  0x0000, 0x0000, 0x0000, 0x0000, 0x0000, 0x0000, 0x0000, 0x0000, 0x0000, 0x0000, 0x0000, 0x0000,
  0x0000, 0x0000, 0x0000, 0x0000, 0x0000, 0x0000, 0x0000, 0x0000, 0x0000, 0x0000, 0x0000, 0x0000,
  0x0000, 0x0000, 0x0000, 0x0000, 0x0000, 0x0000, 0x0861, 0x1082, 0x0000, 0x0000, 0x0000, 0x0000,
  0x0000, 0x0000, 0x0000, 0x0000, 0x0000, 0x0000, 0x0000, 0x0000, 0x0000, 0x0000, 0x0000, 0x0000,
  0x0000, 0x0000, 0x0000, 0x0000, 0x0000, 0x0000, 0x0000, 0x0000, 0x0000, 0x0000, 0x0000, 0x0000,
  0x0841, 0x0020, 0x0000, 0x0000, 0x0000, 0x0000, 0x0000, 0x0000, 0x0000, 0x0000, 0x0000, 0x0000,
  0x0000, 0x0000, 0x0000, 0x0000, 0x0000, 0x0000, 0x0000, 0x0020, 0x0000, 0x0000, 0x0000, 0x0000,
  0x0000, 0x0000, 0x0000, 0x0000, 0x0020, 0x0020, 0x0000, 0x0000, 0x0000, 0x0000, 0x0000, 0x0000,
  0x0000, 0x0000, 0x0000, 0x0000, 0x0000, 0x0000, 0x0000, 0x0000, 0x0000, 0x0000, 0x0000, 0x0000,
  0x1082, 0x0020, 0x0000, 0x0000, 0x0000, 0x0000, 0x0020, 0x0000, 0x0000, 0x0000, 0x0000, 0x0000,
  0x0000, 0x0000, 0x0000, 0x0000, 0x0000, 0x0020, 0x0020, 0x0000, 0x0000, 0x0000, 0x0000, 0x0000,
  0x0000, 0x0000, 0x0000, 0x0000, 0x0000, 0x0020, 0x0020, 0x0000, 0x0000, 0x0000, 0x0000, 0x0000,
  0x0000, 0x0000, 0x0000, 0x0000, 0x0000, 0x0000, 0x0000, 0x0000, 0x0000, 0x0000, 0x0000, 0x0000,
  0x0000, 0x0000, 0x0000, 0x0020, 0x0000, 0x0000, 0x0000, 0x0000, 0x0000, 0x0000, 0x0000, 0x0000,
  0x0000, 0x0000, 0x0000, 0x0000, 0x0000, 0x0000, 0x0000, 0x0000, 0x0000, 0x0000, 0x0020, 0x0000,
  0x0000, 0x0000, 0x0000, 0x0000, 0x0000, 0x0000, 0x0000, 0x0000, 0x0000, 0x0000, 0x0000, 0x0000,
  0x0000, 0x0000, 0x0000, 0x0000, 0x0000, 0x0000, 0x0000, 0x0000, 0x0000, 0x0000, 0x0000, 0x0000,
  0x0000, 0x0841, 0x0020, 0x0000, 0x0020, 0x0000, 0x0020, 0x0020, 0x0000, 0x0020, 0x0820, 0x0020,
  0x0020, 0x0820, 0x0020, 0x0000, 0x0000, 0x0000, 0x0000, 0x0000, 0x0820, 0x0820, 0x0020, 0x0020,
  0x0020, 0x0020, 0x0020, 0x0000, 0x0820, 0x0000, 0x0000, 0x0000, 0x0000, 0x0000, 0x0000, 0x0000,
  0x0020, 0x0020, 0x0020, 0x0020, 0x0020, 0x0020, 0x0820, 0x0820, 0x0020, 0x0020, 0x0020, 0x0000,
  0x0000, 0x0000, 0x0000, 0x0000, 0x0020, 0x0000, 0x0020, 0x0000, 0x0000, 0x0000, 0x0000, 0x0000,
  0x0000, 0x0000, 0x0000, 0x0000, 0x0000, 0x0000, 0x0000, 0x0000, 0x0000, 0x0000, 0x0000, 0x0000,
  0x0000, 0x0000, 0x0000, 0x0000, 0x0000, 0x0000, 0x0000, 0x0000, 0x0000, 0x0000, 0x0000, 0x0020,
  0x0000, 0x0000, 0x0820, 0x0820, 0x0820, 0x1061, 0x0841, 0x0840, 0x1081, 0x10A1, 0x18A1, 0x18A2,
  0x10A2, 0x10A2, 0x0861, 0x0020, 0x0000, 0x0000, 0x0000, 0x0000, 0x0000, 0x2124, 0x0841, 0x0000,
  0x0000, 0x0000, 0x0000, 0x0000, 0x0000, 0x0000, 0x0000, 0x0000, 0x0000, 0x0000, 0x0000, 0x0000,
  0x0000, 0x0000, 0x0000, 0x0000, 0x0000, 0x0000, 0x0000, 0x0000, 0x0000, 0x0000, 0x0000, 0x0000,
  0x0000, 0x0000, 0x0000, 0x0000, 0x0000, 0x0000, 0x0841, 0x0841, 0x0000, 0x0000, 0x0000, 0x0000,
  0x0000, 0x0000, 0x0020, 0x0020, 0x0000, 0x0000, 0x0000, 0x0000, 0x0000, 0x0000, 0x0000, 0x0000,
  0x0000, 0x0000, 0x0000, 0x0000, 0x0000, 0x0000, 0x0000, 0x0020, 0x0000, 0x0000, 0x0861, 0x0020,
  0x0000, 0x0841, 0x0000, 0x0000, 0x0000, 0x0000, 0x0000, 0x0000, 0x0000, 0x0000, 0x0020, 0x0000,
  0x0000, 0x0000, 0x0000, 0x0000, 0x0000, 0x0000, 0x0000, 0x0000, 0x0000, 0x0000, 0x0000, 0x0000,
  0x0000, 0x0000, 0x0000, 0x0000, 0x0000, 0x0000, 0x0000, 0x0000, 0x0000, 0x0020, 0x0000, 0x0000,
  0x0861, 0x0020, 0x0000, 0x0000, 0x0000, 0x0000, 0x0000, 0x0000, 0x0000, 0x0000, 0x0000, 0x0000,
  0x0000, 0x0000, 0x0000, 0x0000, 0x0000, 0x0000, 0x0000, 0x0000, 0x0000, 0x0020, 0x0000, 0x0000,
  0x0000, 0x0000, 0x0000, 0x0000, 0x0000, 0x0000, 0x0000, 0x0000, 0x0000, 0x0020, 0x0000, 0x0000,
  0x0000, 0x0000, 0x0000, 0x0000, 0x0000, 0x0000, 0x0000, 0x0000, 0x0000, 0x0000, 0x0000, 0x0000,
  0x0000, 0x0020, 0x0020, 0x0000, 0x0020, 0x0000, 0x0000, 0x0000, 0x0000, 0x0000, 0x0000, 0x0000,
  0x0000, 0x0000, 0x0020, 0x18C3, 0x0020, 0x0000, 0x0000, 0x0000, 0x0000, 0x0000, 0x0000, 0x0000,
  0x0000, 0x0000, 0x0000, 0x0000, 0x0000, 0x0000, 0x0000, 0x0000, 0x0000, 0x0000, 0x0000, 0x0000,
  0x0841, 0x0000, 0x0000, 0x0000, 0x0000, 0x0000, 0x0000, 0x0000, 0x0000, 0x0000, 0x0000, 0x0000,
  0x0000, 0x0000, 0x0000, 0x0000, 0x0000, 0x0000, 0x0841, 0x1082, 0x0000, 0x0000, 0x0000, 0x0000,
  0x0000, 0x0000, 0x0000, 0x0000, 0x0000, 0x0000, 0x0000, 0x0000, 0x0000, 0x0000, 0x0000, 0x0020,
  0x0020, 0x0000, 0x0000, 0x0020, 0x0020, 0x0000, 0x0000, 0x0000, 0x0020, 0x0000, 0x0020, 0x0020,
  0x0000, 0x0000, 0x0000, 0x0000, 0x0000, 0x0020, 0x0820, 0x0820, 0x0020, 0x0000, 0x0020, 0x0000,
  0x0000, 0x0820, 0x0000, 0x0000, 0x0000, 0x0000, 0x0000, 0x0000, 0x0000, 0x0000, 0x0000, 0x0000,
  0x0000, 0x0000, 0x0020, 0x0020, 0x0020, 0x0000, 0x0020, 0x0000, 0x0000, 0x0000, 0x0000, 0x0000,
  0x0020, 0x0000, 0x0000, 0x0020, 0x0020, 0x0020, 0x0020, 0x0000, 0x0000, 0x0820, 0x0000, 0x0000,
  0x0000, 0x0000, 0x0020, 0x0000, 0x0000, 0x0000, 0x0000, 0x0000, 0x0000, 0x0000, 0x0000, 0x0000,
  0x0000, 0x0000, 0x0000, 0x0000, 0x0000, 0x0000, 0x0000, 0x0000, 0x0000, 0x0000, 0x0000, 0x0820,
  0x0840, 0x0840, 0x1061, 0x1081, 0x10A1, 0x10A1, 0x10A1, 0x1081, 0x0841, 0x0000, 0x0000, 0x0000,
  0x0000, 0x0000, 0x0000, 0x0000, 0x0000, 0x0020, 0x0000, 0x0000, 0x0000, 0x0000, 0x0000, 0x0000,
  0x0000, 0x0000, 0x0000, 0x0000, 0x0000, 0x0000, 0x0000, 0x0000, 0x0000, 0x0000, 0x0000, 0x0000,
  0x0000, 0x0000, 0x0000, 0x0000, 0x0000, 0x0000, 0x0000, 0x0000, 0x0000, 0x0000, 0x0000, 0x0000,
  0x0000, 0x0000, 0x0000, 0x0000, 0x0000, 0x0000, 0x0020, 0x0020, 0x0000, 0x0000, 0x0000, 0x0000,
  0x0000, 0x0000, 0x0000, 0x0000, 0x0000, 0x0000, 0x0000, 0x0000, 0x0020, 0x0000, 0x0000, 0x0000,
  0x0000, 0x0000, 0x0020, 0x0841, 0x0000, 0x0000, 0x0861, 0x0020, 0x0000, 0x0841, 0x0000, 0x0000,
  0x0000, 0x0000, 0x0000, 0x0000, 0x0000, 0x0000, 0x0020, 0x0000, 0x0000, 0x0000, 0x0000, 0x0000,
  0x0000, 0x0000, 0x0000, 0x0000, 0x0000, 0x0000, 0x0000, 0x0000, 0x0000, 0x0000, 0x0020, 0x0000,
  0x0000, 0x0000, 0x0841, 0x0000, 0x0000, 0x0020, 0x0841, 0x0000, 0x0000, 0x0000, 0x0000, 0x0000,
  0x0020, 0x0000, 0x0000, 0x0000, 0x0000, 0x0000, 0x0000, 0x0000, 0x0000, 0x0000, 0x0841, 0x0020,
  0x0000, 0x0000, 0x0000, 0x0000, 0x0020, 0x0020, 0x0000, 0x0000, 0x0000, 0x0000, 0x0861, 0x0000,
  0x0000, 0x0000, 0x0000, 0x0000, 0x0000, 0x0000, 0x0000, 0x0000, 0x0000, 0x0000, 0x0000, 0x0000,
  0x0000, 0x0000, 0x0000, 0x0000, 0x0000, 0x0000, 0x0000, 0x0000, 0x0000, 0x0000, 0x0000, 0x0000,
  0x10A2, 0x0020, 0x0020, 0x0020, 0x0000, 0x0000, 0x0000, 0x0020, 0x0020, 0x0000, 0x0841, 0x2124,
  0x0020, 0x0000, 0x0000, 0x0000, 0x0000, 0x0000, 0x0000, 0x0000, 0x0000, 0x0000, 0x0000, 0x0000,
  0x0000, 0x0000, 0x0000, 0x0000, 0x0000, 0x0000, 0x0000, 0x0000, 0x0000, 0x0000, 0x0000, 0x0000,
  0x0000, 0x0000, 0x0000, 0x0000, 0x0000, 0x0000, 0x0841, 0x0841, 0x0000, 0x0000, 0x0000, 0x0000,
  0x0000, 0x0000, 0x0000, 0x0000, 0x0000, 0x0000, 0x0000, 0x0000, 0x0000, 0x0000, 0x0000, 0x0000,
  0x0000, 0x0000, 0x0000, 0x0000, 0x0000, 0x0000, 0x0000, 0x0000, 0x0000, 0x0000, 0x0000, 0x0000,
  0x0000, 0x0000, 0x0000, 0x0000, 0x0000, 0x0000, 0x0000, 0x0000, 0x0020, 0x0020, 0x0000, 0x0000,
  0x0000, 0x0000, 0x0000, 0x0820, 0x0820, 0x0800, 0x0820, 0x0000, 0x0000, 0x0000, 0x0020, 0x0000,
  0x0000, 0x0000, 0x0000, 0x0000, 0x0000, 0x0000, 0x0000, 0x0000, 0x0000, 0x0000, 0x0000, 0x0000,
  0x0000, 0x0000, 0x0000, 0x0000, 0x0000, 0x0000, 0x0000, 0x0000, 0x0000, 0x0000, 0x0000, 0x0000,
  0x0000, 0x0000, 0x0000, 0x0000, 0x0000, 0x0000, 0x0000, 0x0000, 0x0000, 0x0000, 0x0000, 0x0000,
  0x0000, 0x0000, 0x0000, 0x0000, 0x0000, 0x0000, 0x0000, 0x0000, 0x0000, 0x0000, 0x0000, 0x0000,
  0x0000, 0x0000, 0x0000, 0x0000, 0x0000, 0x0000, 0x0820, 0x0840, 0x0841, 0x1081, 0x10A2, 0x10A2,
  0x1081, 0x0861, 0x0020, 0x0000, 0x0000, 0x0000, 0x0000, 0x0000, 0x0000, 0x0000, 0x0000, 0x0000,
  0x0000, 0x0000, 0x0000, 0x0000, 0x0000, 0x0000, 0x0000, 0x0000, 0x0000, 0x0000, 0x0000, 0x0000,
  0x0000, 0x0000, 0x0000, 0x0000, 0x0000, 0x0000, 0x0000, 0x0000, 0x0841, 0x0020, 0x0020, 0x0000,
  0x0000, 0x0000, 0x0000, 0x0000, 0x0000, 0x0000, 0x0000, 0x0000, 0x0000, 0x0000, 0x0000, 0x0000,
  0x0000, 0x0000, 0x0000, 0x0000, 0x0000, 0x0000, 0x0000, 0x0000, 0x0000, 0x0000, 0x0000, 0x0000,
  0x0000, 0x0000, 0x0000, 0x0000, 0x0000, 0x0000, 0x0000, 0x0000, 0x0000, 0x0000, 0x0000, 0x0020,
  0x0861, 0x0000, 0x0000, 0x0000, 0x0000, 0x0000, 0x0000, 0x0000, 0x0000, 0x0000, 0x0000, 0x0020,
  0x0000, 0x0000, 0x0000, 0x0000, 0x0000, 0x0000, 0x0000, 0x0000, 0x0000, 0x0000, 0x0000, 0x0020,
  0x0000, 0x0000, 0x0000, 0x0000, 0x0000, 0x0000, 0x0020, 0x0000, 0x0000, 0x0020, 0x0020, 0x0000,
  0x0000, 0x0000, 0x0000, 0x0000, 0x0000, 0x0000, 0x0000, 0x0000, 0x18E3, 0x0000, 0x0000, 0x0000,
  0x0000, 0x0000, 0x0000, 0x0000, 0x0000, 0x0000, 0x0000, 0x0020, 0x0000, 0x0000, 0x0000, 0x0000,
  0x0000, 0x0000, 0x0000, 0x0000, 0x0000, 0x0020, 0x2104, 0x0000, 0x0000, 0x0000, 0x0000, 0x0000,
  0x0000, 0x0000, 0x0000, 0x0000, 0x0000, 0x0000, 0x0000, 0x0000, 0x0000, 0x0000, 0x0000, 0x0000,
  0x0000, 0x0000, 0x0020, 0x0841, 0x0000, 0x0000, 0x0000, 0x0000, 0x0000, 0x0000, 0x0861, 0x0841,
  0x0000, 0x0000, 0x0000, 0x0000, 0x0020, 0x0000, 0x0000, 0x0000, 0x0000, 0x0000, 0x0000, 0x0000,
  0x0000, 0x0000, 0x0000, 0x0000, 0x0000, 0x0000, 0x0000, 0x0000, 0x0000, 0x0000, 0x0000, 0x0000,
  0x0000, 0x0000, 0x0000, 0x0000, 0x0000, 0x0000, 0x0000, 0x0000, 0x0000, 0x0000, 0x0000, 0x0000,
  0x0000, 0x0000, 0x0020, 0x0841, 0x0000, 0x0000, 0x0000, 0x0000, 0x0000, 0x0000, 0x0000, 0x0000,
  0x0000, 0x0000, 0x0000, 0x0000, 0x0000, 0x0000, 0x0000, 0x0000, 0x0000, 0x0000, 0x0000, 0x0000,
  0x0000, 0x0000, 0x0000, 0x0000, 0x0000, 0x0000, 0x0000, 0x0000, 0x0000, 0x0000, 0x0000, 0x0000,
  0x0000, 0x0000, 0x0000, 0x0000, 0x0000, 0x0020, 0x0020, 0x0020, 0x0020, 0x0000, 0x0000, 0x0000,
  0x0020, 0x0820, 0x0020, 0x0000, 0x0000, 0x0000, 0x0020, 0x0020, 0x0000, 0x0000, 0x0000, 0x0000,
  0x0000, 0x0000, 0x0000, 0x0000, 0x0000, 0x0000, 0x0000, 0x0020, 0x0000, 0x0000, 0x0020, 0x0020,
  0x0000, 0x0000, 0x0000, 0x0000, 0x0000, 0x0820, 0x0800, 0x0000, 0x0000, 0x0000, 0x0000, 0x0000,
  0x0000, 0x0000, 0x0020, 0x0000, 0x0000, 0x0000, 0x0000, 0x0000, 0x0000, 0x0000, 0x0000, 0x0000,
  0x0000, 0x0000, 0x0000, 0x0000, 0x0000, 0x0000, 0x0000, 0x0000, 0x0000, 0x0000, 0x0000, 0x0000,
  0x0000, 0x0820, 0x0840, 0x1061, 0x1082, 0x1081, 0x0841, 0x0820, 0x0000, 0x0000, 0x0000, 0x0000,
  0x0000, 0x0000, 0x0000, 0x0000, 0x0000, 0x0000, 0x0000, 0x0000, 0x0000, 0x0000, 0x0000, 0x0000,
  0x0000, 0x0000, 0x0000, 0x0000, 0x0000, 0x0000, 0x0000, 0x0000, 0x0000, 0x0000, 0x0000, 0x0000,
  0x0000, 0x0000, 0x0000, 0x0000, 0x0000, 0x0000, 0x0841, 0x0000, 0x0000, 0x0000, 0x0000, 0x0000,
  0x0000, 0x0000, 0x0000, 0x0000, 0x0000, 0x0000, 0x0000, 0x0000, 0x0000, 0x0000, 0x0000, 0x0000,
  0x0000, 0x0000, 0x0000, 0x18C3, 0x0020, 0x0000, 0x0000, 0x0020, 0x0841, 0x0020, 0x0000, 0x0000,
  0x0000, 0x0000, 0x0000, 0x0000, 0x0000, 0x0000, 0x0000, 0x0020, 0x0020, 0x0020, 0x0000, 0x0000,
  0x0000, 0x0000, 0x0000, 0x0000, 0x0000, 0x0000, 0x0020, 0x0861, 0x0000, 0x0000, 0x0000, 0x0000,
  0x0000, 0x0000, 0x0000, 0x0000, 0x0000, 0x0000, 0x0000, 0x0020, 0x0000, 0x0000, 0x0000, 0x0000,
  0x0000, 0x0000, 0x0000, 0x0000, 0x0020, 0x0020, 0x0000, 0x0000, 0x0000, 0x0000, 0x0000, 0x0000,
  0x0000, 0x0000, 0x0000, 0x0000, 0x0000, 0x0000, 0x0000, 0x0020, 0x0000, 0x10A2, 0x0841, 0x0000,
  0x0000, 0x0000, 0x0000, 0x0020, 0x0000, 0x0000, 0x0000, 0x0000, 0x0000, 0x0000, 0x0000, 0x0000,
  0x0000, 0x0000, 0x0000, 0x0000, 0x0000, 0x0000, 0x0000, 0x0000, 0x0000, 0x0000, 0x0000, 0x0000,
  0x0000, 0x0000, 0x0000, 0x0000, 0x0000, 0x0000, 0x0000, 0x0000, 0x0000, 0x0000, 0x0000, 0x0020,
  0x0000, 0x0000, 0x0000, 0x0000, 0x0000, 0x0000, 0x0000, 0x0000, 0x0000, 0x0000, 0x0000, 0x0000,
  0x0000, 0x0000, 0x0000, 0x0000, 0x0000, 0x0000, 0x0000, 0x0000, 0x0000, 0x0000, 0x0000, 0x0000,
  0x0000, 0x0000, 0x0841, 0x0000, 0x0000, 0x0000, 0x0000, 0x0000, 0x0000, 0x0000, 0x0000, 0x0000,
  0x0000, 0x0000, 0x0000, 0x0000, 0x0000, 0x0000, 0x0000, 0x0000, 0x0000, 0x0000, 0x0000, 0x0000,
  0x0000, 0x0000, 0x0000, 0x0000, 0x0000, 0x0000, 0x0000, 0x0000, 0x0000, 0x0000, 0x0000, 0x0000,
  0x0000, 0x0000, 0x0000, 0x0000, 0x0000, 0x0000, 0x0000, 0x0000, 0x0000, 0x0000, 0x0000, 0x0000,
  0x0000, 0x0000, 0x0000, 0x0000, 0x0000, 0x0000, 0x0000, 0x0000, 0x0000, 0x0000, 0x0000, 0x0000,
  0x0000, 0x0000, 0x0000, 0x0000, 0x0000, 0x0020, 0x0020, 0x0000, 0x0000, 0x0000, 0x0000, 0x0000,
  0x0000, 0x0000, 0x0000, 0x0020, 0x0000, 0x0000, 0x0000, 0x0000, 0x0000, 0x0000, 0x0000, 0x0000,
  0x0000, 0x0000, 0x0000, 0x0000, 0x0000, 0x0000, 0x0000, 0x0020, 0x0000, 0x0000, 0x0020, 0x0000,
  0x0000, 0x0000, 0x0000, 0x0000, 0x0000, 0x0000, 0x0000, 0x0000, 0x0000, 0x0000, 0x0000, 0x0000,
  0x0000, 0x0000, 0x0000, 0x0000, 0x0000, 0x0000, 0x0000, 0x0000, 0x0000, 0x0000, 0x0000, 0x0000,
  0x0000, 0x0000, 0x0000, 0x0000, 0x0000, 0x0000, 0x0000, 0x0820, 0x0840, 0x1061, 0x1081, 0x0861,
  0x0820, 0x0000, 0x0000, 0x0000, 0x0000, 0x0000, 0x0000, 0x0000, 0x0000, 0x0000, 0x0000, 0x0000,
  0x0000, 0x0000, 0x0000, 0x0000, 0x0000, 0x0000, 0x0000, 0x0000, 0x0000, 0x0000, 0x0000, 0x0020,
  0x0000, 0x0000, 0x0000, 0x0000, 0x0000, 0x0000, 0x0000, 0x0000, 0x0000, 0x0000, 0x0000, 0x0000,
  0x0000, 0x0000, 0x0000, 0x0000, 0x0000, 0x0000, 0x0000, 0x0000, 0x0000, 0x0000, 0x0000, 0x0000,
  0x0841, 0x0000, 0x0000, 0x0000, 0x0000, 0x0000, 0x0000, 0x0000, 0x0000, 0x0000, 0x0000, 0x0020,
  0x0000, 0x0000, 0x0000, 0x0000, 0x0841, 0x0841, 0x0000, 0x0000, 0x0000, 0x0000, 0x0000, 0x0000,
  0x0000, 0x0000, 0x0000, 0x0000, 0x0000, 0x0841, 0x0000, 0x0000, 0x0000, 0x0000, 0x0000, 0x0000,
  0x0000, 0x0000, 0x0000, 0x0000, 0x0841, 0x0841, 0x0000, 0x0000, 0x0020, 0x0020, 0x0000, 0x0000,
  0x0000, 0x0841, 0x0020, 0x0000, 0x0000, 0x0000, 0x0000, 0x0000, 0x0000, 0x0000, 0x0000, 0x0000,
  0x0000, 0x0000, 0x0000, 0x0000, 0x0000, 0x0000, 0x0000, 0x0000, 0x0000, 0x0000, 0x0000, 0x0000,
  0x0000, 0x0000, 0x0000, 0x0020, 0x0000, 0x0841, 0x0020, 0x0000, 0x0000, 0x0000, 0x0000, 0x0000,
  0x0000, 0x0000, 0x0000, 0x0000, 0x0000, 0x0000, 0x0000, 0x0020, 0x0000, 0x0000, 0x0000, 0x0000,
  0x0000, 0x0000, 0x0000, 0x0000, 0x0000, 0x0000, 0x0000, 0x0000, 0x0000, 0x0000, 0x0000, 0x0000,
  0x0000, 0x0000, 0x0000, 0x0000, 0x0000, 0x0000, 0x0000, 0x0000, 0x0000, 0x0000, 0x0000, 0x0000,
  0x0000, 0x0000, 0x0000, 0x0000, 0x0000, 0x0000, 0x0000, 0x0000, 0x0000, 0x0000, 0x0000, 0x0000,
  0x0000, 0x0000, 0x0000, 0x0000, 0x0000, 0x0000, 0x0000, 0x0000, 0x18E3, 0x0841, 0x0000, 0x0000,
  0x0000, 0x0000, 0x0000, 0x0000, 0x0000, 0x0000, 0x0000, 0x0000, 0x0000, 0x0000, 0x0000, 0x0000,
  0x0000, 0x0020, 0x0000, 0x0000, 0x0000, 0x0000, 0x0020, 0x0841, 0x0000, 0x0000, 0x0000, 0x0000,
  0x0000, 0x0000, 0x0000, 0x0000, 0x0000, 0x0000, 0x0000, 0x0000, 0x0000, 0x0000, 0x0000, 0x0000,
  0x0000, 0x0000, 0x0000, 0x0000, 0x0000, 0x0000, 0x0000, 0x0000, 0x0000, 0x0020, 0x0000, 0x0000,
  0x0000, 0x0000, 0x0020, 0x0000, 0x0000, 0x0000, 0x0000, 0x0000, 0x0000, 0x0000, 0x0000, 0x0000,
  0x0000, 0x0000, 0x0000, 0x0000, 0x0000, 0x0000, 0x0000, 0x0000, 0x0000, 0x0000, 0x0000, 0x0000,
  0x0020, 0x0000, 0x0000, 0x0000, 0x0000, 0x0000, 0x0000, 0x0000, 0x0000, 0x0000, 0x0000, 0x0000,
  0x0000, 0x0000, 0x0000, 0x0000, 0x0000, 0x0000, 0x0000, 0x0000, 0x0000, 0x0000, 0x0000, 0x0000,
  0x0000, 0x0000, 0x0000, 0x0000, 0x0000, 0x0000, 0x0000, 0x0000, 0x0000, 0x0000, 0x0000, 0x0000,
  0x0000, 0x0000, 0x0000, 0x0000, 0x0000, 0x0000, 0x0000, 0x0000, 0x0000, 0x0000, 0x0000, 0x0000,
  0x0000, 0x0020, 0x0820, 0x0841, 0x0841, 0x0020, 0x0000, 0x0000, 0x0000, 0x0000, 0x0000, 0x0000,
  0x0000, 0x0000, 0x0000, 0x0821, 0x0000, 0x0000, 0x0000, 0x0000, 0x0000, 0x0000, 0x0000, 0x0000,
  0x0000, 0x0000, 0x0000, 0x0000, 0x0000, 0x0000, 0x0000, 0x0000, 0x0000, 0x0000, 0x0000, 0x0000,
  0x0000, 0x0000, 0x0000, 0x0000, 0x0020, 0x0861, 0x0000, 0x0000, 0x0000, 0x0000, 0x0000, 0x0000,
  0x0000, 0x0000, 0x0000, 0x0000, 0x0000, 0x0000, 0x0000, 0x0000, 0x0020, 0x0000, 0x0000, 0x0000,
  0x0000, 0x0000, 0x0000, 0x0000, 0x0000, 0x0000, 0x0000, 0x0000, 0x0000, 0x0000, 0x0000, 0x0000,
  0x0000, 0x0000, 0x0000, 0x0000, 0x0000, 0x0000, 0x0000, 0x0000, 0x0000, 0x0000, 0x0020, 0x0000,
  0x0000, 0x0000, 0x0000, 0x0000, 0x0000, 0x0000, 0x0000, 0x0000, 0x0000, 0x0841, 0x3186, 0x0841,
  0x0000, 0x0020, 0x0000, 0x0000, 0x0841, 0x0020, 0x0000, 0x0000, 0x0000, 0x0000, 0x0000, 0x0000,
  0x0000, 0x0000, 0x0000, 0x0000, 0x0000, 0x0000, 0x0000, 0x0000, 0x0000, 0x0000, 0x0000, 0x0000,
  0x0000, 0x0000, 0x0000, 0x0000, 0x0000, 0x0000, 0x0000, 0x0000, 0x0000, 0x0000, 0x0000, 0x0000,
  0x0000, 0x0000, 0x0000, 0x0000, 0x0000, 0x0000, 0x0000, 0x0000, 0x0000, 0x0000, 0x0000, 0x0000,
  0x0000, 0x0000, 0x0000, 0x0020, 0x0000, 0x0000, 0x0000, 0x0000, 0x0000, 0x0000, 0x0000, 0x0000,
  0x0000, 0x0000, 0x0000, 0x0000, 0x0000, 0x0000, 0x0000, 0x0000, 0x0000, 0x0000, 0x0000, 0x0000,
  0x0000, 0x0000, 0x0000, 0x0000, 0x0000, 0x0000, 0x0000, 0x0000, 0x0000, 0x0000, 0x0000, 0x0000,
  0x0000, 0x0000, 0x0000, 0x0000, 0x0000, 0x0000, 0x0000, 0x0000, 0x0000, 0x0000, 0x0000, 0x0000,
  0x0000, 0x0000, 0x0000, 0x0000, 0x0861, 0x0020, 0x0000, 0x0000, 0x0000, 0x0000, 0x0000, 0x0000,
  0x0000, 0x0000, 0x0000, 0x0000, 0x0000, 0x0000, 0x0000, 0x0000, 0x0000, 0x0000, 0x0000, 0x0000,
  0x0000, 0x0000, 0x0000, 0x0000, 0x0000, 0x0000, 0x0000, 0x0000, 0x0000, 0x0000, 0x0000, 0x0000,
  0x0000, 0x0000, 0x0000, 0x0000, 0x0000, 0x0000, 0x0000, 0x0000, 0x0000, 0x0000, 0x0000, 0x0000,
  0x0000, 0x0000, 0x0000, 0x0000, 0x0000, 0x0000, 0x0000, 0x0000, 0x0000, 0x0000, 0x0000, 0x0000,
  0x0000, 0x0000, 0x0000, 0x0861, 0x0000, 0x0000, 0x0000, 0x0000, 0x0000, 0x0000, 0x0000, 0x0000,
  0x0000, 0x0000, 0x0000, 0x0000, 0x0000, 0x0000, 0x0000, 0x0000, 0x0000, 0x0000, 0x0000, 0x0000,
  0x0000, 0x0000, 0x0000, 0x0000, 0x0000, 0x0000, 0x0000, 0x0000, 0x0000, 0x0000, 0x0000, 0x0000,
  0x0000, 0x0000, 0x0000, 0x0000, 0x0000, 0x0000, 0x0000, 0x0000, 0x0000, 0x0000, 0x0000, 0x0000,
  0x0000, 0x0000, 0x0000, 0x0000, 0x0000, 0x0000, 0x0000, 0x0000, 0x0000, 0x0000, 0x0000, 0x0000,
  0x0000, 0x0000, 0x0000, 0x0000, 0x0000, 0x0000, 0x0000, 0x0000, 0x0000, 0x0000, 0x0000, 0x0000,
  0x0000, 0x0000, 0x0000, 0x0000, 0x0000, 0x0000, 0x0000, 0x0000, 0x0000, 0x0000, 0x0000, 0x0000,
  0x0000, 0x0000, 0x0000, 0x0000, 0x0000, 0x0000, 0x0000, 0x0000, 0x0000, 0x0000, 0x0000, 0x0000,
  0x0000, 0x0000, 0x0000, 0x0000, 0x0000, 0x0000, 0x0000, 0x0000, 0x0000, 0x0000, 0x0000, 0x0000,
  0x0020, 0x1082, 0x0000, 0x0000, 0x0000, 0x0000, 0x0000, 0x0020, 0x0000, 0x0000, 0x0000, 0x0000,
  0x0000, 0x0000, 0x0000, 0x0000, 0x0000, 0x0000, 0x0000, 0x0000, 0x0020, 0x0020, 0x0000, 0x0000,
  0x0000, 0x0000, 0x0000, 0x0000, 0x0000, 0x0000, 0x0000, 0x0000, 0x0000, 0x0000, 0x0000, 0x0000,
  0x0000, 0x0000, 0x0000, 0x0000, 0x0000, 0x0000, 0x0861, 0x0000, 0x0000, 0x0000, 0x0020, 0x0841,
  0x0000, 0x0000, 0x0000, 0x0000, 0x0000, 0x0020, 0x1082, 0x0020, 0x0000, 0x0000, 0x0000, 0x0000,
  0x0000, 0x0000, 0x0000, 0x0000, 0x0000, 0x0000, 0x0000, 0x0000, 0x0000, 0x0000, 0x0841, 0x1082,
  0x0000, 0x0000, 0x0000, 0x0000, 0x0000, 0x0000, 0x0000, 0x0000, 0x0000, 0x0000, 0x0000, 0x0000,
  0x0000, 0x0000, 0x0000, 0x0020, 0x0000, 0x0000, 0x0000, 0x0000, 0x0000, 0x0000, 0x0000, 0x0000,
  0x0000, 0x0000, 0x0000, 0x0000, 0x0000, 0x0000, 0x0000, 0x0000, 0x0000, 0x0000, 0x0000, 0x0000,
  0x0000, 0x0020, 0x0020, 0x0000, 0x0000, 0x0000, 0x0000, 0x0000, 0x0000, 0x0000, 0x0020, 0x0020,
  0x0000, 0x0000, 0x0000, 0x0000, 0x0000, 0x0000, 0x0000, 0x0000, 0x0000, 0x0020, 0x0841, 0x0000,
  0x0000, 0x0000, 0x0000, 0x0000, 0x0020, 0x0000, 0x0000, 0x0000, 0x0000, 0x0000, 0x0000, 0x0000,
  0x0000, 0x0000, 0x0000, 0x0000, 0x0000, 0x0000, 0x0000, 0x0000, 0x0000, 0x0000, 0x0000, 0x0000,
  0x0000, 0x0000, 0x0000, 0x0000, 0x0000, 0x0000, 0x0000, 0x0000, 0x0000, 0x0000, 0x0000, 0x0000,
  0x0000, 0x0000, 0x0000, 0x0000, 0x0020, 0x0000, 0x0000, 0x0000, 0x0000, 0x0000, 0x0000, 0x0020,
  0x0000, 0x0000, 0x0000, 0x0000, 0x0000, 0x0000, 0x0000, 0x0000, 0x0000, 0x0000, 0x0000, 0x0000,
  0x0000, 0x0000, 0x0000, 0x0000, 0x0000, 0x0000, 0x0000, 0x0000, 0x0000, 0x0000, 0x0000, 0x0000,
  0x0000, 0x0000, 0x0000, 0x0000, 0x0000, 0x0000, 0x0000, 0x0000, 0x0841, 0x0000, 0x0841, 0x0020,
  0x0020, 0x0000, 0x0000, 0x0000, 0x0000, 0x0000, 0x0000, 0x0000, 0x0000, 0x0000, 0x0000, 0x0000,
  0x0000, 0x0000, 0x0000, 0x0000, 0x0000, 0x0000, 0x0000, 0x0000, 0x0000, 0x0000, 0x0000, 0x0000,
  0x0000, 0x0000, 0x0000, 0x0000, 0x0000, 0x0000, 0x0000, 0x0000, 0x0000, 0x0000, 0x0000, 0x0000,
  0x0000, 0x0000, 0x0000, 0x0000, 0x0000, 0x0000, 0x0000, 0x0000, 0x0000, 0x0000, 0x0000, 0x0000,
  0x0000, 0x0000, 0x0000, 0x0000, 0x0000, 0x0000, 0x0000, 0x0000, 0x0000, 0x0000, 0x0000, 0x0000,
  0x0000, 0x0000, 0x0000, 0x0000, 0x0000, 0x0000, 0x0000, 0x0000, 0x0000, 0x0000, 0x0000, 0x0000,
  0x0000, 0x0000, 0x0000, 0x0000, 0x0000, 0x0000, 0x0000, 0x0000, 0x0000, 0x0000, 0x0000, 0x0000,
  0x0000, 0x0000, 0x0000, 0x0000, 0x0000, 0x0000, 0x0000, 0x0000, 0x0000, 0x0000, 0x0000, 0x0000,
  0x0000, 0x0000, 0x0000, 0x0020, 0x0020, 0x0000, 0x0000, 0x0000, 0x0000, 0x0000, 0x0000, 0x0000,
  0x0000, 0x0000, 0x0000, 0x0020, 0x0000, 0x0000, 0x0000, 0x0000, 0x0000, 0x0000, 0x0000, 0x0000,
  0x0000, 0x0000, 0x0000, 0x0000, 0x0841, 0x0861, 0x0000, 0x0000, 0x0000, 0x0000, 0x0000, 0x0000,
  0x0000, 0x0000, 0x0000, 0x0000, 0x0000, 0x0020, 0x0841, 0x0000, 0x0000, 0x0000, 0x0000, 0x0000,
  0x0000, 0x0000, 0x0000, 0x0000, 0x0000, 0x0000, 0x0020, 0x0020, 0x0000, 0x0000, 0x0841, 0x0000,
  0x0000, 0x0000, 0x0000, 0x0000, 0x0000, 0x0000, 0x0021, 0x0000, 0x0000, 0x0000, 0x0000, 0x0000,
  0x0000, 0x0000, 0x0000, 0x0000, 0x0000, 0x0000, 0x0020, 0x0861, 0x0000, 0x0000, 0x0000, 0x0000,
  0x0000, 0x0000, 0x0000, 0x0000, 0x0020, 0x0020, 0x0000, 0x0000, 0x0000, 0x0000, 0x0000, 0x0861,
  0x0000, 0x0000, 0x0000, 0x0000, 0x0000, 0x0000, 0x0000, 0x0000, 0x0000, 0x0000, 0x0000, 0x0000,
  0x0000, 0x0000, 0x0000, 0x0000, 0x0000, 0x0000, 0x0000, 0x0000, 0x0000, 0x0000, 0x0861, 0x0841,
  0x0000, 0x0000, 0x0000, 0x0841, 0x0861, 0x0000, 0x0841, 0x0841, 0x0000, 0x0000, 0x0000, 0x0000,
  0x0000, 0x0000, 0x0000, 0x0000, 0x0000, 0x0000, 0x0000, 0x0000, 0x0000, 0x0000, 0x0000, 0x0020,
  0x0861, 0x0000, 0x0000, 0x0000, 0x0000, 0x0000, 0x0000, 0x0020, 0x0000, 0x0841, 0x0020, 0x0000,
  0x0000, 0x0000, 0x0000, 0x0000, 0x0000, 0x0000, 0x0000, 0x0000, 0x0000, 0x0000, 0x0000, 0x0000,
  0x0000, 0x0000, 0x0000, 0x0000, 0x0000, 0x0000, 0x0000, 0x0020, 0x0861, 0x0000, 0x0000, 0x0000,
  0x0000, 0x0000, 0x0000, 0x0000, 0x0000, 0x0861, 0x0841, 0x0841, 0x0000, 0x0000, 0x0020, 0x0000,
  0x0000, 0x0000, 0x0000, 0x0000, 0x0000, 0x0000, 0x0000, 0x0000, 0x0000, 0x0000, 0x0000, 0x0000,
  0x0000, 0x0000, 0x0000, 0x0000, 0x0000, 0x0000, 0x0000, 0x0000, 0x0000, 0x0000, 0x0000, 0x0000,
  0x0000, 0x0000, 0x0000, 0x0000, 0x0020, 0x0000, 0x0000, 0x0000, 0x0020, 0x0000, 0x0000, 0x0000,
  0x0000, 0x0000, 0x0000, 0x0000, 0x0000, 0x0000, 0x0000, 0x0000, 0x0000, 0x0000, 0x0000, 0x0000,
  0x0000, 0x0000, 0x0000, 0x0000, 0x0000, 0x0000, 0x0000, 0x0000, 0x0000, 0x0000, 0x0000, 0x0000,
  0x0000, 0x0000, 0x0000, 0x0000, 0x0000, 0x0000, 0x0000, 0x0000, 0x0000, 0x0000, 0x0000, 0x0000,
  0x0000, 0x0000, 0x0000, 0x0000, 0x0000, 0x0000, 0x0000, 0x0000, 0x0000, 0x0000, 0x0000, 0x0000,
  0x0000, 0x0000, 0x0000, 0x0000, 0x0000, 0x0000, 0x0000, 0x0000, 0x0000, 0x0000, 0x0000, 0x0000,
  0x0000, 0x0000, 0x0000, 0x0000, 0x0000, 0x0000, 0x0000, 0x0000, 0x0000, 0x0000, 0x0000, 0x0000,
  0x0000, 0x0000, 0x0000, 0x0000, 0x0000, 0x0000, 0x0000, 0x0000, 0x0000, 0x0000, 0x0000, 0x0000,
  0x0000, 0x0000, 0x0000, 0x0000, 0x0000, 0x0000, 0x0000, 0x0000, 0x0000, 0x0000, 0x0000, 0x0000,
  0x0000, 0x0000, 0x0000, 0x0000, 0x0000, 0x0000, 0x0000, 0x0000, 0x0000, 0x0020, 0x0841, 0x0000,
  0x0000, 0x0000, 0x0000, 0x0000, 0x0000, 0x0000, 0x0000, 0x0000, 0x0000, 0x0000, 0x0000, 0x0000,
  0x0020, 0x0020, 0x0000, 0x0000, 0x0000, 0x0000, 0x0000, 0x0000, 0x0020, 0x0000, 0x0000, 0x0020,
  0x0000, 0x0020, 0x0841, 0x0000, 0x0000, 0x0000, 0x0000, 0x0000, 0x0000, 0x0000, 0x0000, 0x0000,
  0x0000, 0x0000, 0x0000, 0x0000, 0x0000, 0x0000, 0x0861, 0x0000, 0x0000, 0x0020, 0x0020, 0x0000,
  0x0000, 0x0020, 0x10A2, 0x0000, 0x0841, 0x0000, 0x0000, 0x0000, 0x0000, 0x0000, 0x0020, 0x0020,
  0x0000, 0x0000, 0x0000, 0x0000, 0x0000, 0x0000, 0x0000, 0x0020, 0x0000, 0x0000, 0x0000, 0x0000,
  0x0020, 0x0000, 0x0000, 0x0000, 0x0000, 0x0000, 0x0000, 0x0000, 0x3186, 0x0841, 0x0000, 0x0000,
  0x0000, 0x0000, 0x0000, 0x0000, 0x0000, 0x0000, 0x0000, 0x0000, 0x0000, 0x0000, 0x0000, 0x0000,
  0x0000, 0x0000, 0x0020, 0x0841, 0x0000, 0x0000, 0x0020, 0x0020, 0x0000, 0x0000, 0x0000, 0x0000,
  0x0020, 0x0020, 0x0000, 0x0000, 0x0000, 0x0000, 0x0000, 0x0000, 0x0000, 0x0000, 0x0000, 0x0000,
  0x0000, 0x0000, 0x0000, 0x0000, 0x0000, 0x0000, 0x0000, 0x0000, 0x0000, 0x0000, 0x0000, 0x0000,
  0x18C3, 0x0841, 0x0000, 0x0841, 0x0000, 0x0000, 0x0000, 0x0000, 0x0000, 0x0000, 0x0000, 0x0000,
  0x0861, 0x0020, 0x0000, 0x0000, 0x0000, 0x0000, 0x0000, 0x0000, 0x0000, 0x0000, 0x0000, 0x0000,
  0x0000, 0x0000, 0x0000, 0x0000, 0x0020, 0x0000, 0x0000, 0x0000, 0x0000, 0x0000, 0x0000, 0x0000,
  0x0000, 0x0861, 0x0841, 0x0000, 0x0000, 0x0000, 0x0000, 0x0000, 0x0000, 0x0000, 0x0000, 0x0000,
  0x0841, 0x0000, 0x0000, 0x0000, 0x0000, 0x0000, 0x0000, 0x0000, 0x0000, 0x0000, 0x0000, 0x0000,
  0x0000, 0x0000, 0x0000, 0x0000, 0x0000, 0x0000, 0x0000, 0x0000, 0x0000, 0x0000, 0x0000, 0x0000,
  0x0000, 0x0000, 0x0000, 0x0000, 0x0000, 0x0000, 0x0000, 0x0000, 0x0000, 0x0000, 0x0000, 0x0000,
  0x0000, 0x0000, 0x0000, 0x0000, 0x0000, 0x0000, 0x0000, 0x0000, 0x0000, 0x0000, 0x0000, 0x0000,
  0x0000, 0x0000, 0x0000, 0x0000, 0x0000, 0x0000, 0x0000, 0x0000, 0x0000, 0x0000, 0x0000, 0x0000,
  0x0000, 0x0000, 0x0000, 0x0000, 0x0000, 0x0000, 0x0000, 0x0000, 0x0000, 0x0000, 0x0000, 0x0000,
  0x0000, 0x0000, 0x0000, 0x0000, 0x0000, 0x0000, 0x0000, 0x0000, 0x0000, 0x0000, 0x0000, 0x0000,
  0x0000, 0x0000, 0x0000, 0x0000, 0x0000, 0x0000, 0x0000, 0x0000, 0x0000, 0x0000, 0x0000, 0x0000,
  0x0000, 0x0000, 0x0000, 0x0000, 0x0000, 0x0000, 0x0000, 0x0000, 0x0000, 0x0000, 0x0000, 0x0000,
  0x0000, 0x0000, 0x0000, 0x0000, 0x0000, 0x0000, 0x0000, 0x0000, 0x0000, 0x0020, 0x0000, 0x0000,
  0x0000, 0x0000, 0x0000, 0x0000, 0x0000, 0x0000, 0x0000, 0x0000, 0x0000, 0x0000, 0x0000, 0x0000,
  0x0000, 0x0000, 0x0000, 0x0000, 0x0000, 0x0000, 0x0020, 0x0000, 0x0000, 0x0000, 0x0000, 0x0000,
  0x0000, 0x0000, 0x0000, 0x0000, 0x0000, 0x0000, 0x0000, 0x0861, 0x0861, 0x0000, 0x0000, 0x0000,
  0x0000, 0x0000, 0x0000, 0x0020, 0x1082, 0x0000, 0x0020, 0x0000, 0x0000, 0x0000, 0x0000, 0x0000,
  0x0000, 0x0000, 0x0000, 0x0000, 0x0000, 0x0000, 0x0841, 0x0841, 0x0000, 0x0000, 0x0000, 0x0000,
  0x0000, 0x0000, 0x0000, 0x0020, 0x0000, 0x0841, 0x0861, 0x0000, 0x0000, 0x0000, 0x0862, 0x0020,
  0x0841, 0x0000, 0x0000, 0x0000, 0x0000, 0x0000, 0x0020, 0x0020, 0x0000, 0x0000, 0x0020, 0x0000,
  0x0000, 0x0000, 0x0000, 0x0861, 0x0020, 0x0000, 0x0000, 0x0000, 0x0000, 0x0000, 0x0000, 0x0000,
  0x0000, 0x0000, 0x0000, 0x0000, 0x18E3, 0x0020, 0x0000, 0x0000, 0x0000, 0x0000, 0x0000, 0x0000,
  0x0000, 0x0000, 0x0000, 0x0000, 0x0000, 0x0000, 0x0000, 0x0000, 0x0000, 0x0000, 0x0020, 0x0020,
  0x0000, 0x0000, 0x0000, 0x0020, 0x0000, 0x0000, 0x0000, 0x0000, 0x0000, 0x0000, 0x0000, 0x0000,
  0x0000, 0x0000, 0x0000, 0x0000, 0x0000, 0x0000, 0x0000, 0x0000, 0x0000, 0x0000, 0x0000, 0x0000,
  0x0000, 0x0000, 0x0000, 0x0000, 0x0000, 0x0000, 0x0000, 0x0000, 0x0020, 0x0020, 0x0000, 0x0000,
  0x0000, 0x0020, 0x0841, 0x0000, 0x0841, 0x0020, 0x0000, 0x0000, 0x0000, 0x0000, 0x0000, 0x0000,
  0x0000, 0x0000, 0x0000, 0x0000, 0x0000, 0x0000, 0x0000, 0x0000, 0x0000, 0x0000, 0x0000, 0x10A2,
  0x0861, 0x0000, 0x0000, 0x0000, 0x0000, 0x0000, 0x0000, 0x0000, 0x0000, 0x0000, 0x0000, 0x0000,
  0x0000, 0x0000, 0x0000, 0x0000, 0x0000, 0x0000, 0x0000, 0x0000, 0x1082, 0x0020, 0x0000, 0x0000,
  0x0000, 0x0000, 0x0000, 0x0000, 0x0000, 0x0000, 0x0000, 0x0000, 0x0000, 0x0000, 0x0000, 0x0000,
  0x0000, 0x0000, 0x0000, 0x0000, 0x0000, 0x0000, 0x0000, 0x0000, 0x0000, 0x0000, 0x0000, 0x0000,
  0x0000, 0x0000, 0x0000, 0x0000, 0x0000, 0x0000, 0x0000, 0x0000, 0x0000, 0x0020, 0x0000, 0x0000,
  0x0000, 0x0000, 0x0000, 0x0000, 0x0000, 0x0000, 0x0000, 0x0000, 0x0000, 0x0000, 0x0000, 0x0000,
  0x0000, 0x0000, 0x0000, 0x0000, 0x0000, 0x0000, 0x0000, 0x0000, 0x0000, 0x0000, 0x0000, 0x0000,
  0x0000, 0x0000, 0x0000, 0x0000, 0x0000, 0x0000, 0x0000, 0x0000, 0x0000, 0x0000, 0x0000, 0x0000,
  0x0000, 0x0000, 0x0000, 0x0000, 0x0000, 0x0000, 0x0000, 0x0000, 0x0000, 0x0000, 0x0000, 0x0000,
  0x0000, 0x0000, 0x0000, 0x0000, 0x0000, 0x0000, 0x0000, 0x0020, 0x0000, 0x0000, 0x0000, 0x0000,
  0x0000, 0x0000, 0x0000, 0x0000, 0x0000, 0x0000, 0x0000, 0x0000, 0x0000, 0x0000, 0x0000, 0x0000,
  0x0000, 0x0000, 0x0000, 0x0000, 0x0000, 0x0000, 0x0000, 0x0000, 0x0000, 0x0000, 0x0000, 0x0000,
  0x0000, 0x0000, 0x0000, 0x0000, 0x0000, 0x0000, 0x0000, 0x0000, 0x0000, 0x0000, 0x0000, 0x0000,
  0x0000, 0x0000, 0x0000, 0x0000, 0x0000, 0x0000, 0x0000, 0x0000, 0x0000, 0x0000, 0x0000, 0x0000,
  0x0000, 0x0000, 0x0000, 0x0861, 0x0841, 0x0000, 0x0000, 0x0000, 0x0000, 0x0000, 0x0000, 0x0000,
  0x0000, 0x0000, 0x0000, 0x0000, 0x0000, 0x0000, 0x0000, 0x0000, 0x0000, 0x0000, 0x0000, 0x0841,
  0x0020, 0x0000, 0x0000, 0x0000, 0x0000, 0x0000, 0x0000, 0x0000, 0x0000, 0x0000, 0x0000, 0x0000,
  0x0000, 0x0000, 0x0000, 0x0000, 0x0000, 0x0000, 0x1082, 0x0841, 0x0000, 0x0000, 0x0000, 0x0000,
  0x0000, 0x0000, 0x0000, 0x0020, 0x0000, 0x0000, 0x0861, 0x0000, 0x0000, 0x0000, 0x0000, 0x0000,
  0x0000, 0x0000, 0x0000, 0x0000, 0x0000, 0x0000, 0x0000, 0x0000, 0x0000, 0x0000, 0x0000, 0x0000,
  0x0000, 0x0000, 0x0000, 0x0000, 0x0000, 0x0020, 0x0000, 0x0000, 0x0000, 0x0000, 0x0000, 0x0000,
  0x0020, 0x0000, 0x0000, 0x0000, 0x0000, 0x0000, 0x0000, 0x0000, 0x0000, 0x0000, 0x0000, 0x0020,
  0x0020, 0x0000, 0x0000, 0x0000, 0x0020, 0x0841, 0x0000, 0x0000, 0x0000, 0x0841, 0x0000, 0x0000,
  0x0000, 0x0000, 0x0000, 0x0000, 0x0000, 0x0000, 0x0000, 0x0000, 0x0000, 0x0000, 0x0000, 0x0000,
  0x0000, 0x0000, 0x0000, 0x0000, 0x0000, 0x0000, 0x0000, 0x0000, 0x0000, 0x0841, 0x18E3, 0x0000,
  0x0841, 0x0841, 0x0000, 0x0000, 0x0000, 0x0000, 0x0000, 0x0000, 0x0000, 0x0020, 0x0000, 0x0000,
  0x0000, 0x0841, 0x0000, 0x0000, 0x0000, 0x0000, 0x0000, 0x0841, 0x0020, 0x0000, 0x0000, 0x0000,
  0x0000, 0x0000, 0x0000, 0x0000, 0x0000, 0x0000, 0x0000, 0x0000, 0x0000, 0x0000, 0x0000, 0x0000,
  0x0000, 0x0000, 0x0000, 0x0000, 0x0000, 0x0000, 0x0000, 0x0000, 0x0000, 0x0000, 0x0000, 0x0000,
  0x0000, 0x0000, 0x0000, 0x0000, 0x0000, 0x0000, 0x0000, 0x0000, 0x0000, 0x0000, 0x0000, 0x0000,
  0x0000, 0x0000, 0x0000, 0x0000, 0x0000, 0x0000, 0x0000, 0x0000, 0x0000, 0x0000, 0x0000, 0x0000,
  0x0000, 0x0000, 0x0000, 0x0000, 0x0000, 0x0020, 0x0000, 0x0000, 0x0000, 0x0000, 0x0000, 0x0000,
  0x0000, 0x0000, 0x0000, 0x0000, 0x0000, 0x0000, 0x0000, 0x0000, 0x0000, 0x0000, 0x0000, 0x0000,
  0x0000, 0x0000, 0x0000, 0x0000, 0x0000, 0x0000, 0x0000, 0x0000, 0x0000, 0x0000, 0x0000, 0x0000,
  0x0000, 0x0000, 0x0000, 0x0000, 0x0000, 0x0000, 0x0000, 0x0000, 0x0000, 0x0000, 0x0000, 0x0000,
  0x0000, 0x0000, 0x0000, 0x0000, 0x0000, 0x0000, 0x0000, 0x0000, 0x0000, 0x0000, 0x0000, 0x0000,
  0x0000, 0x0000, 0x0000, 0x1082, 0x0020, 0x0000, 0x0000, 0x0000, 0x0000, 0x0000, 0x0000, 0x0000,
  0x0000, 0x0000, 0x0000, 0x0000, 0x0000, 0x0000, 0x0000, 0x0000, 0x0000, 0x0000, 0x0000, 0x0000,
  0x0000, 0x0000, 0x0000, 0x0000, 0x0000, 0x0000, 0x0000, 0x0000, 0x0000, 0x0000, 0x0000, 0x0000,
  0x0000, 0x0000, 0x0000, 0x0020, 0x0000, 0x0000, 0x0000, 0x0000, 0x0000, 0x0000, 0x0000, 0x0000,
  0x0000, 0x0000, 0x0000, 0x0000, 0x0000, 0x0000, 0x0000, 0x0000, 0x0000, 0x0000, 0x0000, 0x0000,
  0x0000, 0x0000, 0x0000, 0x0000, 0x0000, 0x0000, 0x0000, 0x0000, 0x0000, 0x0000, 0x0000, 0x0000,
  0x0000, 0x0000, 0x0000, 0x0000, 0x0000, 0x0000, 0x0000, 0x0020, 0x0000, 0x0000, 0x0000, 0x0000,
  0x0000, 0x0000, 0x0000, 0x0000, 0x0000, 0x0000, 0x0000, 0x0000, 0x0000, 0x0000, 0x0000, 0x0000,
  0x0000, 0x0000, 0x0020, 0x0000, 0x0000, 0x0000, 0x0000, 0x0000, 0x0000, 0x0000, 0x0841, 0x0841,
  0x0000, 0x0020, 0x0000, 0x0000, 0x0000, 0x0000, 0x0000, 0x0000, 0x0000, 0x0000, 0x0000, 0x0000,
  0x0000, 0x0000, 0x0000, 0x0020, 0x0000, 0x0000, 0x0000, 0x0000, 0x0000, 0x0000, 0x0000, 0x0000,
  0x0000, 0x0000, 0x0000, 0x0000, 0x0000, 0x0000, 0x0000, 0x0000, 0x0000, 0x0000, 0x0000, 0x0000,
  0x0000, 0x0000, 0x0000, 0x0000, 0x0000, 0x0020, 0x0020, 0x0000, 0x0000, 0x0000, 0x0000, 0x0000,
  0x0000, 0x0020, 0x0000, 0x0000, 0x0020, 0x1082, 0x0000, 0x0000, 0x0000, 0x0000, 0x0000, 0x0000,
  0x0000, 0x0000, 0x0020, 0x10A2, 0x0821, 0x0000, 0x0000, 0x0000, 0x0000, 0x0000, 0x0000, 0x0000,
  0x0000, 0x0000, 0x0020, 0x0000, 0x0020, 0x0000, 0x0000, 0x0000, 0x0000, 0x0000, 0x0000, 0x0000,
  0x0000, 0x0000, 0x0000, 0x0000, 0x0000, 0x0000, 0x0000, 0x0000, 0x0000, 0x0000, 0x0000, 0x0000,
  0x0000, 0x0000, 0x0000, 0x0000, 0x0000, 0x0000, 0x0000, 0x0000, 0x0000, 0x0000, 0x0000, 0x0000,
  0x0000, 0x0000, 0x0000, 0x0000, 0x0000, 0x0020, 0x0000, 0x0000, 0x0000, 0x0000, 0x0000, 0x0000,
  0x0000, 0x0000, 0x0000, 0x0000, 0x0020, 0x0861, 0x0841, 0x0000, 0x0000, 0x0000, 0x0000, 0x0000,
  0x0000, 0x0000, 0x0000, 0x0000, 0x0000, 0x0000, 0x0000, 0x0000, 0x0000, 0x0000, 0x0020, 0x0020,
  0x0000, 0x0000, 0x0000, 0x0000, 0x0000, 0x0000, 0x0000, 0x0000, 0x0000, 0x0000, 0x0000, 0x0000,
  0x0000, 0x0000, 0x0000, 0x0000, 0x0000, 0x0000, 0x0000, 0x0000, 0x0000, 0x0000, 0x0000, 0x0000,
  0x0000, 0x0000, 0x0000, 0x0000, 0x0000, 0x0020, 0x0000, 0x0000, 0x0000, 0x0000, 0x0000, 0x0000,
  0x0000, 0x0000, 0x0000, 0x0000, 0x0000, 0x0000, 0x0000, 0x0000, 0x0000, 0x0000, 0x0000, 0x0000,
  0x0000, 0x0000, 0x0000, 0x0000, 0x0000, 0x0000, 0x0000, 0x0000, 0x0000, 0x0000, 0x0000, 0x0000,
  0x0000, 0x0000, 0x0000, 0x0000, 0x0000, 0x0000, 0x0000, 0x0020, 0x0000, 0x0000, 0x0000, 0x0000,
  0x0000, 0x0000, 0x0000, 0x0000, 0x0000, 0x0000, 0x0000, 0x0000, 0x0000, 0x0000, 0x0000, 0x0000,
  0x0000, 0x0020, 0x0000, 0x0000, 0x0000, 0x0020, 0x0020, 0x0000, 0x0000, 0x0000, 0x0000, 0x0000,
  0x0000, 0x0000, 0x0000, 0x0000, 0x0000, 0x0000, 0x0000, 0x0000, 0x0000, 0x0000, 0x0000, 0x0000,
  0x0000, 0x0000, 0x0000, 0x0000, 0x0000, 0x0000, 0x0000, 0x0000, 0x0020, 0x18C3, 0x0000, 0x0000,
  0x0000, 0x0000, 0x0000, 0x0000, 0x0000, 0x0000, 0x0000, 0x0000, 0x0000, 0x0000, 0x0000, 0x0000,
  0x0000, 0x0000, 0x0000, 0x0000, 0x0000, 0x0000, 0x0000, 0x0000, 0x0000, 0x0000, 0x0000, 0x0000,
  0x0000, 0x0000, 0x0000, 0x0000, 0x0000, 0x0000, 0x0000, 0x0000, 0x0000, 0x0000, 0x0000, 0x0000,
  0x0000, 0x0000, 0x0000, 0x0000, 0x0000, 0x0000, 0x0000, 0x0000, 0x0000, 0x0000, 0x0000, 0x0000,
  0x0000, 0x0000, 0x0000, 0x0000, 0x0000, 0x0000, 0x0020, 0x0000, 0x0000, 0x0841, 0x0000, 0x0000,
  0x0000, 0x0841, 0x0000, 0x0000, 0x0000, 0x0000, 0x0000, 0x0000, 0x0000, 0x0000, 0x0000, 0x0020,
  0x0000, 0x0000, 0x0000, 0x0000, 0x0000, 0x0000, 0x0000, 0x0000, 0x0000, 0x0000, 0x0000, 0x0000,
  0x0000, 0x0000, 0x0000, 0x0000, 0x0000, 0x0000, 0x0000, 0x0000, 0x0000, 0x0000, 0x0000, 0x0000,
  0x0000, 0x0000, 0x0000, 0x0000, 0x0000, 0x0000, 0x0000, 0x0000, 0x0020, 0x0020, 0x0020, 0x0000,
  0x0020, 0x0000, 0x0000, 0x0000, 0x0000, 0x0000, 0x0000, 0x0000, 0x0841, 0x0000, 0x18E4, 0x526A,
  0x10A2, 0x0000, 0x0000, 0x0000, 0x0000, 0x0000, 0x0000, 0x0000, 0x0000, 0x0000, 0x0000, 0x0000,
  0x0861, 0x0000, 0x0000, 0x0000, 0x0000, 0x0000, 0x0000, 0x0000, 0x0000, 0x0000, 0x0000, 0x0000,
  0x0000, 0x0000, 0x0000, 0x0000, 0x0000, 0x0000, 0x0000, 0x0000, 0x0000, 0x0000, 0x0000, 0x0000,
  0x0000, 0x0000, 0x0000, 0x0000, 0x0000, 0x0000, 0x0000, 0x0000, 0x0000, 0x0000, 0x0000, 0x0000,
  0x0000, 0x0861, 0x0861, 0x0841, 0x0000, 0x0000, 0x0000, 0x0000, 0x0000, 0x0000, 0x0000, 0x0000,
  0x0000, 0x0020, 0x0020, 0x0000, 0x0000, 0x0000, 0x0000, 0x0000, 0x0000, 0x0000, 0x0000, 0x0000,
  0x0000, 0x0000, 0x0000, 0x0000, 0x0000, 0x0020, 0x0841, 0x0000, 0x0000, 0x0000, 0x0000, 0x0000,
  0x0000, 0x0000, 0x0000, 0x0000, 0x0000, 0x0000, 0x0000, 0x0000, 0x0000, 0x0000, 0x0000, 0x0000,
  0x0000, 0x0000, 0x0000, 0x0000, 0x0000, 0x0000, 0x0000, 0x0000, 0x0000, 0x0841, 0x0000, 0x0000,
  0x0000, 0x0020, 0x0000, 0x0000, 0x0000, 0x0000, 0x0000, 0x0000, 0x0020, 0x0000, 0x0000, 0x0000,
  0x0000, 0x0000, 0x0000, 0x0000, 0x0000, 0x0000, 0x0000, 0x0000, 0x0000, 0x0000, 0x0000, 0x0000,
  0x0000, 0x0020, 0x0000, 0x0000, 0x0000, 0x0000, 0x0000, 0x0000, 0x0000, 0x0000, 0x0020, 0x0000,
  0x0000, 0x0000, 0x0000, 0x0841, 0x0000, 0x0000, 0x0000, 0x0000, 0x0000, 0x0000, 0x0000, 0x0000,
  0x0000, 0x0000, 0x0000, 0x0000, 0x0000, 0x0000, 0x0000, 0x0000, 0x0000, 0x0000, 0x0000, 0x0000,
  0x0000, 0x0000, 0x0000, 0x0000, 0x0000, 0x0000, 0x0000, 0x0000, 0x0000, 0x0000, 0x0000, 0x0000,
  0x0000, 0x0000, 0x0000, 0x0000, 0x0000, 0x0000, 0x0000, 0x0000, 0x0000, 0x0000, 0x0861, 0x0841,
  0x0000, 0x0000, 0x0000, 0x0000, 0x0000, 0x0841, 0x0000, 0x0000, 0x0000, 0x0000, 0x0020, 0x0020,
  0x0000, 0x0000, 0x0000, 0x0000, 0x0000, 0x0000, 0x0000, 0x0000, 0x0000, 0x0000, 0x0000, 0x0000,
  0x0000, 0x0000, 0x0000, 0x0000, 0x0000, 0x0000, 0x0000, 0x0000, 0x0000, 0x0000, 0x0000, 0x0000,
  0x0000, 0x0000, 0x0000, 0x0000, 0x0000, 0x0000, 0x0000, 0x0000, 0x0000, 0x0000, 0x0000, 0x0000,
  0x0000, 0x0000, 0x0000, 0x0000, 0x0000, 0x0000, 0x0000, 0x0000, 0x0000, 0x0000, 0x0000, 0x0000,
  0x0000, 0x0000, 0x0000, 0x0000, 0x0000, 0x0000, 0x0000, 0x0020, 0x0000, 0x0000, 0x0000, 0x0000,
  0x0000, 0x0000, 0x0000, 0x0000, 0x0000, 0x0000, 0x0020, 0x0000, 0x0000, 0x0000, 0x0000, 0x0000,
  0x0000, 0x0000, 0x0000, 0x0000, 0x0000, 0x0841, 0x0020, 0x0000, 0x0020, 0x0020, 0x0000, 0x0020,
  0x0000, 0x0000, 0x0000, 0x0000, 0x0000, 0x0000, 0x0000, 0x0000, 0x0000, 0x0000, 0x0000, 0x0000,
  0x0000, 0x0000, 0x0000, 0x0000, 0x0861, 0x0020, 0x0000, 0x0000, 0x0000, 0x0000, 0x0000, 0x0000,
  0x0000, 0x0000, 0x0000, 0x0000, 0x0000, 0x0000, 0x0821, 0x1062, 0x0000, 0x0020, 0x0000, 0x0000,
  0x0020, 0x0841, 0x0000, 0x0000, 0x0000, 0x0000, 0x0000, 0x0020, 0x0861, 0x0000, 0x0000, 0x0000,
  0x0000, 0x0000, 0x0000, 0x0000, 0x0000, 0x0000, 0x0000, 0x0000, 0x0000, 0x0000, 0x0000, 0x0000,
  0x0000, 0x0000, 0x0000, 0x0000, 0x0000, 0x0000, 0x0000, 0x0000, 0x0000, 0x0000, 0x0000, 0x0000,
  0x0000, 0x0000, 0x0000, 0x0000, 0x0000, 0x0000, 0x0000, 0x0000, 0x0000, 0x0000, 0x0861, 0x0841,
  0x0000, 0x0000, 0x0000, 0x0000, 0x0000, 0x0000, 0x0000, 0x0000, 0x0000, 0x0000, 0x0000, 0x0000,
  0x0000, 0x0000, 0x0000, 0x0000, 0x0000, 0x0000, 0x0000, 0x0000, 0x0000, 0x0000, 0x0000, 0x0000,
  0x0000, 0x0000, 0x0000, 0x0000, 0x0000, 0x0000, 0x0000, 0x0000, 0x0000, 0x0000, 0x0000, 0x0000,
  0x0000, 0x0000, 0x0000, 0x0000, 0x0000, 0x0000, 0x0000, 0x0000, 0x0000, 0x0020, 0x0020, 0x0000,
  0x0000, 0x0000, 0x0000, 0x0000, 0x0000, 0x0000, 0x0000, 0x0020, 0x0861, 0x0000, 0x0000, 0x0000,
  0x0000, 0x0000, 0x0000, 0x0000, 0x0000, 0x0000, 0x0000, 0x0000, 0x0000, 0x0000, 0x0000, 0x0000,
  0x0000, 0x0000, 0x0000, 0x0000, 0x0000, 0x0000, 0x0000, 0x0000, 0x0000, 0x0000, 0x0000, 0x0000,
  0x0000, 0x0000, 0x0000, 0x0000, 0x0000, 0x0000, 0x0020, 0x0000, 0x0000, 0x0000, 0x0000, 0x0000,
  0x0000, 0x0000, 0x0000, 0x0000, 0x0000, 0x0000, 0x0000, 0x0000, 0x0000, 0x0000, 0x0000, 0x0000,
  0x0000, 0x0000, 0x0000, 0x0000, 0x0000, 0x0000, 0x0000, 0x0000, 0x0000, 0x0000, 0x0000, 0x0000,
  0x0000, 0x0000, 0x0000, 0x0000, 0x0000, 0x0000, 0x0000, 0x0000, 0x0000, 0x0000, 0x0000, 0x0000,
  0x0000, 0x0000, 0x0000, 0x0000, 0x0000, 0x0000, 0x0000, 0x0000, 0x0000, 0x0000, 0x0000, 0x0000,
  0x0000, 0x0000, 0x0000, 0x0000, 0x0000, 0x0000, 0x0841, 0x0861, 0x0000, 0x0000, 0x0000, 0x0000,
  0x0000, 0x0000, 0x0000, 0x0000, 0x0000, 0x0000, 0x0000, 0x0000, 0x0000, 0x0000, 0x0000, 0x0000,
  0x0000, 0x0000, 0x0000, 0x0000, 0x0000, 0x0000, 0x0000, 0x0000, 0x0000, 0x0000, 0x0000, 0x0000,
  0x0000, 0x0000, 0x0000, 0x0000, 0x0000, 0x0000, 0x0000, 0x0000, 0x0000, 0x0000, 0x0000, 0x0000,
  0x0000, 0x0000, 0x0000, 0x0000, 0x0000, 0x0000, 0x0020, 0x0000, 0x0000, 0x0000, 0x0000, 0x0000,
  0x0000, 0x0000, 0x0000, 0x0020, 0x0000, 0x0000, 0x0000, 0x0000, 0x0020, 0x0020, 0x0000, 0x0000,
  0x0000, 0x0000, 0x0020, 0x0000, 0x0841, 0x0020, 0x0000, 0x0000, 0x0000, 0x0000, 0x0000, 0x0000,
  0x0000, 0x1082, 0x0841, 0x0000, 0x10A2, 0x10A2, 0x0000, 0x0000, 0x0000, 0x0000, 0x0000, 0x0000,
  0x0000, 0x0000, 0x0000, 0x0000, 0x0000, 0x0000, 0x0000, 0x0000, 0x0000, 0x0000, 0x0000, 0x0000,
  0x0000, 0x0000, 0x0000, 0x0000, 0x0000, 0x0000, 0x0000, 0x0000, 0x0000, 0x0000, 0x0000, 0x0000,
  0x0000, 0x0000, 0x0000, 0x0041, 0x0020, 0x0000, 0x0000, 0x0000, 0x0000, 0x0020, 0x0000, 0x0020,
  0x0020, 0x0000, 0x0000, 0x0000, 0x0020, 0x0000, 0x0000, 0x0000, 0x0000, 0x0000, 0x0000, 0x0000,
  0x0000, 0x0000, 0x0000, 0x0000, 0x0000, 0x0000, 0x0000, 0x0000, 0x0000, 0x0000, 0x0000, 0x0000,
  0x0000, 0x0000, 0x0000, 0x0000, 0x0000, 0x0000, 0x0000, 0x0000, 0x0000, 0x0000, 0x0841, 0x0020,
  0x0000, 0x0000, 0x0000, 0x0000, 0x0000, 0x0000, 0x0000, 0x0000, 0x0000, 0x0000, 0x0000, 0x0000,
  0x0000, 0x0020, 0x0000, 0x0000, 0x0000, 0x0000, 0x0000, 0x0000, 0x0000, 0x0000, 0x0000, 0x0000,
  0x0000, 0x0000, 0x0000, 0x0000, 0x0000, 0x0000, 0x0000, 0x0000, 0x0000, 0x0000, 0x0020, 0x0020,
  0x0000, 0x0000, 0x0000, 0x0000, 0x0000, 0x0000, 0x0000, 0x0000, 0x0000, 0x0000, 0x0000, 0x0000,
  0x0000, 0x0000, 0x0000, 0x0841, 0x0841, 0x0000, 0x0000, 0x0000, 0x0841, 0x0841, 0x0000, 0x0000,
  0x0000, 0x0000, 0x0000, 0x0000, 0x0020, 0x0000, 0x0000, 0x0000, 0x0000, 0x0000, 0x0000, 0x0000,
  0x0000, 0x0000, 0x0020, 0x0000, 0x0000, 0x0000, 0x0000, 0x0000, 0x0000, 0x0000, 0x0000, 0x0000,
  0x0000, 0x0000, 0x0000, 0x0000, 0x0000, 0x0000, 0x0000, 0x0000, 0x0000, 0x0000, 0x0000, 0x0000,
  0x0000, 0x0000, 0x0000, 0x0020, 0x0000, 0x0000, 0x0000, 0x0000, 0x0000, 0x0000, 0x0000, 0x0000,
  0x0000, 0x0000, 0x0000, 0x0000, 0x0000, 0x0000, 0x0000, 0x0000, 0x0000, 0x0000, 0x0000, 0x0000,
  0x0000, 0x0000, 0x0000, 0x0020, 0x0000, 0x0000, 0x0020, 0x0000, 0x0000, 0x0000, 0x0000, 0x0000,
  0x0000, 0x0000, 0x0000, 0x0000, 0x0000, 0x0000, 0x0000, 0x0000, 0x0000, 0x0000, 0x0000, 0x0000,
  0x0000, 0x0841, 0x0020, 0x0000, 0x0000, 0x0000, 0x0000, 0x0000, 0x0000, 0x0000, 0x1082, 0x1082,
  0x0000, 0x0000, 0x0000, 0x0000, 0x0000, 0x0000, 0x0000, 0x0000, 0x0000, 0x0000, 0x0000, 0x0000,
  0x0000, 0x0000, 0x0000, 0x0000, 0x0000, 0x0000, 0x0000, 0x0000, 0x0000, 0x0000, 0x0000, 0x0000,
  0x0000, 0x0000, 0x0000, 0x0000, 0x0000, 0x0000, 0x0000, 0x0000, 0x0841, 0x0020, 0x0000, 0x0000,
  0x0000, 0x0000, 0x0000, 0x0000, 0x0000, 0x0000, 0x0000, 0x0000, 0x0000, 0x0000, 0x0000, 0x0000,
  0x0000, 0x0000, 0x0000, 0x0000, 0x0000, 0x0000, 0x0000, 0x0000, 0x0000, 0x0000, 0x0000, 0x0000,
  0x0000, 0x0841, 0x0000, 0x0000, 0x0000, 0x0000, 0x0000, 0x0000, 0x0020, 0x0020, 0x0020, 0x0000,
  0x0861, 0x0020, 0x0000, 0x0000, 0x0000, 0x0000, 0x0000, 0x0000, 0x0000, 0x0000, 0x0000, 0x0000,
  0x0000, 0x0000, 0x0000, 0x0000, 0x0000, 0x0020, 0x0841, 0x0000, 0x0000, 0x0000, 0x0000, 0x0000,
  0x0000, 0x0000, 0x0000, 0x0000, 0x0000, 0x0000, 0x0020, 0x0020, 0x0000, 0x0000, 0x0000, 0x0000,
  0x0000, 0x0000, 0x0000, 0x0000, 0x0000, 0x0000, 0x0000, 0x0000, 0x0000, 0x0000, 0x0000, 0x0040,
  0x0020, 0x0000, 0x0000, 0x0000, 0x0000, 0x0000, 0x0000, 0x0000, 0x0000, 0x0000, 0x0000, 0x0000,
  0x0000, 0x0000, 0x0000, 0x0000, 0x0000, 0x0000, 0x0000, 0x0000, 0x0000, 0x0000, 0x0000, 0x0000,
  0x0000, 0x0000, 0x0000, 0x0000, 0x0841, 0x0000, 0x0000, 0x0000, 0x0000, 0x0000, 0x0000, 0x0000,
  0x0000, 0x0000, 0x0000, 0x0000, 0x0000, 0x0000, 0x0020, 0x0000, 0x0000, 0x0000, 0x0000, 0x0000,
  0x0000, 0x0000, 0x0000, 0x0000, 0x0000, 0x0000, 0x0000, 0x0000, 0x0000, 0x0020, 0x0000, 0x0000,
  0x0000, 0x0000, 0x0000, 0x0000, 0x0000, 0x0000, 0x0000, 0x0000, 0x0000, 0x0000, 0x0000, 0x0000,
  0x0000, 0x0000, 0x0000, 0x0000, 0x0000, 0x0000, 0x0000, 0x0000, 0x0000, 0x0000, 0x0000, 0x0000,
  0x0000, 0x0000, 0x0000, 0x0000, 0x0000, 0x0000, 0x0000, 0x0000, 0x0000, 0x1082, 0x0000, 0x0841,
  0x0020, 0x0000, 0x0000, 0x0000, 0x0000, 0x0000, 0x0020, 0x0020, 0x0000, 0x0000, 0x0000, 0x0000,
  0x0000, 0x0000, 0x0000, 0x0000, 0x0000, 0x0000, 0x0000, 0x0000, 0x0000, 0x0000, 0x0000, 0x0000,
  0x0000, 0x0000, 0x0000, 0x0000, 0x0000, 0x0000, 0x0000, 0x0000, 0x0000, 0x0000, 0x0000, 0x0000,
  0x0000, 0x0000, 0x0000, 0x0000, 0x0000, 0x0020, 0x0020, 0x0000, 0x0000, 0x0000, 0x0000, 0x0020,
  0x0000, 0x0000, 0x0000, 0x0000, 0x0000, 0x0000, 0x0000, 0x0000, 0x0000, 0x0000, 0x0000, 0x0000,
  0x0000, 0x0000, 0x0000, 0x0000, 0x0000, 0x0000, 0x0000, 0x0000, 0x0000, 0x0000, 0x0000, 0x0000,
  0x0000, 0x0020, 0x0020, 0x0000, 0x0000, 0x0000, 0x0000, 0x0000, 0x0000, 0x0000, 0x0000, 0x0000,
  0x0000, 0x0000, 0x0000, 0x0000, 0x0000, 0x0000, 0x1082, 0x0000, 0x0000, 0x10A2, 0x0841, 0x0000,
  0x0000, 0x0000, 0x0000, 0x0000, 0x0000, 0x0000, 0x0861, 0x0861, 0x0020, 0x0000, 0x0000, 0x0000,
  0x0000, 0x0000, 0x0000, 0x0000, 0x0000, 0x0000, 0x0000, 0x0000, 0x0000, 0x0000, 0x0000, 0x0000,
  0x0000, 0x0000, 0x0000, 0x0000, 0x0000, 0x0000, 0x0000, 0x0000, 0x0000, 0x0000, 0x0000, 0x0000,
  0x0000, 0x0000, 0x0000, 0x0000, 0x0020, 0x0000, 0x0000, 0x0000, 0x0000, 0x0000, 0x0000, 0x0841,
  0x0841, 0x0000, 0x0000, 0x0020, 0x0020, 0x0000, 0x0000, 0x0020, 0x0000, 0x0000, 0x0000, 0x0000,
  0x0000, 0x0000, 0x0000, 0x0000, 0x0000, 0x0000, 0x0000, 0x0000, 0x0020, 0x0020, 0x0000, 0x0000,
  0x0000, 0x0020, 0x0020, 0x0020, 0x0861, 0x0020, 0x0841, 0x0000, 0x1082, 0x0020, 0x0000, 0x0020,
  0x0000, 0x0000, 0x0000, 0x0000, 0x0000, 0x0000, 0x0000, 0x0000, 0x0000, 0x0000, 0x0000, 0x0000,
  0x0000, 0x0020, 0x0861, 0x0000, 0x0000, 0x0000, 0x0000, 0x0000, 0x0000, 0x0000, 0x0000, 0x0000,
  0x0000, 0x0000, 0x0000, 0x0000, 0x0000, 0x0000, 0x0000, 0x0000, 0x0000, 0x0000, 0x0000, 0x0000,
  0x0000, 0x0000, 0x0000, 0x0000, 0x0000, 0x0000, 0x0000, 0x0000, 0x0000, 0x0000, 0x0000, 0x0000,
  0x0000, 0x0000, 0x0000, 0x0000, 0x0000, 0x0000, 0x0000, 0x0000, 0x0000, 0x0000, 0x0000, 0x0000,
  0x0000, 0x0020, 0x0841, 0x0020, 0x0020, 0x0000, 0x0000, 0x0020, 0x0000, 0x0000, 0x0000, 0x0000,
  0x0020, 0x0000, 0x0000, 0x0000, 0x0000, 0x0000, 0x0000, 0x0000, 0x0000, 0x0000, 0x0000, 0x0000,
  0x0000, 0x0841, 0x0020, 0x0000, 0x0000, 0x0000, 0x0000, 0x0000, 0x0000, 0x0000, 0x0000, 0x0000,
  0x0000, 0x0000, 0x0000, 0x0000, 0x0000, 0x0000, 0x0000, 0x0000, 0x0000, 0x0000, 0x0000, 0x0000,
  0x0000, 0x0000, 0x0000, 0x0000, 0x0000, 0x0000, 0x0000, 0x0000, 0x0000, 0x0000, 0x0000, 0x0000,
  0x0000, 0x0000, 0x0000, 0x0020, 0x0000, 0x0000, 0x0000, 0x0020, 0x0020, 0x0000, 0x0000, 0x0000,
  0x0000, 0x0000, 0x0000, 0x0000, 0x0000, 0x0020, 0x0000, 0x0000, 0x0020, 0x0020, 0x0000, 0x0000,
  0x0000, 0x0000, 0x0020, 0x0020, 0x0000, 0x0000, 0x0000, 0x0000, 0x0000, 0x0000, 0x0000, 0x0000,
  0x0000, 0x0841, 0x0020, 0x0000, 0x0000, 0x0000, 0x0000, 0x0000, 0x0000, 0x0000, 0x0000, 0x0000,
  0x0000, 0x0000, 0x0000, 0x0000, 0x0020, 0x0020, 0x0000, 0x0000, 0x0000, 0x0000, 0x0000, 0x0000,
  0x0000, 0x0020, 0x0020, 0x0000, 0x0000, 0x0000, 0x0000, 0x0000, 0x0000, 0x0000, 0x0000, 0x10A2,
  0x1082, 0x0000, 0x0000, 0x0000, 0x0000, 0x0000, 0x0000, 0x0000, 0x0000, 0x0000, 0x0000, 0x0000,
  0x0020, 0x0000, 0x0000, 0x0000, 0x0000, 0x0000, 0x0000, 0x0000, 0x0000, 0x18C3, 0x0841, 0x0000,
  0x0000, 0x0000, 0x0000, 0x0000, 0x0000, 0x0000, 0x0000, 0x0000, 0x0000, 0x0000, 0x0000, 0x0000,
  0x0000, 0x0000, 0x1082, 0x0000, 0x0020, 0x0020, 0x0000, 0x0000, 0x0000, 0x0000, 0x0000, 0x0000,
  0x0000, 0x0000, 0x0000, 0x0000, 0x0000, 0x0000, 0x0000, 0x0000, 0x0000, 0x0000, 0x0000, 0x0841,
  0x0841, 0x0000, 0x0000, 0x0000, 0x0000, 0x0000, 0x0000, 0x0000, 0x0000, 0x0000, 0x0000, 0x0000,
  0x0000, 0x0000, 0x0000, 0x0000, 0x0000, 0x0000, 0x0000, 0x0000, 0x0000, 0x0000, 0x0000, 0x0000,
  0x0000, 0x0000, 0x0000, 0x0000, 0x0000, 0x0000, 0x0000, 0x0000, 0x0020, 0x0000, 0x0000, 0x0841,
  0x0861, 0x0000, 0x0000, 0x1082, 0x0000, 0x0020, 0x0020, 0x0000, 0x0000, 0x0000, 0x0000, 0x0000,
  0x0000, 0x0000, 0x0000, 0x0000, 0x0000, 0x0000, 0x0000, 0x0000, 0x0000, 0x0000, 0x0000, 0x0000,
  0x0000, 0x0020, 0x0000, 0x0000, 0x0000, 0x0000, 0x0000, 0x0020, 0x0000, 0x0000, 0x0000, 0x0000,
  0x0000, 0x0000, 0x0020, 0x0000, 0x0000, 0x0000, 0x0000, 0x0000, 0x0000, 0x0000, 0x0000, 0x0000,
  0x0000, 0x0000, 0x0000, 0x0020, 0x0841, 0x0000, 0x0000, 0x0000, 0x0000, 0x0000, 0x0000, 0x0000,
  0x0000, 0x0000, 0x0000, 0x0000, 0x0000, 0x0000, 0x0000, 0x0000, 0x0000, 0x0000, 0x0000, 0x0000,
  0x0000, 0x0000, 0x0000, 0x0000, 0x0000, 0x0000, 0x0000, 0x0000, 0x0000, 0x0000, 0x0000, 0x0000,
  0x0000, 0x0000, 0x0000, 0x0000, 0x0000, 0x0000, 0x0000, 0x0000, 0x0000, 0x0020, 0x0841, 0x0000,
  0x0000, 0x0000, 0x0000, 0x0000, 0x0000, 0x0000, 0x0000, 0x0000, 0x0000, 0x0841, 0x0861, 0x0000,
  0x0000, 0x0000, 0x0000, 0x0000, 0x0000, 0x0000, 0x0000, 0x0000, 0x0000, 0x0000, 0x0000, 0x0000,
  0x0000, 0x0000, 0x0000, 0x0000, 0x0000, 0x0000, 0x0000, 0x0000, 0x0020, 0x0020, 0x0000, 0x0000,
  0x0000, 0x0000, 0x0000, 0x0000, 0x0000, 0x0000, 0x0000, 0x0000, 0x0000, 0x0000, 0x0000, 0x0000,
  0x0000, 0x0000, 0x0000, 0x0000, 0x0000, 0x0000, 0x0000, 0x0000, 0x0000, 0x0000, 0x0000, 0x0020,
  0x0000, 0x0020, 0x0000, 0x0861, 0x18C3, 0x0000, 0x0000, 0x0000, 0x0000, 0x0000, 0x0000, 0x0000,
  0x0000, 0x0000, 0x0000, 0x0000, 0x0841, 0x0020, 0x0000, 0x0000, 0x0000, 0x0000, 0x0000, 0x0000,
  0x0000, 0x0000, 0x0000, 0x0000, 0x0000, 0x0000, 0x0000, 0x0000, 0x0000, 0x0020, 0x0020, 0x0000,
  0x0000, 0x0000, 0x0000, 0x0000, 0x0000, 0x0020, 0x0000, 0x0000, 0x0000, 0x0000, 0x0000, 0x0000,
  0x0000, 0x0000, 0x0000, 0x0000, 0x0000, 0x0000, 0x0000, 0x0000, 0x0000, 0x0000, 0x0000, 0x0000,
  0x0000, 0x0000, 0x0000, 0x0000, 0x0000, 0x0000, 0x0000, 0x0861, 0x1082, 0x0000, 0x0000, 0x0000,
  0x0000, 0x0000, 0x0000, 0x0000, 0x0000, 0x0000, 0x0000, 0x0020, 0x0841, 0x0000, 0x0000, 0x0000,
  0x0000, 0x0000, 0x0000, 0x0000, 0x0000, 0x0000, 0x0000, 0x0000, 0x0000, 0x0000, 0x0000, 0x0000,
  0x0000, 0x0000, 0x0000, 0x0000, 0x0000, 0x0000, 0x0000, 0x0000, 0x0000, 0x0000, 0x0000, 0x0000,
  0x0000, 0x0000, 0x0000, 0x0000, 0x0000, 0x0000, 0x0000, 0x0000, 0x0000, 0x0000, 0x0000, 0x0000,
  0x0000, 0x0000, 0x0000, 0x0000, 0x0000, 0x0000, 0x0000, 0x0020, 0x0020, 0x0861, 0x0020, 0x0000,
  0x0000, 0x0000, 0x0000, 0x0000, 0x0000, 0x0020, 0x0841, 0x0000, 0x0000, 0x0000, 0x0000, 0x0000,
  0x0000, 0x0000, 0x0000, 0x0000, 0x0000, 0x0841, 0x0020, 0x0000, 0x0000, 0x0000, 0x0000, 0x0000,
  0x0000, 0x0000, 0x0000, 0x0000, 0x0000, 0x0000, 0x0000, 0x0000, 0x0000, 0x0000, 0x0000, 0x0000,
  0x0000, 0x0000, 0x0000, 0x0000, 0x0000, 0x0000, 0x0000, 0x0000, 0x0000, 0x0000, 0x0000, 0x0000,
  0x0020, 0x0020, 0x0000, 0x0000, 0x0000, 0x0000, 0x0000, 0x0000, 0x0000, 0x0020, 0x0020, 0x0000,
  0x0000, 0x0000, 0x0000, 0x0000, 0x0000, 0x0020, 0x0000, 0x0000, 0x0000, 0x0000, 0x0000, 0x0000,
  0x0000, 0x0000, 0x0000, 0x0000, 0x0000, 0x0000, 0x0000, 0x0000, 0x0000, 0x0000, 0x0000, 0x0020,
  0x1082, 0x0000, 0x0000, 0x0000, 0x0000, 0x0000, 0x0020, 0x0020, 0x0000, 0x0000, 0x0000, 0x0000,
  0x0000, 0x0000, 0x0000, 0x0000, 0x0000, 0x0000, 0x0000, 0x0000, 0x0000, 0x0000, 0x0000, 0x0000,
  0x0000, 0x0000, 0x0000, 0x0000, 0x0000, 0x0000, 0x0000, 0x0000, 0x0000, 0x0000, 0x0000, 0x0000,
  0x0000, 0x0000, 0x0000, 0x0000, 0x0000, 0x0000, 0x0000, 0x0000, 0x0000, 0x0000, 0x0000, 0x0000,
  0x0000, 0x0000, 0x0000, 0x0000, 0x0000, 0x0000, 0x0000, 0x0000, 0x0000, 0x0000, 0x0000, 0x0000,
  0x0000, 0x0841, 0x0841, 0x0000, 0x0000, 0x0000, 0x0000, 0x0000, 0x0000, 0x0000, 0x0000, 0x0000,
  0x0000, 0x0000, 0x0000, 0x0000, 0x0000, 0x0000, 0x0000, 0x0000, 0x0000, 0x0000, 0x0000, 0x0000,
  0x0000, 0x0000, 0x0000, 0x0000, 0x0000, 0x0000, 0x0000, 0x0000, 0x0000, 0x0000, 0x0000, 0x0000,
  0x0000, 0x0000, 0x0000, 0x0000, 0x0000, 0x0000, 0x0000, 0x0000, 0x0000, 0x0000, 0x0000, 0x0000,
  0x0020, 0x0000, 0x0000, 0x0000, 0x0000, 0x0000, 0x0000, 0x0000, 0x0000, 0x0000, 0x0000, 0x0000,
  0x0000, 0x0000, 0x0000, 0x0000, 0x0000, 0x0000, 0x0000, 0x0000, 0x0000, 0x0000, 0x0841, 0x0841,
  0x0000, 0x0000, 0x0000, 0x0000, 0x0000, 0x0000, 0x0000, 0x0000, 0x0000, 0x0000, 0x0000, 0x0000,
  0x0000, 0x0000, 0x0000, 0x0000, 0x0000, 0x0000, 0x0000, 0x0000, 0x0000, 0x0000, 0x0000, 0x0000,
  0x0000, 0x0000, 0x0000, 0x0000, 0x0000, 0x0000, 0x0000, 0x0000, 0x0000, 0x0000, 0x0000, 0x0000,
  0x0000, 0x0000, 0x0000, 0x0000, 0x0000, 0x0000, 0x0000, 0x0000, 0x0000, 0x0000, 0x0000, 0x0000,
  0x0000, 0x0000, 0x0000, 0x0000, 0x0000, 0x0000, 0x0000, 0x0000, 0x0000, 0x0000, 0x0000, 0x0000,
  0x0000, 0x0000, 0x0000, 0x0000, 0x0000, 0x0000, 0x0000, 0x0000, 0x0000, 0x0000, 0x0000, 0x0000,
  0x0000, 0x0000, 0x0000, 0x0000, 0x0000, 0x0000, 0x0000, 0x0000, 0x0000, 0x0000, 0x0000, 0x0000,
  0x0000, 0x0000, 0x0000, 0x0000, 0x0000, 0x0000, 0x0000, 0x0000, 0x0000, 0x0000, 0x0000, 0x0000,
  0x0000, 0x0000, 0x0000, 0x0000, 0x0000, 0x0841, 0x0000, 0x0000, 0x0000, 0x0000, 0x0000, 0x0000,
  0x0000, 0x0020, 0x0020, 0x0000, 0x0000, 0x0000, 0x0000, 0x0000, 0x0000, 0x0000, 0x0000, 0x0000,
  0x0000, 0x0000, 0x0000, 0x0000, 0x0000, 0x0000, 0x0000, 0x0000, 0x0000, 0x0000, 0x0000, 0x0000,
  0x0000, 0x0000, 0x0841, 0x0020, 0x0000, 0x0000, 0x0000, 0x0000, 0x0000, 0x0000, 0x0000, 0x0000,
  0x0000, 0x0000, 0x0000, 0x0000, 0x0000, 0x0020, 0x0000, 0x0000, 0x0020, 0x0020, 0x0000, 0x0000,
  0x0861, 0x0841, 0x0000, 0x0000, 0x0000, 0x0020, 0x0841, 0x0000, 0x0000, 0x0000, 0x0000, 0x0000,
  0x0020, 0x0000, 0x0000, 0x0000, 0x0000, 0x0000, 0x0000, 0x0000, 0x0000, 0x0000, 0x0000, 0x0000,
  0x0000, 0x0000, 0x0000, 0x0000, 0x0000, 0x0000, 0x0000, 0x0000, 0x0000, 0x0000, 0x0000, 0x0000,
  0x0000, 0x0000, 0x0861, 0x1082, 0x0000, 0x0000, 0x0000, 0x0000, 0x0000, 0x0000, 0x0000, 0x0000,
  0x0000, 0x0000, 0x0000, 0x0000, 0x0000, 0x0000, 0x0000, 0x0000, 0x0000, 0x0000, 0x0000, 0x0000,
  0x0000, 0x0000, 0x0000, 0x0000, 0x0000, 0x0000, 0x0000, 0x0000, 0x0000, 0x0000, 0x0000, 0x0000,
  0x0000, 0x0000, 0x0000, 0x0000, 0x0000, 0x0000, 0x0000, 0x0000, 0x0000, 0x0000, 0x0000, 0x0000,
  0x0000, 0x0000, 0x0000, 0x0000, 0x0000, 0x0000, 0x0000, 0x0000, 0x0000, 0x0020, 0x0020, 0x0000,
  0x0000, 0x0000, 0x0000, 0x0020, 0x0000, 0x0000, 0x0000, 0x0000, 0x0020, 0x0020, 0x0000, 0x0000,
  0x0000, 0x0000, 0x0000, 0x0000, 0x0000, 0x0000, 0x0000, 0x0000, 0x0000, 0x0020, 0x0000, 0x0020,
  0x0861, 0x0000, 0x0000, 0x0000, 0x0000, 0x0000, 0x0000, 0x0000, 0x0000, 0x0000, 0x0000, 0x0000,
  0x0000, 0x0000, 0x0000, 0x0000, 0x0000, 0x0000, 0x0000, 0x0000, 0x0000, 0x0000, 0x0000, 0x0000,
  0x0020, 0x0000, 0x0000, 0x0000, 0x0861, 0x0841, 0x0000, 0x0000, 0x0000, 0x0000, 0x0000, 0x0000,
  0x0000, 0x0000, 0x0000, 0x0000, 0x0000, 0x0000, 0x0841, 0x0841, 0x0000, 0x0000, 0x0000, 0x0000,
  0x0000, 0x0000, 0x0000, 0x0000, 0x0000, 0x0000, 0x0000, 0x0000, 0x0000, 0x0000, 0x0000, 0x0000,
  0x0000, 0x0000, 0x0000, 0x0000, 0x0000, 0x0000, 0x0000, 0x0000, 0x0000, 0x0020, 0x0000, 0x0000,
  0x0000, 0x0000, 0x0000, 0x0000, 0x0000, 0x0000, 0x0000, 0x0000, 0x0000, 0x0000, 0x0000, 0x0000,
  0x0000, 0x0000, 0x0000, 0x0000, 0x0000, 0x0000, 0x0000, 0x0000, 0x0020, 0x0020, 0x0000, 0x0000,
  0x0000, 0x0000, 0x0000, 0x0000, 0x0000, 0x0000, 0x0000, 0x0000, 0x0000, 0x0000, 0x0000, 0x0000,
  0x0000, 0x0000, 0x0000, 0x0000, 0x0000, 0x0000, 0x0000, 0x0000, 0x0000, 0x0000, 0x0000, 0x0000,
  0x0000, 0x0000, 0x0000, 0x0000, 0x0000, 0x0000, 0x0000, 0x0000, 0x0000, 0x0000, 0x0000, 0x0000,
  0x0000, 0x0000, 0x0000, 0x0000, 0x0000, 0x0000, 0x0000, 0x0000, 0x0000, 0x0000, 0x0000, 0x0000,
  0x0000, 0x0000, 0x0000, 0x0000, 0x0000, 0x0000, 0x0000, 0x0000, 0x0000, 0x0000, 0x0000, 0x0000,
  0x0000, 0x0000, 0x0000, 0x0000, 0x0000, 0x0000, 0x0000, 0x0000, 0x0000, 0x0000, 0x0000, 0x0000,
  0x0000, 0x0000, 0x0000, 0x0000, 0x0000, 0x0000, 0x0000, 0x0000, 0x0000, 0x0000, 0x0841, 0x0020,
  0x0000, 0x0000, 0x0000, 0x0000, 0x0000, 0x0000, 0x0020, 0x0000, 0x0020, 0x0841, 0x0020, 0x0000,
  0x0000, 0x0841, 0x0020, 0x0000, 0x0020, 0x0020, 0x0000, 0x0000, 0x0020, 0x0020, 0x0000, 0x0000,
  0x0020, 0x0861, 0x0020, 0x0000, 0x0000, 0x0000, 0x0000, 0x0000, 0x0020, 0x0000, 0x0000, 0x0000,
  0x0000, 0x0841, 0x0020, 0x0000, 0x0000, 0x0020, 0x0841, 0x0000, 0x0020, 0x0000, 0x0020, 0x0000,
  0x0000, 0x0000, 0x0000, 0x0000, 0x0000, 0x0000, 0x0000, 0x0000, 0x0000, 0x0000, 0x0000, 0x0000,
  0x0000, 0x0000, 0x0000, 0x0000, 0x0000, 0x0020, 0x0020, 0x0000, 0x0000, 0x0000, 0x0000, 0x0000,
  0x0000, 0x0000, 0x0000, 0x0000, 0x0000, 0x0000, 0x0000, 0x0000, 0x0000, 0x0000, 0x0000, 0x0000,
  0x0000, 0x0000, 0x0000, 0x0000, 0x0000, 0x0000, 0x0000, 0x0000, 0x0000, 0x0000, 0x0000, 0x0000,
  0x0000, 0x0821, 0x0000, 0x0000, 0x0000, 0x0000, 0x0000, 0x0000, 0x0000, 0x0000, 0x0000, 0x0000,
  0x0000, 0x0000, 0x0000, 0x0000, 0x0000, 0x0000, 0x0000, 0x0000, 0x0000, 0x0000, 0x0000, 0x0000,
  0x0000, 0x0861, 0x0841, 0x0000, 0x0020, 0x0020, 0x0000, 0x0000, 0x0000, 0x0000, 0x0000, 0x0000,
  0x0000, 0x0000, 0x0000, 0x0000, 0x0000, 0x0000, 0x0000, 0x0020, 0x0841, 0x0000, 0x0020, 0x0841,
  0x0000, 0x0000, 0x0000, 0x0000, 0x0000, 0x0000, 0x0000, 0x0000, 0x0000, 0x0000, 0x0000, 0x0000,
  0x0000, 0x0000, 0x0000, 0x0000, 0x0841, 0x0000, 0x0000, 0x0000, 0x0020, 0x0000, 0x0000, 0x0000,
  0x1082, 0x0841, 0x0000, 0x0000, 0x0000, 0x0000, 0x0000, 0x0000, 0x0000, 0x0000, 0x0000, 0x0000,
  0x0000, 0x0000, 0x0000, 0x0000, 0x0000, 0x0000, 0x0000, 0x0000, 0x0000, 0x0000, 0x0000, 0x0000,
  0x0000, 0x0000, 0x0000, 0x0000, 0x0000, 0x0000, 0x0861, 0x0000, 0x0841, 0x0000, 0x0020, 0x0020,
  0x0000, 0x0000, 0x0000, 0x0000, 0x0000, 0x0000, 0x0000, 0x0000, 0x0000, 0x0000, 0x0000, 0x0000,
  0x0000, 0x0000, 0x0000, 0x0000, 0x0000, 0x0000, 0x0000, 0x0000, 0x0000, 0x0000, 0x0000, 0x0000,
  0x0000, 0x0000, 0x0000, 0x0000, 0x0020, 0x0020, 0x0000, 0x0000, 0x0000, 0x0000, 0x0000, 0x0000,
  0x0000, 0x0000, 0x0000, 0x0000, 0x0000, 0x0000, 0x0020, 0x0000, 0x0000, 0x0000, 0x0000, 0x0000,
  0x0000, 0x0000, 0x0000, 0x0000, 0x0000, 0x0000, 0x0000, 0x0000, 0x0000, 0x0000, 0x0000, 0x0000,
  0x0000, 0x0000, 0x0000, 0x0000, 0x0000, 0x0000, 0x0000, 0x0020, 0x0000, 0x0000, 0x0000, 0x0000,
  0x0000, 0x0000, 0x0000, 0x0000, 0x0000, 0x0000, 0x0000, 0x0000, 0x0000, 0x0000, 0x0000, 0x0000,
  0x0000, 0x0000, 0x0000, 0x0000, 0x0000, 0x0000, 0x0000, 0x1082, 0x0861, 0x0000, 0x0000, 0x0000,
  0x0000, 0x0000, 0x0000, 0x0000, 0x0841, 0x0000, 0x0000, 0x0000, 0x0000, 0x0000, 0x0000, 0x0000,
  0x0000, 0x0000, 0x0000, 0x0000, 0x0000, 0x0000, 0x0000, 0x0000, 0x0000, 0x0000, 0x0000, 0x0000,
  0x0000, 0x0000, 0x0000, 0x0000, 0x0000, 0x0000, 0x0020, 0x0000, 0x0000, 0x0000, 0x0000, 0x0000,
  0x0000, 0x0000, 0x0000, 0x0000, 0x0000, 0x0000, 0x0020, 0x0000, 0x0841, 0x0841, 0x0020, 0x0000,
  0x0000, 0x0000, 0x0000, 0x0000, 0x0000, 0x0000, 0x0000, 0x0000, 0x0000, 0x0000, 0x0000, 0x0000,
  0x0000, 0x0020, 0x0841, 0x0000, 0x0000, 0x0000, 0x0000, 0x0000, 0x0000, 0x0000, 0x0000, 0x0000,
  0x0000, 0x0000, 0x0000, 0x0000, 0x0000, 0x0000, 0x0000, 0x0000, 0x0000, 0x0000, 0x0000, 0x0000,
  0x0000, 0x18C3, 0x10A2, 0x0000, 0x0000, 0x0000, 0x0000, 0x0000, 0x0000, 0x0000, 0x0000, 0x0000,
  0x0000, 0x0000, 0x0000, 0x0000, 0x0000, 0x0000, 0x0000, 0x0000, 0x0000, 0x0000, 0x0000, 0x0000,
  0x0000, 0x0000, 0x0000, 0x0000, 0x0000, 0x0000, 0x0000, 0x0000, 0x0000, 0x2945, 0x0861, 0x0000,
  0x0000, 0x0000, 0x0000, 0x0000, 0x0000, 0x0020, 0x0020, 0x0000, 0x0000, 0x0000, 0x0000, 0x0000,
  0x0000, 0x0841, 0x0000, 0x0000, 0x0000, 0x0000, 0x0000, 0x0000, 0x0000, 0x0841, 0x0020, 0x0000,
  0x0000, 0x0000, 0x0000, 0x0000, 0x0000, 0x0000, 0x0020, 0x0861, 0x0000, 0x0000, 0x0000, 0x0000,
  0x0000, 0x0000, 0x0000, 0x0000, 0x0000, 0x0000, 0x0020, 0x0020, 0x0000, 0x0000, 0x0000, 0x0000,
  0x0000, 0x0000, 0x0000, 0x0841, 0x0020, 0x0000, 0x0000, 0x0000, 0x0000, 0x0000, 0x0000, 0x0000,
  0x0020, 0x0000, 0x0000, 0x0000, 0x0000, 0x0000, 0x0000, 0x0000, 0x0000, 0x0000, 0x0000, 0x0000,
  0x0000, 0x0000, 0x0000, 0x0000, 0x0000, 0x0000, 0x0000, 0x0000, 0x0000, 0x0000, 0x0000, 0x0000,
  0x0000, 0x0000, 0x0000, 0x0000, 0x0000, 0x0000, 0x0000, 0x0000, 0x0000, 0x0000, 0x0000, 0x0000,
  0x0000, 0x0000, 0x0020, 0x0000, 0x0020, 0x0000, 0x0000, 0x0020, 0x0000, 0x0000, 0x0000, 0x0000,
  0x0000, 0x0000, 0x0000, 0x0000, 0x0000, 0x0000, 0x0000, 0x0020, 0x0861, 0x0000, 0x0000, 0x0000,
  0x0000, 0x0000, 0x0000, 0x0000, 0x0000, 0x0000, 0x0000, 0x0000, 0x0000, 0x0000, 0x0000, 0x0000,
  0x0000, 0x0000, 0x0000, 0x0000, 0x0000, 0x0000, 0x0000, 0x0000, 0x0000, 0x0000, 0x0000, 0x0000,
  0x0000, 0x0000, 0x0000, 0x0000, 0x0000, 0x0000, 0x0000, 0x0000, 0x0000, 0x0000, 0x0000, 0x0000,
  0x0000, 0x0000, 0x0000, 0x0000, 0x0000, 0x0000, 0x0000, 0x0000, 0x0000, 0x0000, 0x0000, 0x0000,
  0x0000, 0x0000, 0x0000, 0x0000, 0x0000, 0x0000, 0x0000, 0x0000, 0x0000, 0x0000, 0x0000, 0x0000,
  0x0000, 0x0000, 0x0000, 0x0000, 0x0000, 0x0000, 0x0000, 0x0000, 0x0000, 0x0000, 0x0000, 0x0000,
  0x0000, 0x0000, 0x0000, 0x0000, 0x0841, 0x0020, 0x0000, 0x0000, 0x0000, 0x0000, 0x0000, 0x0000,
  0x0841, 0x0000, 0x0000, 0x0000, 0x0000, 0x0000, 0x0000, 0x0000, 0x0000, 0x0000, 0x0000, 0x0000,
  0x0000, 0x0000, 0x0000, 0x0841, 0x0000, 0x0000, 0x0000, 0x0000, 0x0000, 0x0020, 0x0020, 0x0000,
  0x0000, 0x0000, 0x0000, 0x0000, 0x0000, 0x0000, 0x0000, 0x0000, 0x0000, 0x0000, 0x0000, 0x0000,
  0x0000, 0x0000, 0x0020, 0x0000, 0x0000, 0x0000, 0x0000, 0x0841, 0x0000, 0x0000, 0x0000, 0x0000,
  0x0000, 0x0000, 0x0000, 0x0000, 0x0000, 0x0000, 0x0000, 0x0000, 0x0000, 0x0000, 0x0000, 0x0000,
  0x0000, 0x0000, 0x0000, 0x0000, 0x0000, 0x0000, 0x0000, 0x0020, 0x0000, 0x0000, 0x0020, 0x0020,
  0x0000, 0x0000, 0x0000, 0x0000, 0x0000, 0x0000, 0x0000, 0x0000, 0x0000, 0x0000, 0x0000, 0x0000,
  0x0000, 0x0000, 0x0000, 0x0000, 0x0000, 0x0000, 0x0000, 0x0000, 0x0000, 0x0000, 0x0000, 0x0000,
  0x0000, 0x0000, 0x0000, 0x0000, 0x0000, 0x0000, 0x0000, 0x0000, 0x0000, 0x0000, 0x0000, 0x0000,
  0x0000, 0x0000, 0x0000, 0x0000, 0x0000, 0x0861, 0x0020, 0x0000, 0x0000, 0x0000, 0x0000, 0x0000,
  0x0000, 0x0000, 0x0020, 0x0000, 0x0000, 0x0000, 0x0000, 0x0000, 0x0000, 0x0000, 0x0000, 0x0000,
  0x0000, 0x0000, 0x0000, 0x0000, 0x0000, 0x0000, 0x0000, 0x0000, 0x0000, 0x0000, 0x0861, 0x1082,
  0x0000, 0x0000, 0x0000, 0x0000, 0x0000, 0x0000, 0x0000, 0x0000, 0x0000, 0x0000, 0x0000, 0x0000,
  0x0000, 0x0000, 0x0000, 0x0000, 0x0000, 0x0000, 0x0000, 0x0000, 0x0000, 0x0000, 0x0000, 0x0841,
  0x0020, 0x0000, 0x0000, 0x0000, 0x0000, 0x0000, 0x0000, 0x0000, 0x0000, 0x0000, 0x0000, 0x0000,
  0x0000, 0x0841, 0x0020, 0x0000, 0x0000, 0x0000, 0x0000, 0x0000, 0x0000, 0x0000, 0x18C3, 0x0020,
  0x0000, 0x0000, 0x0020, 0x0000, 0x0000, 0x0000, 0x0000, 0x0000, 0x0000, 0x0000, 0x0000, 0x0000,
  0x0000, 0x0000, 0x0000, 0x0000, 0x0000, 0x0000, 0x0000, 0x0000, 0x0000, 0x0000, 0x0000, 0x0020,
  0x0020, 0x0000, 0x0000, 0x0000, 0x1082, 0x0841, 0x0000, 0x0000, 0x0000, 0x0000, 0x0000, 0x0000,
  0x0000, 0x0000, 0x0000, 0x0020, 0x0841, 0x0000, 0x0000, 0x0000, 0x0000, 0x0000, 0x0000, 0x0000,
  0x0000, 0x0000, 0x0000, 0x0000, 0x0000, 0x0000, 0x0000, 0x0000, 0x0000, 0x0000, 0x0000, 0x0000,
  0x0000, 0x0000, 0x0000, 0x0000, 0x0000, 0x0000, 0x0000, 0x0000, 0x0000, 0x0000, 0x0000, 0x0000,
  0x0000, 0x0000, 0x0000, 0x0000, 0x0000, 0x0000, 0x0000, 0x0000, 0x0000, 0x0000, 0x0020, 0x0841,
  0x0000, 0x0000, 0x0000, 0x0000, 0x0000, 0x0000, 0x0000, 0x0000, 0x0020, 0x0000, 0x0000, 0x0000,
  0x0000, 0x0000, 0x0000, 0x0000, 0x0000, 0x0000, 0x0000, 0x0000, 0x0000, 0x0000, 0x0000, 0x0000,
  0x0000, 0x0000, 0x0020, 0x0000, 0x0000, 0x0000, 0x0000, 0x0000, 0x0000, 0x0000, 0x0000, 0x0000,
  0x0841, 0x0000, 0x0000, 0x0000, 0x0000, 0x0000, 0x0000, 0x0000, 0x0000, 0x0000, 0x0000, 0x0000,
  0x0000, 0x0000, 0x0000, 0x0000, 0x0000, 0x0000, 0x0000, 0x0020, 0x0000, 0x0000, 0x0000, 0x0020,
  0x0000, 0x0000, 0x0000, 0x0000, 0x0000, 0x0020, 0x0861, 0x0000, 0x0000, 0x0000, 0x0000, 0x0000,
  0x0000, 0x0000, 0x0000, 0x0000, 0x0000, 0x0000, 0x0000, 0x0000, 0x0000, 0x0000, 0x0000, 0x0000,
  0x0000, 0x0000, 0x0020, 0x0020, 0x0000, 0x0000, 0x0000, 0x0841, 0x0000, 0x0000, 0x0000, 0x0000,
  0x0000, 0x0000, 0x0000, 0x0000, 0x0000, 0x0000, 0x0000, 0x0000, 0x0000, 0x0000, 0x0000, 0x0000,
  0x0000, 0x0000, 0x0000, 0x0000, 0x0000, 0x0000, 0x0020, 0x0841, 0x0000, 0x0000, 0x0000, 0x0000,
  0x0000, 0x0000, 0x0000, 0x0000, 0x0000, 0x0000, 0x0000, 0x0000, 0x0000, 0x0000, 0x0000, 0x0000,
  0x0000, 0x0000, 0x0000, 0x0000, 0x0000, 0x0000, 0x0000, 0x0000, 0x0000, 0x0000, 0x0020, 0x0000,
  0x0000, 0x0000, 0x0000, 0x0000, 0x0000, 0x0020, 0x0020, 0x0000, 0x0000, 0x0000, 0x0000, 0x0000,
  0x0000, 0x0000, 0x0000, 0x0000, 0x0000, 0x0000, 0x0000, 0x0000, 0x0000, 0x0000, 0x0000, 0x0000,
  0x0000, 0x0000, 0x0000, 0x0000, 0x0000, 0x0000, 0x0000, 0x0000, 0x0000, 0x0000, 0x0000, 0x0000,
  0x0000, 0x0000, 0x0000, 0x0000, 0x0000, 0x0000, 0x0000, 0x0000, 0x0000, 0x0000, 0x0000, 0x0000,
  0x0000, 0x0000, 0x0000, 0x0000, 0x0000, 0x0000, 0x0861, 0x0000, 0x0000, 0x0000, 0x0000, 0x0000,
  0x0000, 0x0000, 0x0000, 0x0000, 0x0000, 0x0000, 0x0000, 0x0000, 0x0000, 0x0000, 0x0000, 0x0000,
  0x0000, 0x0000, 0x0000, 0x0000, 0x0000, 0x0020, 0x0000, 0x0000, 0x0000, 0x0020, 0x0020, 0x0000,
  0x0000, 0x0000, 0x0000, 0x0000, 0x0000, 0x0000, 0x0020, 0x0000, 0x0000, 0x0000, 0x0020, 0x0000,
  0x0000, 0x0000, 0x0000, 0x0000, 0x0000, 0x0000, 0x0000, 0x0000, 0x0000, 0x0000, 0x0000, 0x0000,
  0x0000, 0x0000, 0x0000, 0x0000, 0x0000, 0x0000, 0x0000, 0x0000, 0x0020, 0x0000, 0x0000, 0x0020,
  0x39C7, 0x18A3, 0x0000, 0x0000, 0x0000, 0x0020, 0x0020, 0x0000, 0x0000, 0x0000, 0x0000, 0x0000,
  0x0000, 0x0000, 0x0000, 0x0000, 0x0000, 0x0000, 0x0000, 0x0000, 0x0000, 0x0000, 0x0000, 0x0000,
  0x0000, 0x0000, 0x0000, 0x0000, 0x0000, 0x0000, 0x0000, 0x0000, 0x0000, 0x0000, 0x0000, 0x0000,
  0x0000, 0x0000, 0x0000, 0x0000, 0x0000, 0x0000, 0x0000, 0x0000, 0x0000, 0x0000, 0x0000, 0x0000,
  0x0000, 0x0000, 0x0000, 0x0000, 0x0000, 0x0000, 0x0000, 0x0020, 0x0000, 0x0000, 0x0000, 0x0000,
  0x0000, 0x0000, 0x0000, 0x0000, 0x1082, 0x0020, 0x0000, 0x0000, 0x0000, 0x0000, 0x0000, 0x0000,
  0x0000, 0x0000, 0x0000, 0x0000, 0x0000, 0x0000, 0x0000, 0x0000, 0x0861, 0x0020, 0x0841, 0x0000,
  0x0000, 0x0000, 0x0000, 0x0000, 0x0000, 0x0000, 0x0000, 0x0000, 0x0000, 0x0000, 0x0000, 0x0000,
  0x0000, 0x0000, 0x0000, 0x0000, 0x0000, 0x0020, 0x0020, 0x0000, 0x0020, 0x0020, 0x0000, 0x0000,
  0x0000, 0x0000, 0x0000, 0x0861, 0x0020, 0x0000, 0x0000, 0x0000, 0x0020, 0x0000, 0x0000, 0x0000,
  0x0000, 0x0000, 0x0000, 0x0000, 0x0000, 0x0000, 0x0000, 0x0000, 0x0000, 0x0000, 0x0020, 0x0020,
  0x0000, 0x0020, 0x0000, 0x0000, 0x0000, 0x0000, 0x0000, 0x0000, 0x0000, 0x0000, 0x0000, 0x0000,
  0x0000, 0x0000, 0x0000, 0x0020, 0x0000, 0x0000, 0x0000, 0x0020, 0x0000, 0x0000, 0x0000, 0x0000,
  0x0000, 0x0000, 0x0000, 0x0000, 0x0000, 0x0000, 0x0000, 0x0000, 0x0000, 0x0000, 0x0000, 0x0000,
  0x0000, 0x0000, 0x0000, 0x0000, 0x0000, 0x0000, 0x0000, 0x0000, 0x0000, 0x0000, 0x0000, 0x0000,
  0x0000, 0x0000, 0x0000, 0x0000, 0x0000, 0x0000, 0x0000, 0x0000, 0x0000, 0x0000, 0x0000, 0x0000,
  0x0000, 0x0000, 0x0000, 0x0000, 0x0000, 0x0000, 0x0841, 0x0020, 0x0000, 0x0000, 0x0000, 0x0000,
  0x0000, 0x0000, 0x0000, 0x0000, 0x0000, 0x0000, 0x0000, 0x0000, 0x0000, 0x0000, 0x0000, 0x0000,
  0x0000, 0x0000, 0x0000, 0x0000, 0x0000, 0x0000, 0x0000, 0x0000, 0x0000, 0x0000, 0x0000, 0x0000,
  0x0000, 0x0000, 0x0000, 0x0000, 0x0000, 0x0000, 0x0020, 0x10A2, 0x0000, 0x0000, 0x0000, 0x0000,
  0x0000, 0x0000, 0x0000, 0x0000, 0x0000, 0x0000, 0x0000, 0x0000, 0x0000, 0x0000, 0x0000, 0x0000,
  0x0000, 0x0000, 0x0841, 0x0000, 0x0000, 0x0000, 0x0000, 0x0000, 0x0000, 0x0000, 0x0000, 0x0000,
  0x0000, 0x0000, 0x0000, 0x0000, 0x0000, 0x0000, 0x0000, 0x0000, 0x0000, 0x0000, 0x0000, 0x0000,
  0x0000, 0x0020, 0x0000, 0x0000, 0x0000, 0x0000, 0x0000, 0x0000, 0x0000, 0x0000, 0x0000, 0x0000,
  0x0000, 0x0000, 0x0000, 0x0000, 0x0000, 0x0000, 0x0000, 0x0000, 0x0000, 0x0000, 0x0000, 0x0000,
  0x0000, 0x0000, 0x0000, 0x0000, 0x0000, 0x0000, 0x0020, 0x0020, 0x0020, 0x0020, 0x0000, 0x0000,
  0x0000, 0x0000, 0x0000, 0x0000, 0x0020, 0x0020, 0x0000, 0x0000, 0x0020, 0x0000, 0x0000, 0x0000,
  0x0000, 0x0000, 0x0000, 0x0000, 0x0000, 0x0000, 0x0000, 0x0000, 0x0000, 0x0000, 0x0000, 0x0000,
  0x0000, 0x0000, 0x0000, 0x0000, 0x0000, 0x0000, 0x0000, 0x0000, 0x0000, 0x0000, 0x0000, 0x0000,
  0x0000, 0x0000, 0x0000, 0x0000, 0x0000, 0x0000, 0x0000, 0x0000, 0x0000, 0x0000, 0x0000, 0x0000,
  0x0000, 0x0000, 0x0000, 0x0000, 0x0000, 0x0000, 0x0000, 0x0000, 0x0000, 0x0000, 0x0000, 0x0000,
  0x0000, 0x0000, 0x0000, 0x0000, 0x0000, 0x0000, 0x0000, 0x0841, 0x0000, 0x0000, 0x0000, 0x0000,
  0x0000, 0x0000, 0x0000, 0x0000, 0x0000, 0x0000, 0x0841, 0x0000, 0x0000, 0x0000, 0x0000, 0x0000,
  0x0000, 0x0000, 0x0000, 0x0000, 0x0841, 0x0000, 0x0000, 0x0000, 0x0000, 0x0000, 0x0000, 0x0000,
  0x0000, 0x0000, 0x0000, 0x0000, 0x0000, 0x0000, 0x0000, 0x0000, 0x0000, 0x0000, 0x0000, 0x0000,
  0x0000, 0x0841, 0x0020, 0x0000, 0x0020, 0x0841, 0x0000, 0x0000, 0x0000, 0x0000, 0x0000, 0x0000,
  0x0000, 0x0000, 0x0000, 0x0000, 0x0020, 0x0000, 0x0000, 0x0000, 0x0000, 0x0000, 0x0000, 0x0000,
  0x0000, 0x0000, 0x0000, 0x0000, 0x0000, 0x0000, 0x0020, 0x0000, 0x0000, 0x0020, 0x0000, 0x0000,
  0x0000, 0x0000, 0x0000, 0x0000, 0x0000, 0x0861, 0x0841, 0x0000, 0x0000, 0x0000, 0x0000, 0x18E3
};
